"id","line_no","original_line","mutated_line","source_filepath"
"bean_1",133,"descriptorsCache.setFast(true);","// removed call to setFast()","org/apache/commons/beanutils/PropertyUtilsBean.java"
"bean_2",135,"mappedDescriptorsCache.setFast(true);","// removed call to setFast()","org/apache/commons/beanutils/PropertyUtilsBean.java"
"bean_3",137,"resetBeanIntrospectors();","// removed call to resetBeanIntrospectors()","org/apache/commons/beanutils/PropertyUtilsBean.java"
"bean_4",204,"if (introspector == null) {","if (false) {","org/apache/commons/beanutils/PropertyUtilsBean.java"
"bean_5",204,"if (introspector == null) {","if (true) {","org/apache/commons/beanutils/PropertyUtilsBean.java"
"bean_6",230,"descriptorsCache.clear();","// removed call to clear()","org/apache/commons/beanutils/PropertyUtilsBean.java"
"bean_7",231,"mappedDescriptorsCache.clear();","// removed call to clear()","org/apache/commons/beanutils/PropertyUtilsBean.java"
"bean_8",232,"Introspector.flushCaches();","// removed call to flushCaches()","org/apache/commons/beanutils/PropertyUtilsBean.java"
"bean_9",272,"if (dest == null) {","if (false) {","org/apache/commons/beanutils/PropertyUtilsBean.java"
"bean_10",272,"if (dest == null) {","if (true) {","org/apache/commons/beanutils/PropertyUtilsBean.java"
"bean_11",276,"if (orig == null) {","if (false) {","org/apache/commons/beanutils/PropertyUtilsBean.java"
"bean_12",276,"if (orig == null) {","if (true) {","org/apache/commons/beanutils/PropertyUtilsBean.java"
"bean_13",280,"if (orig instanceof DynaBean) {","if (false) {","org/apache/commons/beanutils/PropertyUtilsBean.java"
"bean_14",280,"if (orig instanceof DynaBean) {","if (true) {","org/apache/commons/beanutils/PropertyUtilsBean.java"
"bean_15",285,"if (isReadable(orig, name) && isWriteable(dest, name)) {","if (isReadable(orig, name) && false) {","org/apache/commons/beanutils/PropertyUtilsBean.java"
"bean_16",285,"if (isReadable(orig, name) && isWriteable(dest, name)) {","if (isReadable(orig, name) && true) {","org/apache/commons/beanutils/PropertyUtilsBean.java"
"bean_17",285,"if (isReadable(orig, name) && isWriteable(dest, name)) {","if (false) {","org/apache/commons/beanutils/PropertyUtilsBean.java"
"bean_18",285,"if (isReadable(orig, name) && isWriteable(dest, name)) {","if (true) {","org/apache/commons/beanutils/PropertyUtilsBean.java"
"bean_19",288,"if (dest instanceof DynaBean) {","if (false) {","org/apache/commons/beanutils/PropertyUtilsBean.java"
"bean_20",288,"if (dest instanceof DynaBean) {","if (true) {","org/apache/commons/beanutils/PropertyUtilsBean.java"
"bean_21",289,"((DynaBean) dest).set(name, value);","((DynaBean) dest).  // removed call to set()","org/apache/commons/beanutils/PropertyUtilsBean.java"
"bean_22",291,"setSimpleProperty(dest, name, value);","// removed call to setSimpleProperty()","org/apache/commons/beanutils/PropertyUtilsBean.java"
"bean_23",300,"} else if (orig instanceof Map) {","} else if (false) {","org/apache/commons/beanutils/PropertyUtilsBean.java"
"bean_24",300,"} else if (orig instanceof Map) {","} else if (true) {","org/apache/commons/beanutils/PropertyUtilsBean.java"
"bean_25",305,"if (isWriteable(dest, name)) {","if (false) {","org/apache/commons/beanutils/PropertyUtilsBean.java"
"bean_26",305,"if (isWriteable(dest, name)) {","if (true) {","org/apache/commons/beanutils/PropertyUtilsBean.java"
"bean_27",307,"if (dest instanceof DynaBean) {","if (false) {","org/apache/commons/beanutils/PropertyUtilsBean.java"
"bean_28",307,"if (dest instanceof DynaBean) {","if (true) {","org/apache/commons/beanutils/PropertyUtilsBean.java"
"bean_29",308,"((DynaBean) dest).set(name, entry.getValue());","((DynaBean) dest).set(name, entry.getValue());  // removed call to set()","org/apache/commons/beanutils/PropertyUtilsBean.java"
"bean_30",310,"setSimpleProperty(dest, name, entry.getValue());","setSimpleProperty(dest, name, entry.getValue());  // removed call to setSimpleProperty()","org/apache/commons/beanutils/PropertyUtilsBean.java"
"bean_31",324,"if (isReadable(orig, name) && isWriteable(dest, name)) {","if (isReadable(orig, name) && false) {","org/apache/commons/beanutils/PropertyUtilsBean.java"
"bean_32",324,"if (isReadable(orig, name) && isWriteable(dest, name)) {","if (isReadable(orig, name) && true) {","org/apache/commons/beanutils/PropertyUtilsBean.java"
"bean_33",324,"if (isReadable(orig, name) && isWriteable(dest, name)) {","if (false) {","org/apache/commons/beanutils/PropertyUtilsBean.java"
"bean_34",324,"if (isReadable(orig, name) && isWriteable(dest, name)) {","if (true) {","org/apache/commons/beanutils/PropertyUtilsBean.java"
"bean_35",327,"if (dest instanceof DynaBean) {","if (false) {","org/apache/commons/beanutils/PropertyUtilsBean.java"
"bean_36",327,"if (dest instanceof DynaBean) {","if (true) {","org/apache/commons/beanutils/PropertyUtilsBean.java"
"bean_37",328,"((DynaBean) dest).set(name, value);","((DynaBean) dest).  // removed call to set()","org/apache/commons/beanutils/PropertyUtilsBean.java"
"bean_38",330,"setSimpleProperty(dest, name, value);","// removed call to setSimpleProperty()","org/apache/commons/beanutils/PropertyUtilsBean.java"
"bean_39",367,"if (bean == null) {","if (false) {","org/apache/commons/beanutils/PropertyUtilsBean.java"
"bean_40",367,"if (bean == null) {","if (true) {","org/apache/commons/beanutils/PropertyUtilsBean.java"
"bean_41",371,"if (bean instanceof DynaBean) {","if (false) {","org/apache/commons/beanutils/PropertyUtilsBean.java"
"bean_42",371,"if (bean instanceof DynaBean) {","if (true) {","org/apache/commons/beanutils/PropertyUtilsBean.java"
"bean_43",383,"if (descriptor.getReadMethod() != null) {","if (false) {","org/apache/commons/beanutils/PropertyUtilsBean.java"
"bean_44",383,"if (descriptor.getReadMethod() != null) {","if (true) {","org/apache/commons/beanutils/PropertyUtilsBean.java"
"bean_45",388,"return (description);","return Collections.emptyMap();","org/apache/commons/beanutils/PropertyUtilsBean.java"
"bean_46",2246,"bi.introspect(ictx);","// removed call to introspect()","org/apache/commons/beanutils/PropertyUtilsBean.java"
"bean_47",2252,"return new BeanIntrospectionData(ictx.getPropertyDescriptors());","return null;","org/apache/commons/beanutils/PropertyUtilsBean.java"
"bean_48",421,"if (bean == null) {","if (false) {","org/apache/commons/beanutils/PropertyUtilsBean.java"
"bean_49",421,"if (bean == null) {","if (true) {","org/apache/commons/beanutils/PropertyUtilsBean.java"
"bean_50",424,"if (name == null) {","if (false) {","org/apache/commons/beanutils/PropertyUtilsBean.java"
"bean_51",424,"if (name == null) {","if (true) {","org/apache/commons/beanutils/PropertyUtilsBean.java"
"bean_52",438,"if (index < 0) {","if (index <= 0) {","org/apache/commons/beanutils/PropertyUtilsBean.java"
"bean_53",438,"if (index < 0) {","if (false) {","org/apache/commons/beanutils/PropertyUtilsBean.java"
"bean_54",438,"if (index < 0) {","if (true) {","org/apache/commons/beanutils/PropertyUtilsBean.java"
"bean_55",447,"return (getIndexedProperty(bean, name, index));","return null;","org/apache/commons/beanutils/PropertyUtilsBean.java"
"bean_56",479,"if (bean == null) {","if (false) {","org/apache/commons/beanutils/PropertyUtilsBean.java"
"bean_57",479,"if (bean == null) {","if (true) {","org/apache/commons/beanutils/PropertyUtilsBean.java"
"bean_58",482,"if (name == null || name.length() == 0) {","if (false || name.length() == 0) {","org/apache/commons/beanutils/PropertyUtilsBean.java"
"bean_59",482,"if (name == null || name.length() == 0) {","if (true || name.length() == 0) {","org/apache/commons/beanutils/PropertyUtilsBean.java"
"bean_60",482,"if (name == null || name.length() == 0) {","if (name == null || false) {","org/apache/commons/beanutils/PropertyUtilsBean.java"
"bean_61",482,"if (name == null || name.length() == 0) {","if (name == null || true) {","org/apache/commons/beanutils/PropertyUtilsBean.java"
"bean_62",483,"if (bean.getClass().isArray()) {","if (false) {","org/apache/commons/beanutils/PropertyUtilsBean.java"
"bean_63",483,"if (bean.getClass().isArray()) {","if (true) {","org/apache/commons/beanutils/PropertyUtilsBean.java"
"bean_64",484,"return Array.get(bean, index);","return null;","org/apache/commons/beanutils/PropertyUtilsBean.java"
"bean_65",485,"} else if (bean instanceof List) {","} else if (false) {","org/apache/commons/beanutils/PropertyUtilsBean.java"
"bean_66",485,"} else if (bean instanceof List) {","} else if (true) {","org/apache/commons/beanutils/PropertyUtilsBean.java"
"bean_67",486,"return ((List<?>)bean).get(index);","return null;","org/apache/commons/beanutils/PropertyUtilsBean.java"
"bean_68",489,"if (name == null) {","if (false) {","org/apache/commons/beanutils/PropertyUtilsBean.java"
"bean_69",489,"if (name == null) {","if (true) {","org/apache/commons/beanutils/PropertyUtilsBean.java"
"bean_70",495,"if (bean instanceof DynaBean) {","if (false) {","org/apache/commons/beanutils/PropertyUtilsBean.java"
"bean_71",495,"if (bean instanceof DynaBean) {","if (true) {","org/apache/commons/beanutils/PropertyUtilsBean.java"
"bean_72",498,"if (descriptor == null) {","if (false) {","org/apache/commons/beanutils/PropertyUtilsBean.java"
"bean_73",498,"if (descriptor == null) {","if (true) {","org/apache/commons/beanutils/PropertyUtilsBean.java"
"bean_74",502,"return (((DynaBean) bean).get(name, index));","return null;","org/apache/commons/beanutils/PropertyUtilsBean.java"
"bean_75",508,"if (descriptor == null) {","if (false) {","org/apache/commons/beanutils/PropertyUtilsBean.java"
"bean_76",508,"if (descriptor == null) {","if (true) {","org/apache/commons/beanutils/PropertyUtilsBean.java"
"bean_77",514,"if (descriptor instanceof IndexedPropertyDescriptor) {","if (false) {","org/apache/commons/beanutils/PropertyUtilsBean.java"
"bean_78",514,"if (descriptor instanceof IndexedPropertyDescriptor) {","if (true) {","org/apache/commons/beanutils/PropertyUtilsBean.java"
"bean_79",518,"if (readMethod != null) {","if (false) {","org/apache/commons/beanutils/PropertyUtilsBean.java"
"bean_80",518,"if (readMethod != null) {","if (true) {","org/apache/commons/beanutils/PropertyUtilsBean.java"
"bean_81",522,"return (invokeMethod(readMethod,bean, subscript));","return null;","org/apache/commons/beanutils/PropertyUtilsBean.java"
"bean_82",524,"if (e.getTargetException() instanceof","if (false) instanceof","org/apache/commons/beanutils/PropertyUtilsBean.java"
"bean_83",524,"if (e.getTargetException() instanceof","if (true) instanceof","org/apache/commons/beanutils/PropertyUtilsBean.java"
"bean_84",537,"if (readMethod == null) {","if (false) {","org/apache/commons/beanutils/PropertyUtilsBean.java"
"bean_85",537,"if (readMethod == null) {","if (true) {","org/apache/commons/beanutils/PropertyUtilsBean.java"
"bean_86",544,"if (!value.getClass().isArray()) {","if (false) {","org/apache/commons/beanutils/PropertyUtilsBean.java"
"bean_87",544,"if (!value.getClass().isArray()) {","if (true) {","org/apache/commons/beanutils/PropertyUtilsBean.java"
"bean_88",545,"if (!(value instanceof java.util.List)) {","if (!(false)) {","org/apache/commons/beanutils/PropertyUtilsBean.java"
"bean_89",545,"if (!(value instanceof java.util.List)) {","if (!(true)) {","org/apache/commons/beanutils/PropertyUtilsBean.java"
"bean_90",550,"return ((java.util.List<?>) value).get(index);","return null;","org/apache/commons/beanutils/PropertyUtilsBean.java"
"bean_91",555,"return (Array.get(value, index));","return null;","org/apache/commons/beanutils/PropertyUtilsBean.java"
"bean_92",107,"return BeanUtilsBean.getInstance().getPropertyUtils();","return null;","org/apache/commons/beanutils/PropertyUtilsBean.java"
"bean_93",2220,"if (beanClass == null) {","if (false) {","org/apache/commons/beanutils/PropertyUtilsBean.java"
"bean_94",2220,"if (beanClass == null) {","if (true) {","org/apache/commons/beanutils/PropertyUtilsBean.java"
"bean_95",2226,"if (data == null) {","if (false) {","org/apache/commons/beanutils/PropertyUtilsBean.java"
"bean_96",2226,"if (data == null) {","if (true) {","org/apache/commons/beanutils/PropertyUtilsBean.java"
"bean_97",2231,"return data;","return null;","org/apache/commons/beanutils/PropertyUtilsBean.java"
"bean_98",589,"if (bean == null) {","if (false) {","org/apache/commons/beanutils/PropertyUtilsBean.java"
"bean_99",589,"if (bean == null) {","if (true) {","org/apache/commons/beanutils/PropertyUtilsBean.java"
"bean_100",592,"if (name == null) {","if (false) {","org/apache/commons/beanutils/PropertyUtilsBean.java"
"bean_101",592,"if (name == null) {","if (true) {","org/apache/commons/beanutils/PropertyUtilsBean.java"
"bean_102",606,"if (key == null) {","if (false) {","org/apache/commons/beanutils/PropertyUtilsBean.java"
"bean_103",606,"if (key == null) {","if (true) {","org/apache/commons/beanutils/PropertyUtilsBean.java"
"bean_104",615,"return (getMappedProperty(bean, name, key));","return null;","org/apache/commons/beanutils/PropertyUtilsBean.java"
"bean_105",641,"if (bean == null) {","if (false) {","org/apache/commons/beanutils/PropertyUtilsBean.java"
"bean_106",641,"if (bean == null) {","if (true) {","org/apache/commons/beanutils/PropertyUtilsBean.java"
"bean_107",644,"if (name == null) {","if (false) {","org/apache/commons/beanutils/PropertyUtilsBean.java"
"bean_108",644,"if (name == null) {","if (true) {","org/apache/commons/beanutils/PropertyUtilsBean.java"
"bean_109",648,"if (key == null) {","if (false) {","org/apache/commons/beanutils/PropertyUtilsBean.java"
"bean_110",648,"if (key == null) {","if (true) {","org/apache/commons/beanutils/PropertyUtilsBean.java"
"bean_111",654,"if (bean instanceof DynaBean) {","if (false) {","org/apache/commons/beanutils/PropertyUtilsBean.java"
"bean_112",654,"if (bean instanceof DynaBean) {","if (true) {","org/apache/commons/beanutils/PropertyUtilsBean.java"
"bean_113",657,"if (descriptor == null) {","if (false) {","org/apache/commons/beanutils/PropertyUtilsBean.java"
"bean_114",657,"if (descriptor == null) {","if (true) {","org/apache/commons/beanutils/PropertyUtilsBean.java"
"bean_115",661,"return (((DynaBean) bean).get(name, key));","return null;","org/apache/commons/beanutils/PropertyUtilsBean.java"
"bean_116",668,"if (descriptor == null) {","if (false) {","org/apache/commons/beanutils/PropertyUtilsBean.java"
"bean_117",668,"if (descriptor == null) {","if (true) {","org/apache/commons/beanutils/PropertyUtilsBean.java"
"bean_118",673,"if (descriptor instanceof MappedPropertyDescriptor) {","if (false) {","org/apache/commons/beanutils/PropertyUtilsBean.java"
"bean_119",673,"if (descriptor instanceof MappedPropertyDescriptor) {","if (true) {","org/apache/commons/beanutils/PropertyUtilsBean.java"
"bean_120",678,"if (readMethod != null) {","if (false) {","org/apache/commons/beanutils/PropertyUtilsBean.java"
"bean_121",678,"if (readMethod != null) {","if (true) {","org/apache/commons/beanutils/PropertyUtilsBean.java"
"bean_122",690,"if (readMethod != null) {","if (false) {","org/apache/commons/beanutils/PropertyUtilsBean.java"
"bean_123",690,"if (readMethod != null) {","if (true) {","org/apache/commons/beanutils/PropertyUtilsBean.java"
"bean_124",693,"if (invokeResult instanceof java.util.Map) {","if (false) {","org/apache/commons/beanutils/PropertyUtilsBean.java"
"bean_125",693,"if (invokeResult instanceof java.util.Map) {","if (true) {","org/apache/commons/beanutils/PropertyUtilsBean.java"
"bean_126",702,"return result;","return null;","org/apache/commons/beanutils/PropertyUtilsBean.java"
"bean_127",719,"if (beanClass == null) {","if (false) {","org/apache/commons/beanutils/PropertyUtilsBean.java"
"bean_128",719,"if (beanClass == null) {","if (true) {","org/apache/commons/beanutils/PropertyUtilsBean.java"
"bean_129",724,"return mappedDescriptorsCache.get(beanClass);","return null;","org/apache/commons/beanutils/PropertyUtilsBean.java"
"bean_130",741,"if (bean == null) {","if (false) {","org/apache/commons/beanutils/PropertyUtilsBean.java"
"bean_131",741,"if (bean == null) {","if (true) {","org/apache/commons/beanutils/PropertyUtilsBean.java"
"bean_132",744,"return (getMappedPropertyDescriptors(bean.getClass()));","return null;","org/apache/commons/beanutils/PropertyUtilsBean.java"
"bean_133",772,"if (bean == null) {","if (false) {","org/apache/commons/beanutils/PropertyUtilsBean.java"
"bean_134",772,"if (bean == null) {","if (true) {","org/apache/commons/beanutils/PropertyUtilsBean.java"
"bean_135",775,"if (name == null) {","if (false) {","org/apache/commons/beanutils/PropertyUtilsBean.java"
"bean_136",775,"if (name == null) {","if (true) {","org/apache/commons/beanutils/PropertyUtilsBean.java"
"bean_137",781,"while (resolver.hasNested(name)) {","while (false) {","org/apache/commons/beanutils/PropertyUtilsBean.java"
"bean_138",781,"while (resolver.hasNested(name)) {","while (true) {","org/apache/commons/beanutils/PropertyUtilsBean.java"
"bean_139",784,"if (bean instanceof Map) {","if (false) {","org/apache/commons/beanutils/PropertyUtilsBean.java"
"bean_140",784,"if (bean instanceof Map) {","if (true) {","org/apache/commons/beanutils/PropertyUtilsBean.java"
"bean_141",786,"} else if (resolver.isMapped(next)) {","} else if (false) {","org/apache/commons/beanutils/PropertyUtilsBean.java"
"bean_142",786,"} else if (resolver.isMapped(next)) {","} else if (true) {","org/apache/commons/beanutils/PropertyUtilsBean.java"
"bean_143",788,"} else if (resolver.isIndexed(next)) {","} else if (false) {","org/apache/commons/beanutils/PropertyUtilsBean.java"
"bean_144",788,"} else if (resolver.isIndexed(next)) {","} else if (true) {","org/apache/commons/beanutils/PropertyUtilsBean.java"
"bean_145",793,"if (nestedBean == null) {","if (false) {","org/apache/commons/beanutils/PropertyUtilsBean.java"
"bean_146",793,"if (nestedBean == null) {","if (true) {","org/apache/commons/beanutils/PropertyUtilsBean.java"
"bean_147",802,"if (bean instanceof Map) {","if (false) {","org/apache/commons/beanutils/PropertyUtilsBean.java"
"bean_148",802,"if (bean instanceof Map) {","if (true) {","org/apache/commons/beanutils/PropertyUtilsBean.java"
"bean_149",804,"} else if (resolver.isMapped(name)) {","} else if (false) {","org/apache/commons/beanutils/PropertyUtilsBean.java"
"bean_150",804,"} else if (resolver.isMapped(name)) {","} else if (true) {","org/apache/commons/beanutils/PropertyUtilsBean.java"
"bean_151",806,"} else if (resolver.isIndexed(name)) {","} else if (false) {","org/apache/commons/beanutils/PropertyUtilsBean.java"
"bean_152",806,"} else if (resolver.isIndexed(name)) {","} else if (true) {","org/apache/commons/beanutils/PropertyUtilsBean.java"
"bean_153",811,"return bean;","return null;","org/apache/commons/beanutils/PropertyUtilsBean.java"
"bean_154",885,"return (getNestedProperty(bean, name));","return null;","org/apache/commons/beanutils/PropertyUtilsBean.java"
"bean_155",925,"if (bean == null) {","if (false) {","org/apache/commons/beanutils/PropertyUtilsBean.java"
"bean_156",925,"if (bean == null) {","if (true) {","org/apache/commons/beanutils/PropertyUtilsBean.java"
"bean_157",928,"if (name == null) {","if (false) {","org/apache/commons/beanutils/PropertyUtilsBean.java"
"bean_158",928,"if (name == null) {","if (true) {","org/apache/commons/beanutils/PropertyUtilsBean.java"
"bean_159",934,"while (resolver.hasNested(name)) {","while (false) {","org/apache/commons/beanutils/PropertyUtilsBean.java"
"bean_160",934,"while (resolver.hasNested(name)) {","while (true) {","org/apache/commons/beanutils/PropertyUtilsBean.java"
"bean_161",937,"if (nestedBean == null) {","if (false) {","org/apache/commons/beanutils/PropertyUtilsBean.java"
"bean_162",937,"if (nestedBean == null) {","if (true) {","org/apache/commons/beanutils/PropertyUtilsBean.java"
"bean_163",951,"if (name == null) {","if (false) {","org/apache/commons/beanutils/PropertyUtilsBean.java"
"bean_164",951,"if (name == null) {","if (true) {","org/apache/commons/beanutils/PropertyUtilsBean.java"
"bean_165",957,"if (result != null) {","if (false) {","org/apache/commons/beanutils/PropertyUtilsBean.java"
"bean_166",957,"if (result != null) {","if (true) {","org/apache/commons/beanutils/PropertyUtilsBean.java"
"bean_167",958,"return result;","return null;","org/apache/commons/beanutils/PropertyUtilsBean.java"
"bean_168",963,"if (mappedDescriptors == null) {","if (false) {","org/apache/commons/beanutils/PropertyUtilsBean.java"
"bean_169",963,"if (mappedDescriptors == null) {","if (true) {","org/apache/commons/beanutils/PropertyUtilsBean.java"
"bean_170",965,"mappedDescriptors.setFast(true);","// removed call to setFast()","org/apache/commons/beanutils/PropertyUtilsBean.java"
"bean_171",969,"if (result == null) {","if (false) {","org/apache/commons/beanutils/PropertyUtilsBean.java"
"bean_172",969,"if (result == null) {","if (true) {","org/apache/commons/beanutils/PropertyUtilsBean.java"
"bean_173",978,"if (result != null) {","if (false) {","org/apache/commons/beanutils/PropertyUtilsBean.java"
"bean_174",978,"if (result != null) {","if (true) {","org/apache/commons/beanutils/PropertyUtilsBean.java"
"bean_175",983,"return result;","return null;","org/apache/commons/beanutils/PropertyUtilsBean.java"
"bean_176",1003,"return getIntrospectionData(beanClass).getDescriptors();","return null;","org/apache/commons/beanutils/PropertyUtilsBean.java"
"bean_177",1021,"if (bean == null) {","if (false) {","org/apache/commons/beanutils/PropertyUtilsBean.java"
"bean_178",1021,"if (bean == null) {","if (true) {","org/apache/commons/beanutils/PropertyUtilsBean.java"
"bean_179",1024,"return (getPropertyDescriptors(bean.getClass()));","return null;","org/apache/commons/beanutils/PropertyUtilsBean.java"
"bean_180",1063,"if (bean == null) {","if (false) {","org/apache/commons/beanutils/PropertyUtilsBean.java"
"bean_181",1063,"if (bean == null) {","if (true) {","org/apache/commons/beanutils/PropertyUtilsBean.java"
"bean_182",1066,"if (name == null) {","if (false) {","org/apache/commons/beanutils/PropertyUtilsBean.java"
"bean_183",1066,"if (name == null) {","if (true) {","org/apache/commons/beanutils/PropertyUtilsBean.java"
"bean_184",1073,"if (descriptor != null) {","if (false) {","org/apache/commons/beanutils/PropertyUtilsBean.java"
"bean_185",1073,"if (descriptor != null) {","if (true) {","org/apache/commons/beanutils/PropertyUtilsBean.java"
"bean_186",1074,"return (descriptor.getPropertyEditorClass());","return null;","org/apache/commons/beanutils/PropertyUtilsBean.java"
"bean_187",843,"if (resolver.isMapped(propertyName)) {","if (false) {","org/apache/commons/beanutils/PropertyUtilsBean.java"
"bean_188",843,"if (resolver.isMapped(propertyName)) {","if (true) {","org/apache/commons/beanutils/PropertyUtilsBean.java"
"bean_189",845,"if (name == null || name.length() == 0) {","if (false || name.length() == 0) {","org/apache/commons/beanutils/PropertyUtilsBean.java"
"bean_190",845,"if (name == null || name.length() == 0) {","if (true || name.length() == 0) {","org/apache/commons/beanutils/PropertyUtilsBean.java"
"bean_191",845,"if (name == null || name.length() == 0) {","if (name == null || false) {","org/apache/commons/beanutils/PropertyUtilsBean.java"
"bean_192",845,"if (name == null || name.length() == 0) {","if (name == null || true) {","org/apache/commons/beanutils/PropertyUtilsBean.java"
"bean_193",850,"if (resolver.isIndexed(propertyName) ||","if (false) ||","org/apache/commons/beanutils/PropertyUtilsBean.java"
"bean_194",850,"if (resolver.isIndexed(propertyName) ||","if (true) ||","org/apache/commons/beanutils/PropertyUtilsBean.java"
"bean_195",857,"return bean.get(propertyName);","return null;","org/apache/commons/beanutils/PropertyUtilsBean.java"
"bean_196",1118,"if (bean == null) {","if (false) {","org/apache/commons/beanutils/PropertyUtilsBean.java"
"bean_197",1118,"if (bean == null) {","if (true) {","org/apache/commons/beanutils/PropertyUtilsBean.java"
"bean_198",1121,"if (name == null) {","if (false) {","org/apache/commons/beanutils/PropertyUtilsBean.java"
"bean_199",1121,"if (name == null) {","if (true) {","org/apache/commons/beanutils/PropertyUtilsBean.java"
"bean_200",1127,"while (resolver.hasNested(name)) {","while (false) {","org/apache/commons/beanutils/PropertyUtilsBean.java"
"bean_201",1127,"while (resolver.hasNested(name)) {","while (true) {","org/apache/commons/beanutils/PropertyUtilsBean.java"
"bean_202",1130,"if (nestedBean == null) {","if (false) {","org/apache/commons/beanutils/PropertyUtilsBean.java"
"bean_203",1130,"if (nestedBean == null) {","if (true) {","org/apache/commons/beanutils/PropertyUtilsBean.java"
"bean_204",1143,"if (bean instanceof DynaBean) {","if (false) {","org/apache/commons/beanutils/PropertyUtilsBean.java"
"bean_205",1143,"if (bean instanceof DynaBean) {","if (true) {","org/apache/commons/beanutils/PropertyUtilsBean.java"
"bean_206",1146,"if (descriptor == null) {","if (false) {","org/apache/commons/beanutils/PropertyUtilsBean.java"
"bean_207",1146,"if (descriptor == null) {","if (true) {","org/apache/commons/beanutils/PropertyUtilsBean.java"
"bean_208",1150,"if (type == null) {","if (false) {","org/apache/commons/beanutils/PropertyUtilsBean.java"
"bean_209",1150,"if (type == null) {","if (true) {","org/apache/commons/beanutils/PropertyUtilsBean.java"
"bean_210",1152,"} else if (type.isArray()) {","} else if (false) {","org/apache/commons/beanutils/PropertyUtilsBean.java"
"bean_211",1152,"} else if (type.isArray()) {","} else if (true) {","org/apache/commons/beanutils/PropertyUtilsBean.java"
"bean_212",1153,"return (type.getComponentType());","return null;","org/apache/commons/beanutils/PropertyUtilsBean.java"
"bean_213",1155,"return (type);","return null;","org/apache/commons/beanutils/PropertyUtilsBean.java"
"bean_214",1161,"if (descriptor == null) {","if (false) {","org/apache/commons/beanutils/PropertyUtilsBean.java"
"bean_215",1161,"if (descriptor == null) {","if (true) {","org/apache/commons/beanutils/PropertyUtilsBean.java"
"bean_216",1163,"} else if (descriptor instanceof IndexedPropertyDescriptor) {","} else if (false) {","org/apache/commons/beanutils/PropertyUtilsBean.java"
"bean_217",1163,"} else if (descriptor instanceof IndexedPropertyDescriptor) {","} else if (true) {","org/apache/commons/beanutils/PropertyUtilsBean.java"
"bean_218",1164,"return (((IndexedPropertyDescriptor) descriptor).","return null;","org/apache/commons/beanutils/PropertyUtilsBean.java"
"bean_219",1166,"} else if (descriptor instanceof MappedPropertyDescriptor) {","} else if (false) {","org/apache/commons/beanutils/PropertyUtilsBean.java"
"bean_220",1166,"} else if (descriptor instanceof MappedPropertyDescriptor) {","} else if (true) {","org/apache/commons/beanutils/PropertyUtilsBean.java"
"bean_221",1167,"return (((MappedPropertyDescriptor) descriptor).","return null;","org/apache/commons/beanutils/PropertyUtilsBean.java"
"bean_222",1170,"return (descriptor.getPropertyType());","return null;","org/apache/commons/beanutils/PropertyUtilsBean.java"
"bean_223",1187,"return (MethodUtils.getAccessibleMethod(descriptor.getReadMethod()));","return null;","org/apache/commons/beanutils/PropertyUtilsBean.java"
"bean_224",1203,"return (MethodUtils.getAccessibleMethod(clazz, descriptor.getReadMethod()));","return null;","org/apache/commons/beanutils/PropertyUtilsBean.java"
"bean_225",158,"return resolver;","return null;","org/apache/commons/beanutils/PropertyUtilsBean.java"
"bean_226",1230,"if (bean == null) {","if (false) {","org/apache/commons/beanutils/PropertyUtilsBean.java"
"bean_227",1230,"if (bean == null) {","if (true) {","org/apache/commons/beanutils/PropertyUtilsBean.java"
"bean_228",1233,"if (name == null) {","if (false) {","org/apache/commons/beanutils/PropertyUtilsBean.java"
"bean_229",1233,"if (name == null) {","if (true) {","org/apache/commons/beanutils/PropertyUtilsBean.java"
"bean_230",1239,"if (resolver.hasNested(name)) {","if (false) {","org/apache/commons/beanutils/PropertyUtilsBean.java"
"bean_231",1239,"if (resolver.hasNested(name)) {","if (true) {","org/apache/commons/beanutils/PropertyUtilsBean.java"
"bean_232",1243,"} else if (resolver.isIndexed(name)) {","} else if (false) {","org/apache/commons/beanutils/PropertyUtilsBean.java"
"bean_233",1243,"} else if (resolver.isIndexed(name)) {","} else if (true) {","org/apache/commons/beanutils/PropertyUtilsBean.java"
"bean_234",1247,"} else if (resolver.isMapped(name)) {","} else if (false) {","org/apache/commons/beanutils/PropertyUtilsBean.java"
"bean_235",1247,"} else if (resolver.isMapped(name)) {","} else if (true) {","org/apache/commons/beanutils/PropertyUtilsBean.java"
"bean_236",1254,"if (bean instanceof DynaBean) {","if (false) {","org/apache/commons/beanutils/PropertyUtilsBean.java"
"bean_237",1254,"if (bean instanceof DynaBean) {","if (true) {","org/apache/commons/beanutils/PropertyUtilsBean.java"
"bean_238",1257,"if (descriptor == null) {","if (false) {","org/apache/commons/beanutils/PropertyUtilsBean.java"
"bean_239",1257,"if (descriptor == null) {","if (true) {","org/apache/commons/beanutils/PropertyUtilsBean.java"
"bean_240",1262,"return (((DynaBean) bean).get(name));","return null;","org/apache/commons/beanutils/PropertyUtilsBean.java"
"bean_241",1268,"if (descriptor == null) {","if (false) {","org/apache/commons/beanutils/PropertyUtilsBean.java"
"bean_242",1268,"if (descriptor == null) {","if (true) {","org/apache/commons/beanutils/PropertyUtilsBean.java"
"bean_243",1273,"if (readMethod == null) {","if (false) {","org/apache/commons/beanutils/PropertyUtilsBean.java"
"bean_244",1273,"if (readMethod == null) {","if (true) {","org/apache/commons/beanutils/PropertyUtilsBean.java"
"bean_245",1280,"return (value);","return null;","org/apache/commons/beanutils/PropertyUtilsBean.java"
"bean_246",1301,"return (MethodUtils.getAccessibleMethod(descriptor.getWriteMethod()));","return null;","org/apache/commons/beanutils/PropertyUtilsBean.java"
"bean_247",1319,"return (MethodUtils.getAccessibleMethod(clazz,","return null;","org/apache/commons/beanutils/PropertyUtilsBean.java"
"bean_248",2121,"if(bean == null) {","if(false) {","org/apache/commons/beanutils/PropertyUtilsBean.java"
"bean_249",2121,"if(bean == null) {","if(true) {","org/apache/commons/beanutils/PropertyUtilsBean.java"
"bean_250",2128,"return method.invoke(bean, values);","return null;","org/apache/commons/beanutils/PropertyUtilsBean.java"
"bean_251",2134,"if (values != null) {","if (false) {","org/apache/commons/beanutils/PropertyUtilsBean.java"
"bean_252",2134,"if (values != null) {","if (true) {","org/apache/commons/beanutils/PropertyUtilsBean.java"
"bean_253",2135,"for (int i = 0; i < values.length; i++) {","for (int i = 0; i <= values.length; i++) {","org/apache/commons/beanutils/PropertyUtilsBean.java"
"bean_254",2135,"for (int i = 0; i < values.length; i++) {","for (int i = 0; false; i++) {","org/apache/commons/beanutils/PropertyUtilsBean.java"
"bean_255",2135,"for (int i = 0; i < values.length; i++) {","for (int i = 0; true; i++) {","org/apache/commons/beanutils/PropertyUtilsBean.java"
"bean_256",2136,"if (i>0) {","if (i>=0) {","org/apache/commons/beanutils/PropertyUtilsBean.java"
"bean_257",2136,"if (i>0) {","if (false) {","org/apache/commons/beanutils/PropertyUtilsBean.java"
"bean_258",2136,"if (i>0) {","if (true) {","org/apache/commons/beanutils/PropertyUtilsBean.java"
"bean_259",2139,"if (values[i] == null) {","if (false) {","org/apache/commons/beanutils/PropertyUtilsBean.java"
"bean_260",2139,"if (values[i] == null) {","if (true) {","org/apache/commons/beanutils/PropertyUtilsBean.java"
"bean_261",2148,"if (parTypes != null) {","if (false) {","org/apache/commons/beanutils/PropertyUtilsBean.java"
"bean_262",2148,"if (parTypes != null) {","if (true) {","org/apache/commons/beanutils/PropertyUtilsBean.java"
"bean_263",2149,"for (int i = 0; i < parTypes.length; i++) {","for (int i = 0; i <= parTypes.length; i++) {","org/apache/commons/beanutils/PropertyUtilsBean.java"
"bean_264",2149,"for (int i = 0; i < parTypes.length; i++) {","for (int i = 0; false; i++) {","org/apache/commons/beanutils/PropertyUtilsBean.java"
"bean_265",2149,"for (int i = 0; i < parTypes.length; i++) {","for (int i = 0; true; i++) {","org/apache/commons/beanutils/PropertyUtilsBean.java"
"bean_266",2150,"if (i > 0) {","if (i >= 0) {","org/apache/commons/beanutils/PropertyUtilsBean.java"
"bean_267",2150,"if (i > 0) {","if (false) {","org/apache/commons/beanutils/PropertyUtilsBean.java"
"bean_268",2150,"if (i > 0) {","if (true) {","org/apache/commons/beanutils/PropertyUtilsBean.java"
"bean_269",2165,"if (!BeanUtils.initCause(e, cause)) {","if (false) {","org/apache/commons/beanutils/PropertyUtilsBean.java"
"bean_270",2165,"if (!BeanUtils.initCause(e, cause)) {","if (true) {","org/apache/commons/beanutils/PropertyUtilsBean.java"
"bean_271",2171,"if (values != null) {","if (false) {","org/apache/commons/beanutils/PropertyUtilsBean.java"
"bean_272",2171,"if (values != null) {","if (true) {","org/apache/commons/beanutils/PropertyUtilsBean.java"
"bean_273",2172,"for (int i = 0; i < values.length; i++) {","for (int i = 0; i <= values.length; i++) {","org/apache/commons/beanutils/PropertyUtilsBean.java"
"bean_274",2172,"for (int i = 0; i < values.length; i++) {","for (int i = 0; false; i++) {","org/apache/commons/beanutils/PropertyUtilsBean.java"
"bean_275",2172,"for (int i = 0; i < values.length; i++) {","for (int i = 0; true; i++) {","org/apache/commons/beanutils/PropertyUtilsBean.java"
"bean_276",2173,"if (i>0) {","if (i>=0) {","org/apache/commons/beanutils/PropertyUtilsBean.java"
"bean_277",2173,"if (i>0) {","if (false) {","org/apache/commons/beanutils/PropertyUtilsBean.java"
"bean_278",2173,"if (i>0) {","if (true) {","org/apache/commons/beanutils/PropertyUtilsBean.java"
"bean_279",2176,"if (values[i] == null) {","if (false) {","org/apache/commons/beanutils/PropertyUtilsBean.java"
"bean_280",2176,"if (values[i] == null) {","if (true) {","org/apache/commons/beanutils/PropertyUtilsBean.java"
"bean_281",2185,"if (parTypes != null) {","if (false) {","org/apache/commons/beanutils/PropertyUtilsBean.java"
"bean_282",2185,"if (parTypes != null) {","if (true) {","org/apache/commons/beanutils/PropertyUtilsBean.java"
"bean_283",2186,"for (int i = 0; i < parTypes.length; i++) {","for (int i = 0; i <= parTypes.length; i++) {","org/apache/commons/beanutils/PropertyUtilsBean.java"
"bean_284",2186,"for (int i = 0; i < parTypes.length; i++) {","for (int i = 0; false; i++) {","org/apache/commons/beanutils/PropertyUtilsBean.java"
"bean_285",2186,"for (int i = 0; i < parTypes.length; i++) {","for (int i = 0; true; i++) {","org/apache/commons/beanutils/PropertyUtilsBean.java"
"bean_286",2187,"if (i > 0) {","if (i >= 0) {","org/apache/commons/beanutils/PropertyUtilsBean.java"
"bean_287",2187,"if (i > 0) {","if (false) {","org/apache/commons/beanutils/PropertyUtilsBean.java"
"bean_288",2187,"if (i > 0) {","if (true) {","org/apache/commons/beanutils/PropertyUtilsBean.java"
"bean_289",2202,"if (!BeanUtils.initCause(e, cause)) {","if (false) {","org/apache/commons/beanutils/PropertyUtilsBean.java"
"bean_290",2202,"if (!BeanUtils.initCause(e, cause)) {","if (true) {","org/apache/commons/beanutils/PropertyUtilsBean.java"
"bean_291",1342,"if (bean == null) {","if (false) {","org/apache/commons/beanutils/PropertyUtilsBean.java"
"bean_292",1342,"if (bean == null) {","if (true) {","org/apache/commons/beanutils/PropertyUtilsBean.java"
"bean_293",1345,"if (name == null) {","if (false) {","org/apache/commons/beanutils/PropertyUtilsBean.java"
"bean_294",1345,"if (name == null) {","if (true) {","org/apache/commons/beanutils/PropertyUtilsBean.java"
"bean_295",1351,"while (resolver.hasNested(name)) {","while (false) {","org/apache/commons/beanutils/PropertyUtilsBean.java"
"bean_296",1351,"while (resolver.hasNested(name)) {","while (true) {","org/apache/commons/beanutils/PropertyUtilsBean.java"
"bean_297",1357,"return false;","return true;","org/apache/commons/beanutils/PropertyUtilsBean.java"
"bean_298",1359,"return false;","return true;","org/apache/commons/beanutils/PropertyUtilsBean.java"
"bean_299",1361,"return false;","return true;","org/apache/commons/beanutils/PropertyUtilsBean.java"
"bean_300",1363,"if (nestedBean == null) {","if (false) {","org/apache/commons/beanutils/PropertyUtilsBean.java"
"bean_301",1363,"if (nestedBean == null) {","if (true) {","org/apache/commons/beanutils/PropertyUtilsBean.java"
"bean_302",1377,"if (bean instanceof WrapDynaBean) {","if (false) {","org/apache/commons/beanutils/PropertyUtilsBean.java"
"bean_303",1377,"if (bean instanceof WrapDynaBean) {","if (true) {","org/apache/commons/beanutils/PropertyUtilsBean.java"
"bean_304",1382,"if (bean instanceof DynaBean) {","if (false) {","org/apache/commons/beanutils/PropertyUtilsBean.java"
"bean_305",1382,"if (bean instanceof DynaBean) {","if (true) {","org/apache/commons/beanutils/PropertyUtilsBean.java"
"bean_306",1384,"return (((DynaBean) bean).getDynaClass().getDynaProperty(name) != null);","return (false);","org/apache/commons/beanutils/PropertyUtilsBean.java"
"bean_307",1384,"return (((DynaBean) bean).getDynaClass().getDynaProperty(name) != null);","return (true);","org/apache/commons/beanutils/PropertyUtilsBean.java"
"bean_308",1384,"return (((DynaBean) bean).getDynaClass().getDynaProperty(name) != null);","return true;","org/apache/commons/beanutils/PropertyUtilsBean.java"
"bean_309",1389,"if (desc != null) {","if (false) {","org/apache/commons/beanutils/PropertyUtilsBean.java"
"bean_310",1389,"if (desc != null) {","if (true) {","org/apache/commons/beanutils/PropertyUtilsBean.java"
"bean_311",1391,"if (readMethod == null) {","if (false) {","org/apache/commons/beanutils/PropertyUtilsBean.java"
"bean_312",1391,"if (readMethod == null) {","if (true) {","org/apache/commons/beanutils/PropertyUtilsBean.java"
"bean_313",1392,"if (desc instanceof IndexedPropertyDescriptor) {","if (false) {","org/apache/commons/beanutils/PropertyUtilsBean.java"
"bean_314",1392,"if (desc instanceof IndexedPropertyDescriptor) {","if (true) {","org/apache/commons/beanutils/PropertyUtilsBean.java"
"bean_315",1394,"} else if (desc instanceof MappedPropertyDescriptor) {","} else if (false) {","org/apache/commons/beanutils/PropertyUtilsBean.java"
"bean_316",1394,"} else if (desc instanceof MappedPropertyDescriptor) {","} else if (true) {","org/apache/commons/beanutils/PropertyUtilsBean.java"
"bean_317",1399,"return (readMethod != null);","return (false);","org/apache/commons/beanutils/PropertyUtilsBean.java"
"bean_318",1399,"return (readMethod != null);","return (true);","org/apache/commons/beanutils/PropertyUtilsBean.java"
"bean_319",1399,"return (readMethod != null);","return true;","org/apache/commons/beanutils/PropertyUtilsBean.java"
"bean_320",1401,"return (false);","return true;","org/apache/commons/beanutils/PropertyUtilsBean.java"
"bean_321",1404,"return (false);","return true;","org/apache/commons/beanutils/PropertyUtilsBean.java"
"bean_322",1406,"return (false);","return true;","org/apache/commons/beanutils/PropertyUtilsBean.java"
"bean_323",1408,"return (false);","return true;","org/apache/commons/beanutils/PropertyUtilsBean.java"
"bean_324",1433,"if (bean == null) {","if (false) {","org/apache/commons/beanutils/PropertyUtilsBean.java"
"bean_325",1433,"if (bean == null) {","if (true) {","org/apache/commons/beanutils/PropertyUtilsBean.java"
"bean_326",1436,"if (name == null) {","if (false) {","org/apache/commons/beanutils/PropertyUtilsBean.java"
"bean_327",1436,"if (name == null) {","if (true) {","org/apache/commons/beanutils/PropertyUtilsBean.java"
"bean_328",1442,"while (resolver.hasNested(name)) {","while (false) {","org/apache/commons/beanutils/PropertyUtilsBean.java"
"bean_329",1442,"while (resolver.hasNested(name)) {","while (true) {","org/apache/commons/beanutils/PropertyUtilsBean.java"
"bean_330",1448,"return false;","return true;","org/apache/commons/beanutils/PropertyUtilsBean.java"
"bean_331",1450,"return false;","return true;","org/apache/commons/beanutils/PropertyUtilsBean.java"
"bean_332",1452,"return false;","return true;","org/apache/commons/beanutils/PropertyUtilsBean.java"
"bean_333",1454,"if (nestedBean == null) {","if (false) {","org/apache/commons/beanutils/PropertyUtilsBean.java"
"bean_334",1454,"if (nestedBean == null) {","if (true) {","org/apache/commons/beanutils/PropertyUtilsBean.java"
"bean_335",1468,"if (bean instanceof WrapDynaBean) {","if (false) {","org/apache/commons/beanutils/PropertyUtilsBean.java"
"bean_336",1468,"if (bean instanceof WrapDynaBean) {","if (true) {","org/apache/commons/beanutils/PropertyUtilsBean.java"
"bean_337",1473,"if (bean instanceof DynaBean) {","if (false) {","org/apache/commons/beanutils/PropertyUtilsBean.java"
"bean_338",1473,"if (bean instanceof DynaBean) {","if (true) {","org/apache/commons/beanutils/PropertyUtilsBean.java"
"bean_339",1475,"return (((DynaBean) bean).getDynaClass().getDynaProperty(name) != null);","return (false);","org/apache/commons/beanutils/PropertyUtilsBean.java"
"bean_340",1475,"return (((DynaBean) bean).getDynaClass().getDynaProperty(name) != null);","return (true);","org/apache/commons/beanutils/PropertyUtilsBean.java"
"bean_341",1475,"return (((DynaBean) bean).getDynaClass().getDynaProperty(name) != null);","return true;","org/apache/commons/beanutils/PropertyUtilsBean.java"
"bean_342",1480,"if (desc != null) {","if (false) {","org/apache/commons/beanutils/PropertyUtilsBean.java"
"bean_343",1480,"if (desc != null) {","if (true) {","org/apache/commons/beanutils/PropertyUtilsBean.java"
"bean_344",1482,"if (writeMethod == null) {","if (false) {","org/apache/commons/beanutils/PropertyUtilsBean.java"
"bean_345",1482,"if (writeMethod == null) {","if (true) {","org/apache/commons/beanutils/PropertyUtilsBean.java"
"bean_346",1483,"if (desc instanceof IndexedPropertyDescriptor) {","if (false) {","org/apache/commons/beanutils/PropertyUtilsBean.java"
"bean_347",1483,"if (desc instanceof IndexedPropertyDescriptor) {","if (true) {","org/apache/commons/beanutils/PropertyUtilsBean.java"
"bean_348",1485,"} else if (desc instanceof MappedPropertyDescriptor) {","} else if (false) {","org/apache/commons/beanutils/PropertyUtilsBean.java"
"bean_349",1485,"} else if (desc instanceof MappedPropertyDescriptor) {","} else if (true) {","org/apache/commons/beanutils/PropertyUtilsBean.java"
"bean_350",1490,"return (writeMethod != null);","return (false);","org/apache/commons/beanutils/PropertyUtilsBean.java"
"bean_351",1490,"return (writeMethod != null);","return (true);","org/apache/commons/beanutils/PropertyUtilsBean.java"
"bean_352",1490,"return (writeMethod != null);","return true;","org/apache/commons/beanutils/PropertyUtilsBean.java"
"bean_353",1492,"return (false);","return true;","org/apache/commons/beanutils/PropertyUtilsBean.java"
"bean_354",1495,"return (false);","return true;","org/apache/commons/beanutils/PropertyUtilsBean.java"
"bean_355",1497,"return (false);","return true;","org/apache/commons/beanutils/PropertyUtilsBean.java"
"bean_356",1499,"return (false);","return true;","org/apache/commons/beanutils/PropertyUtilsBean.java"
"bean_357",220,"return introspectors.remove(introspector);","return false;","org/apache/commons/beanutils/PropertyUtilsBean.java"
"bean_358",220,"return introspectors.remove(introspector);","return true;","org/apache/commons/beanutils/PropertyUtilsBean.java"
"bean_359",189,"introspectors.clear();","// removed call to clear()","org/apache/commons/beanutils/PropertyUtilsBean.java"
"bean_360",1593,"if (bean == null) {","if (false) {","org/apache/commons/beanutils/PropertyUtilsBean.java"
"bean_361",1593,"if (bean == null) {","if (true) {","org/apache/commons/beanutils/PropertyUtilsBean.java"
"bean_362",1596,"if (name == null || name.length() == 0) {","if (false || name.length() == 0) {","org/apache/commons/beanutils/PropertyUtilsBean.java"
"bean_363",1596,"if (name == null || name.length() == 0) {","if (true || name.length() == 0) {","org/apache/commons/beanutils/PropertyUtilsBean.java"
"bean_364",1596,"if (name == null || name.length() == 0) {","if (name == null || false) {","org/apache/commons/beanutils/PropertyUtilsBean.java"
"bean_365",1596,"if (name == null || name.length() == 0) {","if (name == null || true) {","org/apache/commons/beanutils/PropertyUtilsBean.java"
"bean_366",1597,"if (bean.getClass().isArray()) {","if (false) {","org/apache/commons/beanutils/PropertyUtilsBean.java"
"bean_367",1597,"if (bean.getClass().isArray()) {","if (true) {","org/apache/commons/beanutils/PropertyUtilsBean.java"
"bean_368",1598,"Array.set(bean, index, value);","// removed call to set()","org/apache/commons/beanutils/PropertyUtilsBean.java"
"bean_369",1600,"} else if (bean instanceof List) {","} else if (false) {","org/apache/commons/beanutils/PropertyUtilsBean.java"
"bean_370",1600,"} else if (bean instanceof List) {","} else if (true) {","org/apache/commons/beanutils/PropertyUtilsBean.java"
"bean_371",1606,"if (name == null) {","if (false) {","org/apache/commons/beanutils/PropertyUtilsBean.java"
"bean_372",1606,"if (name == null) {","if (true) {","org/apache/commons/beanutils/PropertyUtilsBean.java"
"bean_373",1612,"if (bean instanceof DynaBean) {","if (false) {","org/apache/commons/beanutils/PropertyUtilsBean.java"
"bean_374",1612,"if (bean instanceof DynaBean) {","if (true) {","org/apache/commons/beanutils/PropertyUtilsBean.java"
"bean_375",1615,"if (descriptor == null) {","if (false) {","org/apache/commons/beanutils/PropertyUtilsBean.java"
"bean_376",1615,"if (descriptor == null) {","if (true) {","org/apache/commons/beanutils/PropertyUtilsBean.java"
"bean_377",1619,"((DynaBean) bean).set(name, index, value);","((DynaBean) bean).  // removed call to set()","org/apache/commons/beanutils/PropertyUtilsBean.java"
"bean_378",1626,"if (descriptor == null) {","if (false) {","org/apache/commons/beanutils/PropertyUtilsBean.java"
"bean_379",1626,"if (descriptor == null) {","if (true) {","org/apache/commons/beanutils/PropertyUtilsBean.java"
"bean_380",1632,"if (descriptor instanceof IndexedPropertyDescriptor) {","if (false) {","org/apache/commons/beanutils/PropertyUtilsBean.java"
"bean_381",1632,"if (descriptor instanceof IndexedPropertyDescriptor) {","if (true) {","org/apache/commons/beanutils/PropertyUtilsBean.java"
"bean_382",1636,"if (writeMethod != null) {","if (false) {","org/apache/commons/beanutils/PropertyUtilsBean.java"
"bean_383",1636,"if (writeMethod != null) {","if (true) {","org/apache/commons/beanutils/PropertyUtilsBean.java"
"bean_384",1643,"value == null ? ""<null>""","false ? ""<null>""","org/apache/commons/beanutils/PropertyUtilsBean.java"
"bean_385",1643,"value == null ? ""<null>""","true ? ""<null>""","org/apache/commons/beanutils/PropertyUtilsBean.java"
"bean_386",1652,"if (e.getTargetException() instanceof","if (false) instanceof","org/apache/commons/beanutils/PropertyUtilsBean.java"
"bean_387",1652,"if (e.getTargetException() instanceof","if (true) instanceof","org/apache/commons/beanutils/PropertyUtilsBean.java"
"bean_388",1666,"if (readMethod == null) {","if (false) {","org/apache/commons/beanutils/PropertyUtilsBean.java"
"bean_389",1666,"if (readMethod == null) {","if (true) {","org/apache/commons/beanutils/PropertyUtilsBean.java"
"bean_390",1673,"if (!array.getClass().isArray()) {","if (false) {","org/apache/commons/beanutils/PropertyUtilsBean.java"
"bean_391",1673,"if (!array.getClass().isArray()) {","if (true) {","org/apache/commons/beanutils/PropertyUtilsBean.java"
"bean_392",1674,"if (array instanceof List) {","if (false) {","org/apache/commons/beanutils/PropertyUtilsBean.java"
"bean_393",1674,"if (array instanceof List) {","if (true) {","org/apache/commons/beanutils/PropertyUtilsBean.java"
"bean_394",1684,"Array.set(array, index, value);","// removed call to set()","org/apache/commons/beanutils/PropertyUtilsBean.java"
"bean_395",1536,"if (bean == null) {","if (false) {","org/apache/commons/beanutils/PropertyUtilsBean.java"
"bean_396",1536,"if (bean == null) {","if (true) {","org/apache/commons/beanutils/PropertyUtilsBean.java"
"bean_397",1539,"if (name == null) {","if (false) {","org/apache/commons/beanutils/PropertyUtilsBean.java"
"bean_398",1539,"if (name == null) {","if (true) {","org/apache/commons/beanutils/PropertyUtilsBean.java"
"bean_399",1552,"if (index < 0) {","if (index <= 0) {","org/apache/commons/beanutils/PropertyUtilsBean.java"
"bean_400",1552,"if (index < 0) {","if (false) {","org/apache/commons/beanutils/PropertyUtilsBean.java"
"bean_401",1552,"if (index < 0) {","if (true) {","org/apache/commons/beanutils/PropertyUtilsBean.java"
"bean_402",1561,"setIndexedProperty(bean, name, index, value);","// removed call to setIndexedProperty()","org/apache/commons/beanutils/PropertyUtilsBean.java"
"bean_403",1714,"if (bean == null) {","if (false) {","org/apache/commons/beanutils/PropertyUtilsBean.java"
"bean_404",1714,"if (bean == null) {","if (true) {","org/apache/commons/beanutils/PropertyUtilsBean.java"
"bean_405",1717,"if (name == null) {","if (false) {","org/apache/commons/beanutils/PropertyUtilsBean.java"
"bean_406",1717,"if (name == null) {","if (true) {","org/apache/commons/beanutils/PropertyUtilsBean.java"
"bean_407",1731,"if (key == null) {","if (false) {","org/apache/commons/beanutils/PropertyUtilsBean.java"
"bean_408",1731,"if (key == null) {","if (true) {","org/apache/commons/beanutils/PropertyUtilsBean.java"
"bean_409",1741,"setMappedProperty(bean, name, key, value);","// removed call to setMappedProperty()","org/apache/commons/beanutils/PropertyUtilsBean.java"
"bean_410",1767,"if (bean == null) {","if (false) {","org/apache/commons/beanutils/PropertyUtilsBean.java"
"bean_411",1767,"if (bean == null) {","if (true) {","org/apache/commons/beanutils/PropertyUtilsBean.java"
"bean_412",1770,"if (name == null) {","if (false) {","org/apache/commons/beanutils/PropertyUtilsBean.java"
"bean_413",1770,"if (name == null) {","if (true) {","org/apache/commons/beanutils/PropertyUtilsBean.java"
"bean_414",1774,"if (key == null) {","if (false) {","org/apache/commons/beanutils/PropertyUtilsBean.java"
"bean_415",1774,"if (key == null) {","if (true) {","org/apache/commons/beanutils/PropertyUtilsBean.java"
"bean_416",1780,"if (bean instanceof DynaBean) {","if (false) {","org/apache/commons/beanutils/PropertyUtilsBean.java"
"bean_417",1780,"if (bean instanceof DynaBean) {","if (true) {","org/apache/commons/beanutils/PropertyUtilsBean.java"
"bean_418",1783,"if (descriptor == null) {","if (false) {","org/apache/commons/beanutils/PropertyUtilsBean.java"
"bean_419",1783,"if (descriptor == null) {","if (true) {","org/apache/commons/beanutils/PropertyUtilsBean.java"
"bean_420",1787,"((DynaBean) bean).set(name, key, value);","((DynaBean) bean).  // removed call to set()","org/apache/commons/beanutils/PropertyUtilsBean.java"
"bean_421",1794,"if (descriptor == null) {","if (false) {","org/apache/commons/beanutils/PropertyUtilsBean.java"
"bean_422",1794,"if (descriptor == null) {","if (true) {","org/apache/commons/beanutils/PropertyUtilsBean.java"
"bean_423",1799,"if (descriptor instanceof MappedPropertyDescriptor) {","if (false) {","org/apache/commons/beanutils/PropertyUtilsBean.java"
"bean_424",1799,"if (descriptor instanceof MappedPropertyDescriptor) {","if (true) {","org/apache/commons/beanutils/PropertyUtilsBean.java"
"bean_425",1805,"if (mappedWriteMethod != null) {","if (false) {","org/apache/commons/beanutils/PropertyUtilsBean.java"
"bean_426",1805,"if (mappedWriteMethod != null) {","if (true) {","org/apache/commons/beanutils/PropertyUtilsBean.java"
"bean_427",1811,"value == null ? ""<null>"" : value.getClass().getName();","false ? ""<null>"" : value.getClass().getName();","org/apache/commons/beanutils/PropertyUtilsBean.java"
"bean_428",1811,"value == null ? ""<null>"" : value.getClass().getName();","true ? ""<null>"" : value.getClass().getName();","org/apache/commons/beanutils/PropertyUtilsBean.java"
"bean_429",1826,"if (readMethod != null) {","if (false) {","org/apache/commons/beanutils/PropertyUtilsBean.java"
"bean_430",1826,"if (readMethod != null) {","if (true) {","org/apache/commons/beanutils/PropertyUtilsBean.java"
"bean_431",1829,"if (invokeResult instanceof java.util.Map) {","if (false) {","org/apache/commons/beanutils/PropertyUtilsBean.java"
"bean_432",1829,"if (invokeResult instanceof java.util.Map) {","if (true) {","org/apache/commons/beanutils/PropertyUtilsBean.java"
"bean_433",1878,"if (bean == null) {","if (false) {","org/apache/commons/beanutils/PropertyUtilsBean.java"
"bean_434",1878,"if (bean == null) {","if (true) {","org/apache/commons/beanutils/PropertyUtilsBean.java"
"bean_435",1881,"if (name == null) {","if (false) {","org/apache/commons/beanutils/PropertyUtilsBean.java"
"bean_436",1881,"if (name == null) {","if (true) {","org/apache/commons/beanutils/PropertyUtilsBean.java"
"bean_437",1887,"while (resolver.hasNested(name)) {","while (false) {","org/apache/commons/beanutils/PropertyUtilsBean.java"
"bean_438",1887,"while (resolver.hasNested(name)) {","while (true) {","org/apache/commons/beanutils/PropertyUtilsBean.java"
"bean_439",1890,"if (bean instanceof Map) {","if (false) {","org/apache/commons/beanutils/PropertyUtilsBean.java"
"bean_440",1890,"if (bean instanceof Map) {","if (true) {","org/apache/commons/beanutils/PropertyUtilsBean.java"
"bean_441",1892,"} else if (resolver.isMapped(next)) {","} else if (false) {","org/apache/commons/beanutils/PropertyUtilsBean.java"
"bean_442",1892,"} else if (resolver.isMapped(next)) {","} else if (true) {","org/apache/commons/beanutils/PropertyUtilsBean.java"
"bean_443",1894,"} else if (resolver.isIndexed(next)) {","} else if (false) {","org/apache/commons/beanutils/PropertyUtilsBean.java"
"bean_444",1894,"} else if (resolver.isIndexed(next)) {","} else if (true) {","org/apache/commons/beanutils/PropertyUtilsBean.java"
"bean_445",1899,"if (nestedBean == null) {","if (false) {","org/apache/commons/beanutils/PropertyUtilsBean.java"
"bean_446",1899,"if (nestedBean == null) {","if (true) {","org/apache/commons/beanutils/PropertyUtilsBean.java"
"bean_447",1908,"if (bean instanceof Map) {","if (false) {","org/apache/commons/beanutils/PropertyUtilsBean.java"
"bean_448",1908,"if (bean instanceof Map) {","if (true) {","org/apache/commons/beanutils/PropertyUtilsBean.java"
"bean_449",1909,"setPropertyOfMapBean(toPropertyMap(bean), name, value);","setPropertyOfMapBean(toPropertyMap(bean), name, value);  // removed call to setPropertyOfMapBean()","org/apache/commons/beanutils/PropertyUtilsBean.java"
"bean_450",1910,"} else if (resolver.isMapped(name)) {","} else if (false) {","org/apache/commons/beanutils/PropertyUtilsBean.java"
"bean_451",1910,"} else if (resolver.isMapped(name)) {","} else if (true) {","org/apache/commons/beanutils/PropertyUtilsBean.java"
"bean_452",1911,"setMappedProperty(bean, name, value);","// removed call to setMappedProperty()","org/apache/commons/beanutils/PropertyUtilsBean.java"
"bean_453",1912,"} else if (resolver.isIndexed(name)) {","} else if (false) {","org/apache/commons/beanutils/PropertyUtilsBean.java"
"bean_454",1912,"} else if (resolver.isIndexed(name)) {","} else if (true) {","org/apache/commons/beanutils/PropertyUtilsBean.java"
"bean_455",1913,"setIndexedProperty(bean, name, value);","// removed call to setIndexedProperty()","org/apache/commons/beanutils/PropertyUtilsBean.java"
"bean_456",1915,"setSimpleProperty(bean, name, value);","// removed call to setSimpleProperty()","org/apache/commons/beanutils/PropertyUtilsBean.java"
"bean_457",2022,"setNestedProperty(bean, name, value);","// removed call to setNestedProperty()","org/apache/commons/beanutils/PropertyUtilsBean.java"
"bean_458",1980,"if (resolver.isMapped(propertyName)) {","if (false) {","org/apache/commons/beanutils/PropertyUtilsBean.java"
"bean_459",1980,"if (resolver.isMapped(propertyName)) {","if (true) {","org/apache/commons/beanutils/PropertyUtilsBean.java"
"bean_460",1982,"if (name == null || name.length() == 0) {","if (false || name.length() == 0) {","org/apache/commons/beanutils/PropertyUtilsBean.java"
"bean_461",1982,"if (name == null || name.length() == 0) {","if (true || name.length() == 0) {","org/apache/commons/beanutils/PropertyUtilsBean.java"
"bean_462",1982,"if (name == null || name.length() == 0) {","if (name == null || false) {","org/apache/commons/beanutils/PropertyUtilsBean.java"
"bean_463",1982,"if (name == null || name.length() == 0) {","if (name == null || true) {","org/apache/commons/beanutils/PropertyUtilsBean.java"
"bean_464",1987,"if (resolver.isIndexed(propertyName) ||","if (false) ||","org/apache/commons/beanutils/PropertyUtilsBean.java"
"bean_465",1987,"if (resolver.isIndexed(propertyName) ||","if (true) ||","org/apache/commons/beanutils/PropertyUtilsBean.java"
"bean_466",175,"if (resolver == null) {","if (false) {","org/apache/commons/beanutils/PropertyUtilsBean.java"
"bean_467",175,"if (resolver == null) {","if (true) {","org/apache/commons/beanutils/PropertyUtilsBean.java"
"bean_468",2051,"if (bean == null) {","if (false) {","org/apache/commons/beanutils/PropertyUtilsBean.java"
"bean_469",2051,"if (bean == null) {","if (true) {","org/apache/commons/beanutils/PropertyUtilsBean.java"
"bean_470",2054,"if (name == null) {","if (false) {","org/apache/commons/beanutils/PropertyUtilsBean.java"
"bean_471",2054,"if (name == null) {","if (true) {","org/apache/commons/beanutils/PropertyUtilsBean.java"
"bean_472",2060,"if (resolver.hasNested(name)) {","if (false) {","org/apache/commons/beanutils/PropertyUtilsBean.java"
"bean_473",2060,"if (resolver.hasNested(name)) {","if (true) {","org/apache/commons/beanutils/PropertyUtilsBean.java"
"bean_474",2064,"} else if (resolver.isIndexed(name)) {","} else if (false) {","org/apache/commons/beanutils/PropertyUtilsBean.java"
"bean_475",2064,"} else if (resolver.isIndexed(name)) {","} else if (true) {","org/apache/commons/beanutils/PropertyUtilsBean.java"
"bean_476",2068,"} else if (resolver.isMapped(name)) {","} else if (false) {","org/apache/commons/beanutils/PropertyUtilsBean.java"
"bean_477",2068,"} else if (resolver.isMapped(name)) {","} else if (true) {","org/apache/commons/beanutils/PropertyUtilsBean.java"
"bean_478",2075,"if (bean instanceof DynaBean) {","if (false) {","org/apache/commons/beanutils/PropertyUtilsBean.java"
"bean_479",2075,"if (bean instanceof DynaBean) {","if (true) {","org/apache/commons/beanutils/PropertyUtilsBean.java"
"bean_480",2078,"if (descriptor == null) {","if (false) {","org/apache/commons/beanutils/PropertyUtilsBean.java"
"bean_481",2078,"if (descriptor == null) {","if (true) {","org/apache/commons/beanutils/PropertyUtilsBean.java"
"bean_482",2083,"((DynaBean) bean).set(name, value);","((DynaBean) bean).  // removed call to set()","org/apache/commons/beanutils/PropertyUtilsBean.java"
"bean_483",2090,"if (descriptor == null) {","if (false) {","org/apache/commons/beanutils/PropertyUtilsBean.java"
"bean_484",2090,"if (descriptor == null) {","if (true) {","org/apache/commons/beanutils/PropertyUtilsBean.java"
"bean_485",2095,"if (writeMethod == null) {","if (false) {","org/apache/commons/beanutils/PropertyUtilsBean.java"
"bean_486",2095,"if (writeMethod == null) {","if (true) {","org/apache/commons/beanutils/PropertyUtilsBean.java"
"bean_487",2105,"value == null ? ""<null>"" : value.getClass().getName();","false ? ""<null>"" : value.getClass().getName();","org/apache/commons/beanutils/PropertyUtilsBean.java"
"bean_488",2105,"value == null ? ""<null>"" : value.getClass().getName();","true ? ""<null>"" : value.getClass().getName();","org/apache/commons/beanutils/PropertyUtilsBean.java"
"bean_489",2268,"return list;","return Collections.emptyList();","org/apache/commons/beanutils/PropertyUtilsBean.java"
"bean_490",2284,"return map;","return Collections.emptyMap();","org/apache/commons/beanutils/PropertyUtilsBean.java"
"bean_491",1297,"if (CACHE_METHODS) {","if (false) {","org/apache/commons/beanutils/MethodUtils.java"
"bean_492",1297,"if (CACHE_METHODS) {","if (true) {","org/apache/commons/beanutils/MethodUtils.java"
"bean_493",1298,"if (method != null) {","if (false) {","org/apache/commons/beanutils/MethodUtils.java"
"bean_494",1298,"if (method != null) {","if (true) {","org/apache/commons/beanutils/MethodUtils.java"
"bean_495",131,"cache.clear();","// removed call to clear()","org/apache/commons/beanutils/MethodUtils.java"
"bean_496",132,"return size;","return 0;","org/apache/commons/beanutils/MethodUtils.java"
"bean_497",706,"return getAccessibleMethod(clazz, methodName, parameterTypes);","return null;","org/apache/commons/beanutils/MethodUtils.java"
"bean_498",731,"if (method != null) {","if (false) {","org/apache/commons/beanutils/MethodUtils.java"
"bean_499",731,"if (method != null) {","if (true) {","org/apache/commons/beanutils/MethodUtils.java"
"bean_500",732,"return method;","return null;","org/apache/commons/beanutils/MethodUtils.java"
"bean_501",737,"cacheMethod(md, method);","// removed call to cacheMethod()","org/apache/commons/beanutils/MethodUtils.java"
"bean_502",738,"return method;","return null;","org/apache/commons/beanutils/MethodUtils.java"
"bean_503",777,"if (method == null) {","if (false) {","org/apache/commons/beanutils/MethodUtils.java"
"bean_504",777,"if (method == null) {","if (true) {","org/apache/commons/beanutils/MethodUtils.java"
"bean_505",782,"if (!Modifier.isPublic(method.getModifiers())) {","if (false) {","org/apache/commons/beanutils/MethodUtils.java"
"bean_506",782,"if (!Modifier.isPublic(method.getModifiers())) {","if (true) {","org/apache/commons/beanutils/MethodUtils.java"
"bean_507",787,"if (clazz == null) {","if (false) {","org/apache/commons/beanutils/MethodUtils.java"
"bean_508",787,"if (clazz == null) {","if (true) {","org/apache/commons/beanutils/MethodUtils.java"
"bean_509",791,"if (!method.getDeclaringClass().isAssignableFrom(clazz)) {","if (false) {","org/apache/commons/beanutils/MethodUtils.java"
"bean_510",791,"if (!method.getDeclaringClass().isAssignableFrom(clazz)) {","if (true) {","org/apache/commons/beanutils/MethodUtils.java"
"bean_511",798,"if (Modifier.isPublic(clazz.getModifiers())) {","if (false) {","org/apache/commons/beanutils/MethodUtils.java"
"bean_512",798,"if (Modifier.isPublic(clazz.getModifiers())) {","if (true) {","org/apache/commons/beanutils/MethodUtils.java"
"bean_513",799,"if (!sameClass && !Modifier.isPublic(method.getDeclaringClass().getModifiers())) {","if (!sameClass && !false) {","org/apache/commons/beanutils/MethodUtils.java"
"bean_514",799,"if (!sameClass && !Modifier.isPublic(method.getDeclaringClass().getModifiers())) {","if (!sameClass && !true) {","org/apache/commons/beanutils/MethodUtils.java"
"bean_515",799,"if (!sameClass && !Modifier.isPublic(method.getDeclaringClass().getModifiers())) {","if (false) {","org/apache/commons/beanutils/MethodUtils.java"
"bean_516",799,"if (!sameClass && !Modifier.isPublic(method.getDeclaringClass().getModifiers())) {","if (true) {","org/apache/commons/beanutils/MethodUtils.java"
"bean_517",800,"setMethodAccessible(method); // Default access superclass workaround","// Default access superclass workaround  // removed call to setMethodAccessible()","org/apache/commons/beanutils/MethodUtils.java"
"bean_518",802,"return (method);","return null;","org/apache/commons/beanutils/MethodUtils.java"
"bean_519",815,"if (method == null) {","if (false) {","org/apache/commons/beanutils/MethodUtils.java"
"bean_520",815,"if (method == null) {","if (true) {","org/apache/commons/beanutils/MethodUtils.java"
"bean_521",821,"return (method);","return null;","org/apache/commons/beanutils/MethodUtils.java"
"bean_522",755,"if (method == null) {","if (false) {","org/apache/commons/beanutils/MethodUtils.java"
"bean_523",755,"if (method == null) {","if (true) {","org/apache/commons/beanutils/MethodUtils.java"
"bean_524",759,"return getAccessibleMethod(method.getDeclaringClass(), method);","return null;","org/apache/commons/beanutils/MethodUtils.java"
"bean_525",873,"for (; clazz != null; clazz = clazz.getSuperclass()) {","for (; false; clazz = clazz.getSuperclass()) {","org/apache/commons/beanutils/MethodUtils.java"
"bean_526",873,"for (; clazz != null; clazz = clazz.getSuperclass()) {","for (; true; clazz = clazz.getSuperclass()) {","org/apache/commons/beanutils/MethodUtils.java"
"bean_527",877,"for (int i = 0; i < interfaces.length; i++) {","for (int i = 0; i <= interfaces.length; i++) {","org/apache/commons/beanutils/MethodUtils.java"
"bean_528",877,"for (int i = 0; i < interfaces.length; i++) {","for (int i = 0; false; i++) {","org/apache/commons/beanutils/MethodUtils.java"
"bean_529",877,"for (int i = 0; i < interfaces.length; i++) {","for (int i = 0; true; i++) {","org/apache/commons/beanutils/MethodUtils.java"
"bean_530",880,"if (!Modifier.isPublic(interfaces[i].getModifiers())) {","if (false) {","org/apache/commons/beanutils/MethodUtils.java"
"bean_531",880,"if (!Modifier.isPublic(interfaces[i].getModifiers())) {","if (true) {","org/apache/commons/beanutils/MethodUtils.java"
"bean_532",893,"if (method != null) {","if (false) {","org/apache/commons/beanutils/MethodUtils.java"
"bean_533",893,"if (method != null) {","if (true) {","org/apache/commons/beanutils/MethodUtils.java"
"bean_534",894,"return method;","return null;","org/apache/commons/beanutils/MethodUtils.java"
"bean_535",902,"if (method != null) {","if (false) {","org/apache/commons/beanutils/MethodUtils.java"
"bean_536",902,"if (method != null) {","if (true) {","org/apache/commons/beanutils/MethodUtils.java"
"bean_537",903,"return method;","return null;","org/apache/commons/beanutils/MethodUtils.java"
"bean_538",840,"while (parentClazz != null) {","while (false) {","org/apache/commons/beanutils/MethodUtils.java"
"bean_539",840,"while (parentClazz != null) {","while (true) {","org/apache/commons/beanutils/MethodUtils.java"
"bean_540",841,"if (Modifier.isPublic(parentClazz.getModifiers())) {","if (false) {","org/apache/commons/beanutils/MethodUtils.java"
"bean_541",841,"if (Modifier.isPublic(parentClazz.getModifiers())) {","if (true) {","org/apache/commons/beanutils/MethodUtils.java"
"bean_542",843,"return parentClazz.getMethod(methodName, parameterTypes);","return null;","org/apache/commons/beanutils/MethodUtils.java"
"bean_543",1281,"if (CACHE_METHODS) {","if (false) {","org/apache/commons/beanutils/MethodUtils.java"
"bean_544",1281,"if (CACHE_METHODS) {","if (true) {","org/apache/commons/beanutils/MethodUtils.java"
"bean_545",1283,"if (methodRef != null) {","if (false) {","org/apache/commons/beanutils/MethodUtils.java"
"bean_546",1283,"if (methodRef != null) {","if (true) {","org/apache/commons/beanutils/MethodUtils.java"
"bean_547",1284,"return methodRef.get();","return null;","org/apache/commons/beanutils/MethodUtils.java"
"bean_548",953,"if (method != null) {","if (false) {","org/apache/commons/beanutils/MethodUtils.java"
"bean_549",953,"if (method != null) {","if (true) {","org/apache/commons/beanutils/MethodUtils.java"
"bean_550",954,"return method;","return null;","org/apache/commons/beanutils/MethodUtils.java"
"bean_551",963,"setMethodAccessible(method); // Default access superclass workaround","// Default access superclass workaround  // removed call to setMethodAccessible()","org/apache/commons/beanutils/MethodUtils.java"
"bean_552",965,"cacheMethod(md, method);","// removed call to cacheMethod()","org/apache/commons/beanutils/MethodUtils.java"
"bean_553",966,"return method;","return null;","org/apache/commons/beanutils/MethodUtils.java"
"bean_554",977,"if (method2.getName().equals(methodName)) {","if (false) {","org/apache/commons/beanutils/MethodUtils.java"
"bean_555",977,"if (method2.getName().equals(methodName)) {","if (true) {","org/apache/commons/beanutils/MethodUtils.java"
"bean_556",987,"if (methodParamSize == paramSize) {","if (false) {","org/apache/commons/beanutils/MethodUtils.java"
"bean_557",987,"if (methodParamSize == paramSize) {","if (true) {","org/apache/commons/beanutils/MethodUtils.java"
"bean_558",989,"for (int n = 0 ; n < methodParamSize; n++) {","for (int n = 0 ; n <= methodParamSize; n++) {","org/apache/commons/beanutils/MethodUtils.java"
"bean_559",989,"for (int n = 0 ; n < methodParamSize; n++) {","for (int n = 0 ; false; n++) {","org/apache/commons/beanutils/MethodUtils.java"
"bean_560",989,"for (int n = 0 ; n < methodParamSize; n++) {","for (int n = 0 ; true; n++) {","org/apache/commons/beanutils/MethodUtils.java"
"bean_561",994,"if (!isAssignmentCompatible(methodsParams[n], parameterTypes[n])) {","if (false) {","org/apache/commons/beanutils/MethodUtils.java"
"bean_562",994,"if (!isAssignmentCompatible(methodsParams[n], parameterTypes[n])) {","if (true) {","org/apache/commons/beanutils/MethodUtils.java"
"bean_563",1004,"if (match) {","if (false) {","org/apache/commons/beanutils/MethodUtils.java"
"bean_564",1004,"if (match) {","if (true) {","org/apache/commons/beanutils/MethodUtils.java"
"bean_565",1007,"if (method != null) {","if (false) {","org/apache/commons/beanutils/MethodUtils.java"
"bean_566",1007,"if (method != null) {","if (true) {","org/apache/commons/beanutils/MethodUtils.java"
"bean_567",1012,"setMethodAccessible(method); // Default access superclass workaround","// Default access superclass workaround  // removed call to setMethodAccessible()","org/apache/commons/beanutils/MethodUtils.java"
"bean_568",1014,"if ( myCost < bestMatchCost ) {","if ( myCost <= bestMatchCost ) {","org/apache/commons/beanutils/MethodUtils.java"
"bean_569",1014,"if ( myCost < bestMatchCost ) {","if ( false ) {","org/apache/commons/beanutils/MethodUtils.java"
"bean_570",1014,"if ( myCost < bestMatchCost ) {","if ( true ) {","org/apache/commons/beanutils/MethodUtils.java"
"bean_571",1025,"if ( bestMatch != null ){","if ( false ){","org/apache/commons/beanutils/MethodUtils.java"
"bean_572",1025,"if ( bestMatch != null ){","if ( true ){","org/apache/commons/beanutils/MethodUtils.java"
"bean_573",1026,"cacheMethod(md, bestMatch);","// removed call to cacheMethod()","org/apache/commons/beanutils/MethodUtils.java"
"bean_574",1032,"return bestMatch;","return null;","org/apache/commons/beanutils/MethodUtils.java"
"bean_575",1121,"while (srcClass != null && !destClass.equals(srcClass)) {","while (false && !destClass.equals(srcClass)) {","org/apache/commons/beanutils/MethodUtils.java"
"bean_576",1121,"while (srcClass != null && !destClass.equals(srcClass)) {","while (true && !destClass.equals(srcClass)) {","org/apache/commons/beanutils/MethodUtils.java"
"bean_577",1121,"while (srcClass != null && !destClass.equals(srcClass)) {","while (srcClass != null && false) {","org/apache/commons/beanutils/MethodUtils.java"
"bean_578",1121,"while (srcClass != null && !destClass.equals(srcClass)) {","while (srcClass != null && true) {","org/apache/commons/beanutils/MethodUtils.java"
"bean_579",1122,"if (destClass.isPrimitive()) {","if (false) {","org/apache/commons/beanutils/MethodUtils.java"
"bean_580",1122,"if (destClass.isPrimitive()) {","if (true) {","org/apache/commons/beanutils/MethodUtils.java"
"bean_581",1124,"if (destClassWrapperClazz != null && destClassWrapperClazz.equals(srcClass)) {","if (false && destClassWrapperClazz.equals(srcClass)) {","org/apache/commons/beanutils/MethodUtils.java"
"bean_582",1124,"if (destClassWrapperClazz != null && destClassWrapperClazz.equals(srcClass)) {","if (true && destClassWrapperClazz.equals(srcClass)) {","org/apache/commons/beanutils/MethodUtils.java"
"bean_583",1124,"if (destClassWrapperClazz != null && destClassWrapperClazz.equals(srcClass)) {","if (destClassWrapperClazz != null && false) {","org/apache/commons/beanutils/MethodUtils.java"
"bean_584",1124,"if (destClassWrapperClazz != null && destClassWrapperClazz.equals(srcClass)) {","if (destClassWrapperClazz != null && true) {","org/apache/commons/beanutils/MethodUtils.java"
"bean_585",1129,"if (destClass.isInterface() && isAssignmentCompatible(destClass,srcClass)) {","if (destClass.isInterface() && false) {","org/apache/commons/beanutils/MethodUtils.java"
"bean_586",1129,"if (destClass.isInterface() && isAssignmentCompatible(destClass,srcClass)) {","if (destClass.isInterface() && true) {","org/apache/commons/beanutils/MethodUtils.java"
"bean_587",1129,"if (destClass.isInterface() && isAssignmentCompatible(destClass,srcClass)) {","if (false) {","org/apache/commons/beanutils/MethodUtils.java"
"bean_588",1129,"if (destClass.isInterface() && isAssignmentCompatible(destClass,srcClass)) {","if (true) {","org/apache/commons/beanutils/MethodUtils.java"
"bean_589",1145,"if (srcClass == null) {","if (false) {","org/apache/commons/beanutils/MethodUtils.java"
"bean_590",1145,"if (srcClass == null) {","if (true) {","org/apache/commons/beanutils/MethodUtils.java"
"bean_591",1149,"return cost;","return 0.0f();","org/apache/commons/beanutils/MethodUtils.java"
"bean_592",1228,"if (Boolean.class.equals(wrapperType)) {","if (false) {","org/apache/commons/beanutils/MethodUtils.java"
"bean_593",1228,"if (Boolean.class.equals(wrapperType)) {","if (true) {","org/apache/commons/beanutils/MethodUtils.java"
"bean_594",1229,"return boolean.class;","return null;","org/apache/commons/beanutils/MethodUtils.java"
"bean_595",1230,"} else if (Float.class.equals(wrapperType)) {","} else if (false) {","org/apache/commons/beanutils/MethodUtils.java"
"bean_596",1230,"} else if (Float.class.equals(wrapperType)) {","} else if (true) {","org/apache/commons/beanutils/MethodUtils.java"
"bean_597",1231,"return float.class;","return null;","org/apache/commons/beanutils/MethodUtils.java"
"bean_598",1232,"} else if (Long.class.equals(wrapperType)) {","} else if (false) {","org/apache/commons/beanutils/MethodUtils.java"
"bean_599",1232,"} else if (Long.class.equals(wrapperType)) {","} else if (true) {","org/apache/commons/beanutils/MethodUtils.java"
"bean_600",1233,"return long.class;","return null;","org/apache/commons/beanutils/MethodUtils.java"
"bean_601",1234,"} else if (Integer.class.equals(wrapperType)) {","} else if (false) {","org/apache/commons/beanutils/MethodUtils.java"
"bean_602",1234,"} else if (Integer.class.equals(wrapperType)) {","} else if (true) {","org/apache/commons/beanutils/MethodUtils.java"
"bean_603",1235,"return int.class;","return null;","org/apache/commons/beanutils/MethodUtils.java"
"bean_604",1236,"} else if (Short.class.equals(wrapperType)) {","} else if (false) {","org/apache/commons/beanutils/MethodUtils.java"
"bean_605",1236,"} else if (Short.class.equals(wrapperType)) {","} else if (true) {","org/apache/commons/beanutils/MethodUtils.java"
"bean_606",1237,"return short.class;","return null;","org/apache/commons/beanutils/MethodUtils.java"
"bean_607",1238,"} else if (Byte.class.equals(wrapperType)) {","} else if (false) {","org/apache/commons/beanutils/MethodUtils.java"
"bean_608",1238,"} else if (Byte.class.equals(wrapperType)) {","} else if (true) {","org/apache/commons/beanutils/MethodUtils.java"
"bean_609",1239,"return byte.class;","return null;","org/apache/commons/beanutils/MethodUtils.java"
"bean_610",1240,"} else if (Double.class.equals(wrapperType)) {","} else if (false) {","org/apache/commons/beanutils/MethodUtils.java"
"bean_611",1240,"} else if (Double.class.equals(wrapperType)) {","} else if (true) {","org/apache/commons/beanutils/MethodUtils.java"
"bean_612",1241,"return double.class;","return null;","org/apache/commons/beanutils/MethodUtils.java"
"bean_613",1242,"} else if (Character.class.equals(wrapperType)) {","} else if (false) {","org/apache/commons/beanutils/MethodUtils.java"
"bean_614",1242,"} else if (Character.class.equals(wrapperType)) {","} else if (true) {","org/apache/commons/beanutils/MethodUtils.java"
"bean_615",1243,"return char.class;","return null;","org/apache/commons/beanutils/MethodUtils.java"
"bean_616",1197,"if (boolean.class.equals(primitiveType)) {","if (false) {","org/apache/commons/beanutils/MethodUtils.java"
"bean_617",1197,"if (boolean.class.equals(primitiveType)) {","if (true) {","org/apache/commons/beanutils/MethodUtils.java"
"bean_618",1198,"return Boolean.class;","return null;","org/apache/commons/beanutils/MethodUtils.java"
"bean_619",1199,"} else if (float.class.equals(primitiveType)) {","} else if (false) {","org/apache/commons/beanutils/MethodUtils.java"
"bean_620",1199,"} else if (float.class.equals(primitiveType)) {","} else if (true) {","org/apache/commons/beanutils/MethodUtils.java"
"bean_621",1200,"return Float.class;","return null;","org/apache/commons/beanutils/MethodUtils.java"
"bean_622",1201,"} else if (long.class.equals(primitiveType)) {","} else if (false) {","org/apache/commons/beanutils/MethodUtils.java"
"bean_623",1201,"} else if (long.class.equals(primitiveType)) {","} else if (true) {","org/apache/commons/beanutils/MethodUtils.java"
"bean_624",1202,"return Long.class;","return null;","org/apache/commons/beanutils/MethodUtils.java"
"bean_625",1203,"} else if (int.class.equals(primitiveType)) {","} else if (false) {","org/apache/commons/beanutils/MethodUtils.java"
"bean_626",1203,"} else if (int.class.equals(primitiveType)) {","} else if (true) {","org/apache/commons/beanutils/MethodUtils.java"
"bean_627",1204,"return Integer.class;","return null;","org/apache/commons/beanutils/MethodUtils.java"
"bean_628",1205,"} else if (short.class.equals(primitiveType)) {","} else if (false) {","org/apache/commons/beanutils/MethodUtils.java"
"bean_629",1205,"} else if (short.class.equals(primitiveType)) {","} else if (true) {","org/apache/commons/beanutils/MethodUtils.java"
"bean_630",1206,"return Short.class;","return null;","org/apache/commons/beanutils/MethodUtils.java"
"bean_631",1207,"} else if (byte.class.equals(primitiveType)) {","} else if (false) {","org/apache/commons/beanutils/MethodUtils.java"
"bean_632",1207,"} else if (byte.class.equals(primitiveType)) {","} else if (true) {","org/apache/commons/beanutils/MethodUtils.java"
"bean_633",1208,"return Byte.class;","return null;","org/apache/commons/beanutils/MethodUtils.java"
"bean_634",1209,"} else if (double.class.equals(primitiveType)) {","} else if (false) {","org/apache/commons/beanutils/MethodUtils.java"
"bean_635",1209,"} else if (double.class.equals(primitiveType)) {","} else if (true) {","org/apache/commons/beanutils/MethodUtils.java"
"bean_636",1210,"return Double.class;","return null;","org/apache/commons/beanutils/MethodUtils.java"
"bean_637",1211,"} else if (char.class.equals(primitiveType)) {","} else if (false) {","org/apache/commons/beanutils/MethodUtils.java"
"bean_638",1211,"} else if (char.class.equals(primitiveType)) {","} else if (true) {","org/apache/commons/beanutils/MethodUtils.java"
"bean_639",1212,"return Character.class;","return null;","org/apache/commons/beanutils/MethodUtils.java"
"bean_640",1101,"for (int i = 0; i < srcArgs.length; i++) {","for (int i = 0; i <= srcArgs.length; i++) {","org/apache/commons/beanutils/MethodUtils.java"
"bean_641",1101,"for (int i = 0; i < srcArgs.length; i++) {","for (int i = 0; false; i++) {","org/apache/commons/beanutils/MethodUtils.java"
"bean_642",1101,"for (int i = 0; i < srcArgs.length; i++) {","for (int i = 0; true; i++) {","org/apache/commons/beanutils/MethodUtils.java"
"bean_643",1108,"return totalCost;","return 0.0f();","org/apache/commons/beanutils/MethodUtils.java"
"bean_644",312,"return invokeExactMethod(object, methodName, args);","return null;","org/apache/commons/beanutils/MethodUtils.java"
"bean_645",344,"if (args == null) {","if (false) {","org/apache/commons/beanutils/MethodUtils.java"
"bean_646",344,"if (args == null) {","if (true) {","org/apache/commons/beanutils/MethodUtils.java"
"bean_647",349,"for (int i = 0; i < arguments; i++) {","for (int i = 0; i <= arguments; i++) {","org/apache/commons/beanutils/MethodUtils.java"
"bean_648",349,"for (int i = 0; i < arguments; i++) {","for (int i = 0; false; i++) {","org/apache/commons/beanutils/MethodUtils.java"
"bean_649",349,"for (int i = 0; i < arguments; i++) {","for (int i = 0; true; i++) {","org/apache/commons/beanutils/MethodUtils.java"
"bean_650",352,"return invokeExactMethod(object, methodName, args, parameterTypes);","return null;","org/apache/commons/beanutils/MethodUtils.java"
"bean_651",386,"if (args == null) {","if (false) {","org/apache/commons/beanutils/MethodUtils.java"
"bean_652",386,"if (args == null) {","if (true) {","org/apache/commons/beanutils/MethodUtils.java"
"bean_653",390,"if (parameterTypes == null) {","if (false) {","org/apache/commons/beanutils/MethodUtils.java"
"bean_654",390,"if (parameterTypes == null) {","if (true) {","org/apache/commons/beanutils/MethodUtils.java"
"bean_655",398,"if (method == null) {","if (false) {","org/apache/commons/beanutils/MethodUtils.java"
"bean_656",398,"if (method == null) {","if (true) {","org/apache/commons/beanutils/MethodUtils.java"
"bean_657",402,"return method.invoke(object, args);","return null;","org/apache/commons/beanutils/MethodUtils.java"
"bean_658",636,"return invokeExactStaticMethod (objectClass, methodName, args);","return null;","org/apache/commons/beanutils/MethodUtils.java"
"bean_659",668,"if (args == null) {","if (false) {","org/apache/commons/beanutils/MethodUtils.java"
"bean_660",668,"if (args == null) {","if (true) {","org/apache/commons/beanutils/MethodUtils.java"
"bean_661",673,"for (int i = 0; i < arguments; i++) {","for (int i = 0; i <= arguments; i++) {","org/apache/commons/beanutils/MethodUtils.java"
"bean_662",673,"for (int i = 0; i < arguments; i++) {","for (int i = 0; false; i++) {","org/apache/commons/beanutils/MethodUtils.java"
"bean_663",673,"for (int i = 0; i < arguments; i++) {","for (int i = 0; true; i++) {","org/apache/commons/beanutils/MethodUtils.java"
"bean_664",676,"return invokeExactStaticMethod(objectClass, methodName, args, parameterTypes);","return null;","org/apache/commons/beanutils/MethodUtils.java"
"bean_665",436,"if (args == null) {","if (false) {","org/apache/commons/beanutils/MethodUtils.java"
"bean_666",436,"if (args == null) {","if (true) {","org/apache/commons/beanutils/MethodUtils.java"
"bean_667",440,"if (parameterTypes == null) {","if (false) {","org/apache/commons/beanutils/MethodUtils.java"
"bean_668",440,"if (parameterTypes == null) {","if (true) {","org/apache/commons/beanutils/MethodUtils.java"
"bean_669",448,"if (method == null) {","if (false) {","org/apache/commons/beanutils/MethodUtils.java"
"bean_670",448,"if (method == null) {","if (true) {","org/apache/commons/beanutils/MethodUtils.java"
"bean_671",452,"return method.invoke(null, args);","return null;","org/apache/commons/beanutils/MethodUtils.java"
"bean_672",173,"return invokeMethod(object, methodName, args);","return null;","org/apache/commons/beanutils/MethodUtils.java"
"bean_673",214,"if (args == null) {","if (false) {","org/apache/commons/beanutils/MethodUtils.java"
"bean_674",214,"if (args == null) {","if (true) {","org/apache/commons/beanutils/MethodUtils.java"
"bean_675",219,"for (int i = 0; i < arguments; i++) {","for (int i = 0; i <= arguments; i++) {","org/apache/commons/beanutils/MethodUtils.java"
"bean_676",219,"for (int i = 0; i < arguments; i++) {","for (int i = 0; false; i++) {","org/apache/commons/beanutils/MethodUtils.java"
"bean_677",219,"for (int i = 0; i < arguments; i++) {","for (int i = 0; true; i++) {","org/apache/commons/beanutils/MethodUtils.java"
"bean_678",222,"return invokeMethod(object, methodName, args, parameterTypes);","return null;","org/apache/commons/beanutils/MethodUtils.java"
"bean_679",263,"if (parameterTypes == null) {","if (false) {","org/apache/commons/beanutils/MethodUtils.java"
"bean_680",263,"if (parameterTypes == null) {","if (true) {","org/apache/commons/beanutils/MethodUtils.java"
"bean_681",266,"if (args == null) {","if (false) {","org/apache/commons/beanutils/MethodUtils.java"
"bean_682",266,"if (args == null) {","if (true) {","org/apache/commons/beanutils/MethodUtils.java"
"bean_683",274,"if (method == null) {","if (false) {","org/apache/commons/beanutils/MethodUtils.java"
"bean_684",274,"if (method == null) {","if (true) {","org/apache/commons/beanutils/MethodUtils.java"
"bean_685",278,"return method.invoke(object, args);","return null;","org/apache/commons/beanutils/MethodUtils.java"
"bean_686",494,"return invokeStaticMethod (objectClass, methodName, args);","return null;","org/apache/commons/beanutils/MethodUtils.java"
"bean_687",536,"if (args == null) {","if (false) {","org/apache/commons/beanutils/MethodUtils.java"
"bean_688",536,"if (args == null) {","if (true) {","org/apache/commons/beanutils/MethodUtils.java"
"bean_689",541,"for (int i = 0; i < arguments; i++) {","for (int i = 0; i <= arguments; i++) {","org/apache/commons/beanutils/MethodUtils.java"
"bean_690",541,"for (int i = 0; i < arguments; i++) {","for (int i = 0; false; i++) {","org/apache/commons/beanutils/MethodUtils.java"
"bean_691",541,"for (int i = 0; i < arguments; i++) {","for (int i = 0; true; i++) {","org/apache/commons/beanutils/MethodUtils.java"
"bean_692",544,"return invokeStaticMethod (objectClass, methodName, args, parameterTypes);","return null;","org/apache/commons/beanutils/MethodUtils.java"
"bean_693",586,"if (parameterTypes == null) {","if (false) {","org/apache/commons/beanutils/MethodUtils.java"
"bean_694",586,"if (parameterTypes == null) {","if (true) {","org/apache/commons/beanutils/MethodUtils.java"
"bean_695",589,"if (args == null) {","if (false) {","org/apache/commons/beanutils/MethodUtils.java"
"bean_696",589,"if (args == null) {","if (true) {","org/apache/commons/beanutils/MethodUtils.java"
"bean_697",597,"if (method == null) {","if (false) {","org/apache/commons/beanutils/MethodUtils.java"
"bean_698",597,"if (method == null) {","if (true) {","org/apache/commons/beanutils/MethodUtils.java"
"bean_699",601,"return method.invoke(null, args);","return null;","org/apache/commons/beanutils/MethodUtils.java"
"bean_700",1172,"if (parameterType.isAssignableFrom(parameterization)) {","if (false) {","org/apache/commons/beanutils/MethodUtils.java"
"bean_701",1172,"if (parameterType.isAssignableFrom(parameterization)) {","if (true) {","org/apache/commons/beanutils/MethodUtils.java"
"bean_702",1173,"return true;","return false;","org/apache/commons/beanutils/MethodUtils.java"
"bean_703",1176,"if (parameterType.isPrimitive()) {","if (false) {","org/apache/commons/beanutils/MethodUtils.java"
"bean_704",1176,"if (parameterType.isPrimitive()) {","if (true) {","org/apache/commons/beanutils/MethodUtils.java"
"bean_705",1180,"if (parameterWrapperClazz != null) {","if (false) {","org/apache/commons/beanutils/MethodUtils.java"
"bean_706",1180,"if (parameterWrapperClazz != null) {","if (true) {","org/apache/commons/beanutils/MethodUtils.java"
"bean_707",1181,"return parameterWrapperClazz.equals(parameterization);","return false;","org/apache/commons/beanutils/MethodUtils.java"
"bean_708",1181,"return parameterWrapperClazz.equals(parameterization);","return true;","org/apache/commons/beanutils/MethodUtils.java"
"bean_709",1185,"return false;","return true;","org/apache/commons/beanutils/MethodUtils.java"
"bean_710",119,"if (!CACHE_METHODS) {","if (false) {","org/apache/commons/beanutils/MethodUtils.java"
"bean_711",119,"if (!CACHE_METHODS) {","if (true) {","org/apache/commons/beanutils/MethodUtils.java"
"bean_712",1057,"if (!method.isAccessible()) {","if (false) {","org/apache/commons/beanutils/MethodUtils.java"
"bean_713",1057,"if (!method.isAccessible()) {","if (true) {","org/apache/commons/beanutils/MethodUtils.java"
"bean_714",1058,"method.setAccessible(true);","// removed call to setAccessible()","org/apache/commons/beanutils/MethodUtils.java"
"bean_715",1064,"if (!loggedAccessibleWarning) {","if (false) {","org/apache/commons/beanutils/MethodUtils.java"
"bean_716",1064,"if (!loggedAccessibleWarning) {","if (true) {","org/apache/commons/beanutils/MethodUtils.java"
"bean_717",1068,"if (specVersion.charAt(0) == '1' &&","if (false &&","org/apache/commons/beanutils/MethodUtils.java"
"bean_718",1068,"if (specVersion.charAt(0) == '1' &&","if (true &&","org/apache/commons/beanutils/MethodUtils.java"
"bean_719",1069,"(specVersion.charAt(2) == '0' ||","(false ||","org/apache/commons/beanutils/MethodUtils.java"
"bean_720",1069,"(specVersion.charAt(2) == '0' ||","(true ||","org/apache/commons/beanutils/MethodUtils.java"
"bean_721",1070,"specVersion.charAt(2) == '1' ||","false ||","org/apache/commons/beanutils/MethodUtils.java"
"bean_722",1070,"specVersion.charAt(2) == '1' ||","true ||","org/apache/commons/beanutils/MethodUtils.java"
"bean_723",1071,"specVersion.charAt(2) == '2' ||","false ||","org/apache/commons/beanutils/MethodUtils.java"
"bean_724",1071,"specVersion.charAt(2) == '2' ||","true ||","org/apache/commons/beanutils/MethodUtils.java"
"bean_725",1072,"specVersion.charAt(2) == '3')) {","false)) {","org/apache/commons/beanutils/MethodUtils.java"
"bean_726",1072,"specVersion.charAt(2) == '3')) {","true)) {","org/apache/commons/beanutils/MethodUtils.java"
"bean_727",1080,"if (vulnerableJVM) {","if (false) {","org/apache/commons/beanutils/MethodUtils.java"
"bean_728",1080,"if (vulnerableJVM) {","if (true) {","org/apache/commons/beanutils/MethodUtils.java"
"bean_729",682,"if (arg != null) {","if (false) {","org/apache/commons/beanutils/MethodUtils.java"
"bean_730",682,"if (arg != null) {","if (true) {","org/apache/commons/beanutils/MethodUtils.java"
"bean_731",685,"return args;","return null;","org/apache/commons/beanutils/MethodUtils.java"
"bean_732",1260,"if (clazz.isPrimitive()) {","if (false) {","org/apache/commons/beanutils/MethodUtils.java"
"bean_733",1260,"if (clazz.isPrimitive()) {","if (true) {","org/apache/commons/beanutils/MethodUtils.java"
"bean_734",1263,"if (primitiveClazz != null) {","if (false) {","org/apache/commons/beanutils/MethodUtils.java"
"bean_735",1263,"if (primitiveClazz != null) {","if (true) {","org/apache/commons/beanutils/MethodUtils.java"
"bean_736",1264,"return primitiveClazz;","return null;","org/apache/commons/beanutils/MethodUtils.java"
"bean_737",1266,"return clazz;","return null;","org/apache/commons/beanutils/MethodUtils.java"
"bean_738",1269,"return clazz;","return null;","org/apache/commons/beanutils/MethodUtils.java"
"bean_739",1323,"if (cls == null) {","if (false) {","org/apache/commons/beanutils/MethodUtils.java"
"bean_740",1323,"if (cls == null) {","if (true) {","org/apache/commons/beanutils/MethodUtils.java"
"bean_741",1326,"if (methodName == null) {","if (false) {","org/apache/commons/beanutils/MethodUtils.java"
"bean_742",1326,"if (methodName == null) {","if (true) {","org/apache/commons/beanutils/MethodUtils.java"
"bean_743",1329,"if (paramTypes == null) {","if (false) {","org/apache/commons/beanutils/MethodUtils.java"
"bean_744",1329,"if (paramTypes == null) {","if (true) {","org/apache/commons/beanutils/MethodUtils.java"
"bean_745",1347,"if (!(obj instanceof MethodDescriptor)) {","if (!(false)) {","org/apache/commons/beanutils/MethodUtils.java"
"bean_746",1347,"if (!(obj instanceof MethodDescriptor)) {","if (!(true)) {","org/apache/commons/beanutils/MethodUtils.java"
"bean_747",1348,"return false;","return true;","org/apache/commons/beanutils/MethodUtils.java"
"bean_748",1352,"return (","return true;","org/apache/commons/beanutils/MethodUtils.java"
"bean_749",1354,"methodName.equals(md.methodName) &&","false &&","org/apache/commons/beanutils/MethodUtils.java"
"bean_750",1354,"methodName.equals(md.methodName) &&","true &&","org/apache/commons/beanutils/MethodUtils.java"
"bean_751",1355,"cls.equals(md.cls) &&","false &&","org/apache/commons/beanutils/MethodUtils.java"
"bean_752",1355,"cls.equals(md.cls) &&","true &&","org/apache/commons/beanutils/MethodUtils.java"
"bean_753",1356,"java.util.Arrays.equals(paramTypes, md.paramTypes)","false","org/apache/commons/beanutils/MethodUtils.java"
"bean_754",1356,"java.util.Arrays.equals(paramTypes, md.paramTypes)","true","org/apache/commons/beanutils/MethodUtils.java"
"bean_755",1368,"return hashCode;","return 0;","org/apache/commons/beanutils/MethodUtils.java"
"bean_756",160,"converters.setFast(false);","// removed call to setFast()","org/apache/commons/beanutils/ConvertUtilsBean.java"
"bean_757",161,"deregister();","// removed call to deregister()","org/apache/commons/beanutils/ConvertUtilsBean.java"
"bean_758",162,"converters.setFast(true);","// removed call to setFast()","org/apache/commons/beanutils/ConvertUtilsBean.java"
"bean_759",447,"if (value == null) {","if (false) {","org/apache/commons/beanutils/ConvertUtilsBean.java"
"bean_760",447,"if (value == null) {","if (true) {","org/apache/commons/beanutils/ConvertUtilsBean.java"
"bean_761",448,"return null;","return """";","org/apache/commons/beanutils/ConvertUtilsBean.java"
"bean_762",449,"} else if (value.getClass().isArray()) {","} else if (false) {","org/apache/commons/beanutils/ConvertUtilsBean.java"
"bean_763",449,"} else if (value.getClass().isArray()) {","} else if (true) {","org/apache/commons/beanutils/ConvertUtilsBean.java"
"bean_764",450,"if (Array.getLength(value) < 1) {","if (Array.getLength(value) <= 1) {","org/apache/commons/beanutils/ConvertUtilsBean.java"
"bean_765",450,"if (Array.getLength(value) < 1) {","if (false) {","org/apache/commons/beanutils/ConvertUtilsBean.java"
"bean_766",450,"if (Array.getLength(value) < 1) {","if (true) {","org/apache/commons/beanutils/ConvertUtilsBean.java"
"bean_767",451,"return (null);","return """";","org/apache/commons/beanutils/ConvertUtilsBean.java"
"bean_768",454,"if (value == null) {","if (false) {","org/apache/commons/beanutils/ConvertUtilsBean.java"
"bean_769",454,"if (value == null) {","if (true) {","org/apache/commons/beanutils/ConvertUtilsBean.java"
"bean_770",455,"return null;","return """";","org/apache/commons/beanutils/ConvertUtilsBean.java"
"bean_771",458,"return (converter.convert(String.class, value));","return """";","org/apache/commons/beanutils/ConvertUtilsBean.java"
"bean_772",462,"return (converter.convert(String.class, value));","return """";","org/apache/commons/beanutils/ConvertUtilsBean.java"
"bean_773",548,"final Class<?> sourceType = value == null ? null : value.getClass();","false?> sourceType = value == null ? null : value.getClass();","org/apache/commons/beanutils/ConvertUtilsBean.java"
"bean_774",548,"final Class<?> sourceType = value == null ? null : value.getClass();","true?> sourceType = value == null ? null : value.getClass();","org/apache/commons/beanutils/ConvertUtilsBean.java"
"bean_775",551,"if (value == null) {","if (false) {","org/apache/commons/beanutils/ConvertUtilsBean.java"
"bean_776",551,"if (value == null) {","if (true) {","org/apache/commons/beanutils/ConvertUtilsBean.java"
"bean_777",562,"if (converter != null) {","if (false) {","org/apache/commons/beanutils/ConvertUtilsBean.java"
"bean_778",562,"if (converter != null) {","if (true) {","org/apache/commons/beanutils/ConvertUtilsBean.java"
"bean_779",568,"if (String.class.equals(targetType) && converted != null &&","if (false && converted != null &&","org/apache/commons/beanutils/ConvertUtilsBean.java"
"bean_780",568,"if (String.class.equals(targetType) && converted != null &&","if (true && converted != null &&","org/apache/commons/beanutils/ConvertUtilsBean.java"
"bean_781",568,"if (String.class.equals(targetType) && converted != null &&","if (String.class.equals(targetType) && false &&","org/apache/commons/beanutils/ConvertUtilsBean.java"
"bean_782",568,"if (String.class.equals(targetType) && converted != null &&","if (String.class.equals(targetType) && true &&","org/apache/commons/beanutils/ConvertUtilsBean.java"
"bean_783",568,"if (String.class.equals(targetType) && converted != null &&","if (false) && converted != null &&","org/apache/commons/beanutils/ConvertUtilsBean.java"
"bean_784",568,"if (String.class.equals(targetType) && converted != null &&","if (true) && converted != null &&","org/apache/commons/beanutils/ConvertUtilsBean.java"
"bean_785",575,"if (converter != null) {","if (false) {","org/apache/commons/beanutils/ConvertUtilsBean.java"
"bean_786",575,"if (converter != null) {","if (true) {","org/apache/commons/beanutils/ConvertUtilsBean.java"
"bean_787",583,"if (converted != null && !(converted instanceof String)) {","if (false && !(converted instanceof String)) {","org/apache/commons/beanutils/ConvertUtilsBean.java"
"bean_788",583,"if (converted != null && !(converted instanceof String)) {","if (true && !(converted instanceof String)) {","org/apache/commons/beanutils/ConvertUtilsBean.java"
"bean_789",583,"if (converted != null && !(converted instanceof String)) {","if (converted != null && !(false)) {","org/apache/commons/beanutils/ConvertUtilsBean.java"
"bean_790",583,"if (converted != null && !(converted instanceof String)) {","if (converted != null && !(true)) {","org/apache/commons/beanutils/ConvertUtilsBean.java"
"bean_791",588,"return converted;","return null;","org/apache/commons/beanutils/ConvertUtilsBean.java"
"bean_792",485,"if (converter == null) {","if (false) {","org/apache/commons/beanutils/ConvertUtilsBean.java"
"bean_793",485,"if (converter == null) {","if (true) {","org/apache/commons/beanutils/ConvertUtilsBean.java"
"bean_794",491,"return (converter.convert(clazz, value));","return null;","org/apache/commons/beanutils/ConvertUtilsBean.java"
"bean_795",512,"if (clazz.isArray()) {","if (false) {","org/apache/commons/beanutils/ConvertUtilsBean.java"
"bean_796",512,"if (clazz.isArray()) {","if (true) {","org/apache/commons/beanutils/ConvertUtilsBean.java"
"bean_797",520,"if (converter == null) {","if (false) {","org/apache/commons/beanutils/ConvertUtilsBean.java"
"bean_798",520,"if (converter == null) {","if (true) {","org/apache/commons/beanutils/ConvertUtilsBean.java"
"bean_799",527,"for (int i = 0; i < values.length; i++) {","for (int i = 0; i <= values.length; i++) {","org/apache/commons/beanutils/ConvertUtilsBean.java"
"bean_800",527,"for (int i = 0; i < values.length; i++) {","for (int i = 0; false; i++) {","org/apache/commons/beanutils/ConvertUtilsBean.java"
"bean_801",527,"for (int i = 0; i < values.length; i++) {","for (int i = 0; true; i++) {","org/apache/commons/beanutils/ConvertUtilsBean.java"
"bean_802",528,"Array.set(array, i, converter.convert(type, values[i]));","Array.set(array, i, converter.convert(type, values[i]));  // removed call to set()","org/apache/commons/beanutils/ConvertUtilsBean.java"
"bean_803",530,"return (array);","return null;","org/apache/commons/beanutils/ConvertUtilsBean.java"
"bean_804",598,"converters.clear();","// removed call to clear()","org/apache/commons/beanutils/ConvertUtilsBean.java"
"bean_805",600,"registerPrimitives(false);","// removed call to registerPrimitives()","org/apache/commons/beanutils/ConvertUtilsBean.java"
"bean_806",601,"registerStandard(false, false);","// removed call to registerStandard()","org/apache/commons/beanutils/ConvertUtilsBean.java"
"bean_807",602,"registerOther(true);","// removed call to registerOther()","org/apache/commons/beanutils/ConvertUtilsBean.java"
"bean_808",603,"registerArrays(false, 0);","// removed call to registerArrays()","org/apache/commons/beanutils/ConvertUtilsBean.java"
"bean_809",604,"register(BigDecimal.class, new BigDecimalConverter());","register(BigDecimal.class, new BigDecimalConverter());  // removed call to register()","org/apache/commons/beanutils/ConvertUtilsBean.java"
"bean_810",605,"register(BigInteger.class, new BigIntegerConverter());","register(BigInteger.class, new BigIntegerConverter());  // removed call to register()","org/apache/commons/beanutils/ConvertUtilsBean.java"
"bean_811",183,"return (defaultBoolean.booleanValue());","return false;","org/apache/commons/beanutils/ConvertUtilsBean.java"
"bean_812",183,"return (defaultBoolean.booleanValue());","return true;","org/apache/commons/beanutils/ConvertUtilsBean.java"
"bean_813",216,"return (defaultByte.byteValue());","return 0;","org/apache/commons/beanutils/ConvertUtilsBean.java"
"bean_814",249,"return (defaultCharacter.charValue());","return 0;","org/apache/commons/beanutils/ConvertUtilsBean.java"
"bean_815",284,"return (defaultDouble.doubleValue());","return 0.0d();","org/apache/commons/beanutils/ConvertUtilsBean.java"
"bean_816",317,"return (defaultFloat.floatValue());","return 0.0f();","org/apache/commons/beanutils/ConvertUtilsBean.java"
"bean_817",350,"return (defaultInteger.intValue());","return 0;","org/apache/commons/beanutils/ConvertUtilsBean.java"
"bean_818",383,"return (defaultLong.longValue());","return 0;","org/apache/commons/beanutils/ConvertUtilsBean.java"
"bean_819",416,"return (defaultShort.shortValue());","return 0;","org/apache/commons/beanutils/ConvertUtilsBean.java"
"bean_820",138,"return BeanUtilsBean.getInstance().getConvertUtils();","return null;","org/apache/commons/beanutils/ConvertUtilsBean.java"
"bean_821",834,"return (converters.get(clazz));","return null;","org/apache/commons/beanutils/ConvertUtilsBean.java"
"bean_822",849,"if (targetType == null) {","if (false) {","org/apache/commons/beanutils/ConvertUtilsBean.java"
"bean_823",849,"if (targetType == null) {","if (true) {","org/apache/commons/beanutils/ConvertUtilsBean.java"
"bean_824",852,"if (sourceType == null) {","if (false) {","org/apache/commons/beanutils/ConvertUtilsBean.java"
"bean_825",852,"if (sourceType == null) {","if (true) {","org/apache/commons/beanutils/ConvertUtilsBean.java"
"bean_826",853,"return lookup(targetType);","return null;","org/apache/commons/beanutils/ConvertUtilsBean.java"
"bean_827",858,"if (targetType == String.class) {","if (false) {","org/apache/commons/beanutils/ConvertUtilsBean.java"
"bean_828",858,"if (targetType == String.class) {","if (true) {","org/apache/commons/beanutils/ConvertUtilsBean.java"
"bean_829",860,"if (converter == null && (sourceType.isArray() ||","if (false && (sourceType.isArray() ||","org/apache/commons/beanutils/ConvertUtilsBean.java"
"bean_830",860,"if (converter == null && (sourceType.isArray() ||","if (true && (sourceType.isArray() ||","org/apache/commons/beanutils/ConvertUtilsBean.java"
"bean_831",860,"if (converter == null && (sourceType.isArray() ||","if (false) ||","org/apache/commons/beanutils/ConvertUtilsBean.java"
"bean_832",860,"if (converter == null && (sourceType.isArray() ||","if (true) ||","org/apache/commons/beanutils/ConvertUtilsBean.java"
"bean_833",864,"if (converter == null) {","if (false) {","org/apache/commons/beanutils/ConvertUtilsBean.java"
"bean_834",864,"if (converter == null) {","if (true) {","org/apache/commons/beanutils/ConvertUtilsBean.java"
"bean_835",867,"return converter;","return null;","org/apache/commons/beanutils/ConvertUtilsBean.java"
"bean_836",871,"if (targetType == String[].class) {","if (false) {","org/apache/commons/beanutils/ConvertUtilsBean.java"
"bean_837",871,"if (targetType == String[].class) {","if (true) {","org/apache/commons/beanutils/ConvertUtilsBean.java"
"bean_838",872,"if (sourceType.isArray() || Collection.class.isAssignableFrom(sourceType)) {","if (sourceType.isArray() || false) {","org/apache/commons/beanutils/ConvertUtilsBean.java"
"bean_839",872,"if (sourceType.isArray() || Collection.class.isAssignableFrom(sourceType)) {","if (sourceType.isArray() || true) {","org/apache/commons/beanutils/ConvertUtilsBean.java"
"bean_840",872,"if (sourceType.isArray() || Collection.class.isAssignableFrom(sourceType)) {","if (false) {","org/apache/commons/beanutils/ConvertUtilsBean.java"
"bean_841",872,"if (sourceType.isArray() || Collection.class.isAssignableFrom(sourceType)) {","if (true) {","org/apache/commons/beanutils/ConvertUtilsBean.java"
"bean_842",875,"if (converter == null) {","if (false) {","org/apache/commons/beanutils/ConvertUtilsBean.java"
"bean_843",875,"if (converter == null) {","if (true) {","org/apache/commons/beanutils/ConvertUtilsBean.java"
"bean_844",878,"return converter;","return null;","org/apache/commons/beanutils/ConvertUtilsBean.java"
"bean_845",881,"return lookup(targetType);","return null;","org/apache/commons/beanutils/ConvertUtilsBean.java"
"bean_846",808,"register(new ConverterFacade(converter), clazz);","register(new ConverterFacade(converter), clazz);  // removed call to register()","org/apache/commons/beanutils/ConvertUtilsBean.java"
"bean_847",624,"registerPrimitives(throwException);","// removed call to registerPrimitives()","org/apache/commons/beanutils/ConvertUtilsBean.java"
"bean_848",625,"registerStandard(throwException, defaultNull);","// removed call to registerStandard()","org/apache/commons/beanutils/ConvertUtilsBean.java"
"bean_849",626,"registerOther(throwException);","// removed call to registerOther()","org/apache/commons/beanutils/ConvertUtilsBean.java"
"bean_850",627,"registerArrays(throwException, defaultArraySize);","// removed call to registerArrays()","org/apache/commons/beanutils/ConvertUtilsBean.java"
"bean_851",798,"if (throwException) {","if (false) {","org/apache/commons/beanutils/ConvertUtilsBean.java"
"bean_852",798,"if (throwException) {","if (true) {","org/apache/commons/beanutils/ConvertUtilsBean.java"
"bean_853",803,"register(arrayType, arrayConverter);","// removed call to register()","org/apache/commons/beanutils/ConvertUtilsBean.java"
"bean_854",750,"registerArrayConverter(Boolean.TYPE,   new BooleanConverter(),   throwException, defaultArraySize);","registerArrayConverter(Boolean.TYPE,   new BooleanConverter(),   throwException, defaultArraySize);  // removed call to registerArrayConverter()","org/apache/commons/beanutils/ConvertUtilsBean.java"
"bean_855",751,"registerArrayConverter(Byte.TYPE,      new ByteConverter(),      throwException, defaultArraySize);","registerArrayConverter(Byte.TYPE,      new ByteConverter(),      throwException, defaultArraySize);  // removed call to registerArrayConverter()","org/apache/commons/beanutils/ConvertUtilsBean.java"
"bean_856",752,"registerArrayConverter(Character.TYPE, new CharacterConverter(), throwException, defaultArraySize);","registerArrayConverter(Character.TYPE, new CharacterConverter(), throwException, defaultArraySize);  // removed call to registerArrayConverter()","org/apache/commons/beanutils/ConvertUtilsBean.java"
"bean_857",753,"registerArrayConverter(Double.TYPE,    new DoubleConverter(),    throwException, defaultArraySize);","registerArrayConverter(Double.TYPE,    new DoubleConverter(),    throwException, defaultArraySize);  // removed call to registerArrayConverter()","org/apache/commons/beanutils/ConvertUtilsBean.java"
"bean_858",754,"registerArrayConverter(Float.TYPE,     new FloatConverter(),     throwException, defaultArraySize);","registerArrayConverter(Float.TYPE,     new FloatConverter(),     throwException, defaultArraySize);  // removed call to registerArrayConverter()","org/apache/commons/beanutils/ConvertUtilsBean.java"
"bean_859",755,"registerArrayConverter(Integer.TYPE,   new IntegerConverter(),   throwException, defaultArraySize);","registerArrayConverter(Integer.TYPE,   new IntegerConverter(),   throwException, defaultArraySize);  // removed call to registerArrayConverter()","org/apache/commons/beanutils/ConvertUtilsBean.java"
"bean_860",756,"registerArrayConverter(Long.TYPE,      new LongConverter(),      throwException, defaultArraySize);","registerArrayConverter(Long.TYPE,      new LongConverter(),      throwException, defaultArraySize);  // removed call to registerArrayConverter()","org/apache/commons/beanutils/ConvertUtilsBean.java"
"bean_861",757,"registerArrayConverter(Short.TYPE,     new ShortConverter(),     throwException, defaultArraySize);","registerArrayConverter(Short.TYPE,     new ShortConverter(),     throwException, defaultArraySize);  // removed call to registerArrayConverter()","org/apache/commons/beanutils/ConvertUtilsBean.java"
"bean_862",760,"registerArrayConverter(BigDecimal.class, new BigDecimalConverter(), throwException, defaultArraySize);","registerArrayConverter(BigDecimal.class, new BigDecimalConverter(), throwException, defaultArraySize);  // removed call to registerArrayConverter()","org/apache/commons/beanutils/ConvertUtilsBean.java"
"bean_863",761,"registerArrayConverter(BigInteger.class, new BigIntegerConverter(), throwException, defaultArraySize);","registerArrayConverter(BigInteger.class, new BigIntegerConverter(), throwException, defaultArraySize);  // removed call to registerArrayConverter()","org/apache/commons/beanutils/ConvertUtilsBean.java"
"bean_864",762,"registerArrayConverter(Boolean.class,    new BooleanConverter(),    throwException, defaultArraySize);","registerArrayConverter(Boolean.class,    new BooleanConverter(),    throwException, defaultArraySize);  // removed call to registerArrayConverter()","org/apache/commons/beanutils/ConvertUtilsBean.java"
"bean_865",763,"registerArrayConverter(Byte.class,       new ByteConverter(),       throwException, defaultArraySize);","registerArrayConverter(Byte.class,       new ByteConverter(),       throwException, defaultArraySize);  // removed call to registerArrayConverter()","org/apache/commons/beanutils/ConvertUtilsBean.java"
"bean_866",764,"registerArrayConverter(Character.class,  new CharacterConverter(),  throwException, defaultArraySize);","registerArrayConverter(Character.class,  new CharacterConverter(),  throwException, defaultArraySize);  // removed call to registerArrayConverter()","org/apache/commons/beanutils/ConvertUtilsBean.java"
"bean_867",765,"registerArrayConverter(Double.class,     new DoubleConverter(),     throwException, defaultArraySize);","registerArrayConverter(Double.class,     new DoubleConverter(),     throwException, defaultArraySize);  // removed call to registerArrayConverter()","org/apache/commons/beanutils/ConvertUtilsBean.java"
"bean_868",766,"registerArrayConverter(Float.class,      new FloatConverter(),      throwException, defaultArraySize);","registerArrayConverter(Float.class,      new FloatConverter(),      throwException, defaultArraySize);  // removed call to registerArrayConverter()","org/apache/commons/beanutils/ConvertUtilsBean.java"
"bean_869",767,"registerArrayConverter(Integer.class,    new IntegerConverter(),    throwException, defaultArraySize);","registerArrayConverter(Integer.class,    new IntegerConverter(),    throwException, defaultArraySize);  // removed call to registerArrayConverter()","org/apache/commons/beanutils/ConvertUtilsBean.java"
"bean_870",768,"registerArrayConverter(Long.class,       new LongConverter(),       throwException, defaultArraySize);","registerArrayConverter(Long.class,       new LongConverter(),       throwException, defaultArraySize);  // removed call to registerArrayConverter()","org/apache/commons/beanutils/ConvertUtilsBean.java"
"bean_871",769,"registerArrayConverter(Short.class,      new ShortConverter(),      throwException, defaultArraySize);","registerArrayConverter(Short.class,      new ShortConverter(),      throwException, defaultArraySize);  // removed call to registerArrayConverter()","org/apache/commons/beanutils/ConvertUtilsBean.java"
"bean_872",770,"registerArrayConverter(String.class,     new StringConverter(),     throwException, defaultArraySize);","registerArrayConverter(String.class,     new StringConverter(),     throwException, defaultArraySize);  // removed call to registerArrayConverter()","org/apache/commons/beanutils/ConvertUtilsBean.java"
"bean_873",773,"registerArrayConverter(Class.class,          new ClassConverter(),        throwException, defaultArraySize);","registerArrayConverter(Class.class,          new ClassConverter(),        throwException, defaultArraySize);  // removed call to registerArrayConverter()","org/apache/commons/beanutils/ConvertUtilsBean.java"
"bean_874",774,"registerArrayConverter(java.util.Date.class, new DateConverter(),         throwException, defaultArraySize);","registerArrayConverter(java.util.Date.class, new DateConverter(),         throwException, defaultArraySize);  // removed call to registerArrayConverter()","org/apache/commons/beanutils/ConvertUtilsBean.java"
"bean_875",775,"registerArrayConverter(Calendar.class,       new DateConverter(),         throwException, defaultArraySize);","registerArrayConverter(Calendar.class,       new DateConverter(),         throwException, defaultArraySize);  // removed call to registerArrayConverter()","org/apache/commons/beanutils/ConvertUtilsBean.java"
"bean_876",776,"registerArrayConverter(File.class,           new FileConverter(),         throwException, defaultArraySize);","registerArrayConverter(File.class,           new FileConverter(),         throwException, defaultArraySize);  // removed call to registerArrayConverter()","org/apache/commons/beanutils/ConvertUtilsBean.java"
"bean_877",777,"registerArrayConverter(java.sql.Date.class,  new SqlDateConverter(),      throwException, defaultArraySize);","registerArrayConverter(java.sql.Date.class,  new SqlDateConverter(),      throwException, defaultArraySize);  // removed call to registerArrayConverter()","org/apache/commons/beanutils/ConvertUtilsBean.java"
"bean_878",778,"registerArrayConverter(java.sql.Time.class,  new SqlTimeConverter(),      throwException, defaultArraySize);","registerArrayConverter(java.sql.Time.class,  new SqlTimeConverter(),      throwException, defaultArraySize);  // removed call to registerArrayConverter()","org/apache/commons/beanutils/ConvertUtilsBean.java"
"bean_879",779,"registerArrayConverter(Timestamp.class,      new SqlTimestampConverter(), throwException, defaultArraySize);","registerArrayConverter(Timestamp.class,      new SqlTimestampConverter(), throwException, defaultArraySize);  // removed call to registerArrayConverter()","org/apache/commons/beanutils/ConvertUtilsBean.java"
"bean_880",780,"registerArrayConverter(URL.class,            new URLConverter(),          throwException, defaultArraySize);","registerArrayConverter(URL.class,            new URLConverter(),          throwException, defaultArraySize);  // removed call to registerArrayConverter()","org/apache/commons/beanutils/ConvertUtilsBean.java"
"bean_881",726,"register(Class.class,         throwException ? new ClassConverter()        : new ClassConverter(null));","register(Class.class,         false ? new ClassConverter()        : new ClassConverter(null));","org/apache/commons/beanutils/ConvertUtilsBean.java"
"bean_882",726,"register(Class.class,         throwException ? new ClassConverter()        : new ClassConverter(null));","register(Class.class,         true ? new ClassConverter()        : new ClassConverter(null));","org/apache/commons/beanutils/ConvertUtilsBean.java"
"bean_883",726,"register(Class.class,         throwException ? new ClassConverter()        : new ClassConverter(null));","register(Class.class,         throwException ? new ClassConverter()        : new ClassConverter(null));  // removed call to register()","org/apache/commons/beanutils/ConvertUtilsBean.java"
"bean_884",727,"register(java.util.Date.class, throwException ? new DateConverter()        : new DateConverter(null));","register(java.util.Date.class, false ? new DateConverter()        : new DateConverter(null));","org/apache/commons/beanutils/ConvertUtilsBean.java"
"bean_885",727,"register(java.util.Date.class, throwException ? new DateConverter()        : new DateConverter(null));","register(java.util.Date.class, true ? new DateConverter()        : new DateConverter(null));","org/apache/commons/beanutils/ConvertUtilsBean.java"
"bean_886",727,"register(java.util.Date.class, throwException ? new DateConverter()        : new DateConverter(null));","register(java.util.Date.class, throwException ? new DateConverter()        : new DateConverter(null));  // removed call to register()","org/apache/commons/beanutils/ConvertUtilsBean.java"
"bean_887",728,"register(Calendar.class,      throwException ? new CalendarConverter()     : new CalendarConverter(null));","register(Calendar.class,      false ? new CalendarConverter()     : new CalendarConverter(null));","org/apache/commons/beanutils/ConvertUtilsBean.java"
"bean_888",728,"register(Calendar.class,      throwException ? new CalendarConverter()     : new CalendarConverter(null));","register(Calendar.class,      true ? new CalendarConverter()     : new CalendarConverter(null));","org/apache/commons/beanutils/ConvertUtilsBean.java"
"bean_889",728,"register(Calendar.class,      throwException ? new CalendarConverter()     : new CalendarConverter(null));","register(Calendar.class,      throwException ? new CalendarConverter()     : new CalendarConverter(null));  // removed call to register()","org/apache/commons/beanutils/ConvertUtilsBean.java"
"bean_890",729,"register(File.class,          throwException ? new FileConverter()         : new FileConverter(null));","register(File.class,          false ? new FileConverter()         : new FileConverter(null));","org/apache/commons/beanutils/ConvertUtilsBean.java"
"bean_891",729,"register(File.class,          throwException ? new FileConverter()         : new FileConverter(null));","register(File.class,          true ? new FileConverter()         : new FileConverter(null));","org/apache/commons/beanutils/ConvertUtilsBean.java"
"bean_892",729,"register(File.class,          throwException ? new FileConverter()         : new FileConverter(null));","register(File.class,          throwException ? new FileConverter()         : new FileConverter(null));  // removed call to register()","org/apache/commons/beanutils/ConvertUtilsBean.java"
"bean_893",730,"register(java.sql.Date.class, throwException ? new SqlDateConverter()      : new SqlDateConverter(null));","register(java.sql.Date.class, false ? new SqlDateConverter()      : new SqlDateConverter(null));","org/apache/commons/beanutils/ConvertUtilsBean.java"
"bean_894",730,"register(java.sql.Date.class, throwException ? new SqlDateConverter()      : new SqlDateConverter(null));","register(java.sql.Date.class, true ? new SqlDateConverter()      : new SqlDateConverter(null));","org/apache/commons/beanutils/ConvertUtilsBean.java"
"bean_895",730,"register(java.sql.Date.class, throwException ? new SqlDateConverter()      : new SqlDateConverter(null));","register(java.sql.Date.class, throwException ? new SqlDateConverter()      : new SqlDateConverter(null));  // removed call to register()","org/apache/commons/beanutils/ConvertUtilsBean.java"
"bean_896",731,"register(java.sql.Time.class, throwException ? new SqlTimeConverter()      : new SqlTimeConverter(null));","register(java.sql.Time.class, false ? new SqlTimeConverter()      : new SqlTimeConverter(null));","org/apache/commons/beanutils/ConvertUtilsBean.java"
"bean_897",731,"register(java.sql.Time.class, throwException ? new SqlTimeConverter()      : new SqlTimeConverter(null));","register(java.sql.Time.class, true ? new SqlTimeConverter()      : new SqlTimeConverter(null));","org/apache/commons/beanutils/ConvertUtilsBean.java"
"bean_898",731,"register(java.sql.Time.class, throwException ? new SqlTimeConverter()      : new SqlTimeConverter(null));","register(java.sql.Time.class, throwException ? new SqlTimeConverter()      : new SqlTimeConverter(null));  // removed call to register()","org/apache/commons/beanutils/ConvertUtilsBean.java"
"bean_899",732,"register(Timestamp.class,     throwException ? new SqlTimestampConverter() : new SqlTimestampConverter(null));","register(Timestamp.class,     false ? new SqlTimestampConverter() : new SqlTimestampConverter(null));","org/apache/commons/beanutils/ConvertUtilsBean.java"
"bean_900",732,"register(Timestamp.class,     throwException ? new SqlTimestampConverter() : new SqlTimestampConverter(null));","register(Timestamp.class,     true ? new SqlTimestampConverter() : new SqlTimestampConverter(null));","org/apache/commons/beanutils/ConvertUtilsBean.java"
"bean_901",732,"register(Timestamp.class,     throwException ? new SqlTimestampConverter() : new SqlTimestampConverter(null));","register(Timestamp.class,     throwException ? new SqlTimestampConverter() : new SqlTimestampConverter(null));  // removed call to register()","org/apache/commons/beanutils/ConvertUtilsBean.java"
"bean_902",733,"register(URL.class,           throwException ? new URLConverter()          : new URLConverter(null));","register(URL.class,           false ? new URLConverter()          : new URLConverter(null));","org/apache/commons/beanutils/ConvertUtilsBean.java"
"bean_903",733,"register(URL.class,           throwException ? new URLConverter()          : new URLConverter(null));","register(URL.class,           true ? new URLConverter()          : new URLConverter(null));","org/apache/commons/beanutils/ConvertUtilsBean.java"
"bean_904",733,"register(URL.class,           throwException ? new URLConverter()          : new URLConverter(null));","register(URL.class,           throwException ? new URLConverter()          : new URLConverter(null));  // removed call to register()","org/apache/commons/beanutils/ConvertUtilsBean.java"
"bean_905",649,"register(Boolean.TYPE,   throwException ? new BooleanConverter()    : new BooleanConverter(Boolean.FALSE));","register(Boolean.TYPE,   false ? new BooleanConverter()    : new BooleanConverter(Boolean.FALSE));","org/apache/commons/beanutils/ConvertUtilsBean.java"
"bean_906",649,"register(Boolean.TYPE,   throwException ? new BooleanConverter()    : new BooleanConverter(Boolean.FALSE));","register(Boolean.TYPE,   true ? new BooleanConverter()    : new BooleanConverter(Boolean.FALSE));","org/apache/commons/beanutils/ConvertUtilsBean.java"
"bean_907",649,"register(Boolean.TYPE,   throwException ? new BooleanConverter()    : new BooleanConverter(Boolean.FALSE));","register(Boolean.TYPE,   throwException ? new BooleanConverter()    : new BooleanConverter(Boolean.FALSE));  // removed call to register()","org/apache/commons/beanutils/ConvertUtilsBean.java"
"bean_908",650,"register(Byte.TYPE,      throwException ? new ByteConverter()       : new ByteConverter(ZERO));","register(Byte.TYPE,      false ? new ByteConverter()       : new ByteConverter(ZERO));","org/apache/commons/beanutils/ConvertUtilsBean.java"
"bean_909",650,"register(Byte.TYPE,      throwException ? new ByteConverter()       : new ByteConverter(ZERO));","register(Byte.TYPE,      true ? new ByteConverter()       : new ByteConverter(ZERO));","org/apache/commons/beanutils/ConvertUtilsBean.java"
"bean_910",650,"register(Byte.TYPE,      throwException ? new ByteConverter()       : new ByteConverter(ZERO));","register(Byte.TYPE,      throwException ? new ByteConverter()       : new ByteConverter(ZERO));  // removed call to register()","org/apache/commons/beanutils/ConvertUtilsBean.java"
"bean_911",651,"register(Character.TYPE, throwException ? new CharacterConverter()  : new CharacterConverter(SPACE));","register(Character.TYPE, false ? new CharacterConverter()  : new CharacterConverter(SPACE));","org/apache/commons/beanutils/ConvertUtilsBean.java"
"bean_912",651,"register(Character.TYPE, throwException ? new CharacterConverter()  : new CharacterConverter(SPACE));","register(Character.TYPE, true ? new CharacterConverter()  : new CharacterConverter(SPACE));","org/apache/commons/beanutils/ConvertUtilsBean.java"
"bean_913",651,"register(Character.TYPE, throwException ? new CharacterConverter()  : new CharacterConverter(SPACE));","register(Character.TYPE, throwException ? new CharacterConverter()  : new CharacterConverter(SPACE));  // removed call to register()","org/apache/commons/beanutils/ConvertUtilsBean.java"
"bean_914",652,"register(Double.TYPE,    throwException ? new DoubleConverter()     : new DoubleConverter(ZERO));","register(Double.TYPE,    false ? new DoubleConverter()     : new DoubleConverter(ZERO));","org/apache/commons/beanutils/ConvertUtilsBean.java"
"bean_915",652,"register(Double.TYPE,    throwException ? new DoubleConverter()     : new DoubleConverter(ZERO));","register(Double.TYPE,    true ? new DoubleConverter()     : new DoubleConverter(ZERO));","org/apache/commons/beanutils/ConvertUtilsBean.java"
"bean_916",652,"register(Double.TYPE,    throwException ? new DoubleConverter()     : new DoubleConverter(ZERO));","register(Double.TYPE,    throwException ? new DoubleConverter()     : new DoubleConverter(ZERO));  // removed call to register()","org/apache/commons/beanutils/ConvertUtilsBean.java"
"bean_917",653,"register(Float.TYPE,     throwException ? new FloatConverter()      : new FloatConverter(ZERO));","register(Float.TYPE,     false ? new FloatConverter()      : new FloatConverter(ZERO));","org/apache/commons/beanutils/ConvertUtilsBean.java"
"bean_918",653,"register(Float.TYPE,     throwException ? new FloatConverter()      : new FloatConverter(ZERO));","register(Float.TYPE,     true ? new FloatConverter()      : new FloatConverter(ZERO));","org/apache/commons/beanutils/ConvertUtilsBean.java"
"bean_919",653,"register(Float.TYPE,     throwException ? new FloatConverter()      : new FloatConverter(ZERO));","register(Float.TYPE,     throwException ? new FloatConverter()      : new FloatConverter(ZERO));  // removed call to register()","org/apache/commons/beanutils/ConvertUtilsBean.java"
"bean_920",654,"register(Integer.TYPE,   throwException ? new IntegerConverter()    : new IntegerConverter(ZERO));","register(Integer.TYPE,   false ? new IntegerConverter()    : new IntegerConverter(ZERO));","org/apache/commons/beanutils/ConvertUtilsBean.java"
"bean_921",654,"register(Integer.TYPE,   throwException ? new IntegerConverter()    : new IntegerConverter(ZERO));","register(Integer.TYPE,   true ? new IntegerConverter()    : new IntegerConverter(ZERO));","org/apache/commons/beanutils/ConvertUtilsBean.java"
"bean_922",654,"register(Integer.TYPE,   throwException ? new IntegerConverter()    : new IntegerConverter(ZERO));","register(Integer.TYPE,   throwException ? new IntegerConverter()    : new IntegerConverter(ZERO));  // removed call to register()","org/apache/commons/beanutils/ConvertUtilsBean.java"
"bean_923",655,"register(Long.TYPE,      throwException ? new LongConverter()       : new LongConverter(ZERO));","register(Long.TYPE,      false ? new LongConverter()       : new LongConverter(ZERO));","org/apache/commons/beanutils/ConvertUtilsBean.java"
"bean_924",655,"register(Long.TYPE,      throwException ? new LongConverter()       : new LongConverter(ZERO));","register(Long.TYPE,      true ? new LongConverter()       : new LongConverter(ZERO));","org/apache/commons/beanutils/ConvertUtilsBean.java"
"bean_925",655,"register(Long.TYPE,      throwException ? new LongConverter()       : new LongConverter(ZERO));","register(Long.TYPE,      throwException ? new LongConverter()       : new LongConverter(ZERO));  // removed call to register()","org/apache/commons/beanutils/ConvertUtilsBean.java"
"bean_926",656,"register(Short.TYPE,     throwException ? new ShortConverter()      : new ShortConverter(ZERO));","register(Short.TYPE,     false ? new ShortConverter()      : new ShortConverter(ZERO));","org/apache/commons/beanutils/ConvertUtilsBean.java"
"bean_927",656,"register(Short.TYPE,     throwException ? new ShortConverter()      : new ShortConverter(ZERO));","register(Short.TYPE,     true ? new ShortConverter()      : new ShortConverter(ZERO));","org/apache/commons/beanutils/ConvertUtilsBean.java"
"bean_928",656,"register(Short.TYPE,     throwException ? new ShortConverter()      : new ShortConverter(ZERO));","register(Short.TYPE,     throwException ? new ShortConverter()      : new ShortConverter(ZERO));  // removed call to register()","org/apache/commons/beanutils/ConvertUtilsBean.java"
"bean_929",686,"final Number     defaultNumber     = defaultNull ? null : ZERO;","final Number     defaultNumber     = false ? null : ZERO;","org/apache/commons/beanutils/ConvertUtilsBean.java"
"bean_930",686,"final Number     defaultNumber     = defaultNull ? null : ZERO;","final Number     defaultNumber     = true ? null : ZERO;","org/apache/commons/beanutils/ConvertUtilsBean.java"
"bean_931",687,"final BigDecimal bigDecDeflt       = defaultNull ? null : new BigDecimal(""0.0"");","final BigDecimal bigDecDeflt       = false ? null : new BigDecimal(""0.0"");","org/apache/commons/beanutils/ConvertUtilsBean.java"
"bean_932",687,"final BigDecimal bigDecDeflt       = defaultNull ? null : new BigDecimal(""0.0"");","final BigDecimal bigDecDeflt       = true ? null : new BigDecimal(""0.0"");","org/apache/commons/beanutils/ConvertUtilsBean.java"
"bean_933",688,"final BigInteger bigIntDeflt       = defaultNull ? null : new BigInteger(""0"");","final BigInteger bigIntDeflt       = false ? null : new BigInteger(""0"");","org/apache/commons/beanutils/ConvertUtilsBean.java"
"bean_934",688,"final BigInteger bigIntDeflt       = defaultNull ? null : new BigInteger(""0"");","final BigInteger bigIntDeflt       = true ? null : new BigInteger(""0"");","org/apache/commons/beanutils/ConvertUtilsBean.java"
"bean_935",689,"final Boolean    booleanDefault    = defaultNull ? null : Boolean.FALSE;","final Boolean    booleanDefault    = false ? null : Boolean.FALSE;","org/apache/commons/beanutils/ConvertUtilsBean.java"
"bean_936",689,"final Boolean    booleanDefault    = defaultNull ? null : Boolean.FALSE;","final Boolean    booleanDefault    = true ? null : Boolean.FALSE;","org/apache/commons/beanutils/ConvertUtilsBean.java"
"bean_937",690,"final Character  charDefault       = defaultNull ? null : SPACE;","final Character  charDefault       = false ? null : SPACE;","org/apache/commons/beanutils/ConvertUtilsBean.java"
"bean_938",690,"final Character  charDefault       = defaultNull ? null : SPACE;","final Character  charDefault       = true ? null : SPACE;","org/apache/commons/beanutils/ConvertUtilsBean.java"
"bean_939",691,"final String     stringDefault     = defaultNull ? null : """";","final String     stringDefault     = false ? null : """";","org/apache/commons/beanutils/ConvertUtilsBean.java"
"bean_940",691,"final String     stringDefault     = defaultNull ? null : """";","final String     stringDefault     = true ? null : """";","org/apache/commons/beanutils/ConvertUtilsBean.java"
"bean_941",693,"register(BigDecimal.class, throwException ? new BigDecimalConverter() : new BigDecimalConverter(bigDecDeflt));","register(BigDecimal.class, false ? new BigDecimalConverter() : new BigDecimalConverter(bigDecDeflt));","org/apache/commons/beanutils/ConvertUtilsBean.java"
"bean_942",693,"register(BigDecimal.class, throwException ? new BigDecimalConverter() : new BigDecimalConverter(bigDecDeflt));","register(BigDecimal.class, true ? new BigDecimalConverter() : new BigDecimalConverter(bigDecDeflt));","org/apache/commons/beanutils/ConvertUtilsBean.java"
"bean_943",693,"register(BigDecimal.class, throwException ? new BigDecimalConverter() : new BigDecimalConverter(bigDecDeflt));","register(BigDecimal.class, throwException ? new BigDecimalConverter() : new BigDecimalConverter(bigDecDeflt));  // removed call to register()","org/apache/commons/beanutils/ConvertUtilsBean.java"
"bean_944",694,"register(BigInteger.class, throwException ? new BigIntegerConverter() : new BigIntegerConverter(bigIntDeflt));","register(BigInteger.class, false ? new BigIntegerConverter() : new BigIntegerConverter(bigIntDeflt));","org/apache/commons/beanutils/ConvertUtilsBean.java"
"bean_945",694,"register(BigInteger.class, throwException ? new BigIntegerConverter() : new BigIntegerConverter(bigIntDeflt));","register(BigInteger.class, true ? new BigIntegerConverter() : new BigIntegerConverter(bigIntDeflt));","org/apache/commons/beanutils/ConvertUtilsBean.java"
"bean_946",694,"register(BigInteger.class, throwException ? new BigIntegerConverter() : new BigIntegerConverter(bigIntDeflt));","register(BigInteger.class, throwException ? new BigIntegerConverter() : new BigIntegerConverter(bigIntDeflt));  // removed call to register()","org/apache/commons/beanutils/ConvertUtilsBean.java"
"bean_947",695,"register(Boolean.class,    throwException ? new BooleanConverter()    : new BooleanConverter(booleanDefault));","register(Boolean.class,    false ? new BooleanConverter()    : new BooleanConverter(booleanDefault));","org/apache/commons/beanutils/ConvertUtilsBean.java"
"bean_948",695,"register(Boolean.class,    throwException ? new BooleanConverter()    : new BooleanConverter(booleanDefault));","register(Boolean.class,    true ? new BooleanConverter()    : new BooleanConverter(booleanDefault));","org/apache/commons/beanutils/ConvertUtilsBean.java"
"bean_949",695,"register(Boolean.class,    throwException ? new BooleanConverter()    : new BooleanConverter(booleanDefault));","register(Boolean.class,    throwException ? new BooleanConverter()    : new BooleanConverter(booleanDefault));  // removed call to register()","org/apache/commons/beanutils/ConvertUtilsBean.java"
"bean_950",696,"register(Byte.class,       throwException ? new ByteConverter()       : new ByteConverter(defaultNumber));","register(Byte.class,       false ? new ByteConverter()       : new ByteConverter(defaultNumber));","org/apache/commons/beanutils/ConvertUtilsBean.java"
"bean_951",696,"register(Byte.class,       throwException ? new ByteConverter()       : new ByteConverter(defaultNumber));","register(Byte.class,       true ? new ByteConverter()       : new ByteConverter(defaultNumber));","org/apache/commons/beanutils/ConvertUtilsBean.java"
"bean_952",696,"register(Byte.class,       throwException ? new ByteConverter()       : new ByteConverter(defaultNumber));","register(Byte.class,       throwException ? new ByteConverter()       : new ByteConverter(defaultNumber));  // removed call to register()","org/apache/commons/beanutils/ConvertUtilsBean.java"
"bean_953",697,"register(Character.class,  throwException ? new CharacterConverter()  : new CharacterConverter(charDefault));","register(Character.class,  false ? new CharacterConverter()  : new CharacterConverter(charDefault));","org/apache/commons/beanutils/ConvertUtilsBean.java"
"bean_954",697,"register(Character.class,  throwException ? new CharacterConverter()  : new CharacterConverter(charDefault));","register(Character.class,  true ? new CharacterConverter()  : new CharacterConverter(charDefault));","org/apache/commons/beanutils/ConvertUtilsBean.java"
"bean_955",697,"register(Character.class,  throwException ? new CharacterConverter()  : new CharacterConverter(charDefault));","register(Character.class,  throwException ? new CharacterConverter()  : new CharacterConverter(charDefault));  // removed call to register()","org/apache/commons/beanutils/ConvertUtilsBean.java"
"bean_956",698,"register(Double.class,     throwException ? new DoubleConverter()     : new DoubleConverter(defaultNumber));","register(Double.class,     false ? new DoubleConverter()     : new DoubleConverter(defaultNumber));","org/apache/commons/beanutils/ConvertUtilsBean.java"
"bean_957",698,"register(Double.class,     throwException ? new DoubleConverter()     : new DoubleConverter(defaultNumber));","register(Double.class,     true ? new DoubleConverter()     : new DoubleConverter(defaultNumber));","org/apache/commons/beanutils/ConvertUtilsBean.java"
"bean_958",698,"register(Double.class,     throwException ? new DoubleConverter()     : new DoubleConverter(defaultNumber));","register(Double.class,     throwException ? new DoubleConverter()     : new DoubleConverter(defaultNumber));  // removed call to register()","org/apache/commons/beanutils/ConvertUtilsBean.java"
"bean_959",699,"register(Float.class,      throwException ? new FloatConverter()      : new FloatConverter(defaultNumber));","register(Float.class,      false ? new FloatConverter()      : new FloatConverter(defaultNumber));","org/apache/commons/beanutils/ConvertUtilsBean.java"
"bean_960",699,"register(Float.class,      throwException ? new FloatConverter()      : new FloatConverter(defaultNumber));","register(Float.class,      true ? new FloatConverter()      : new FloatConverter(defaultNumber));","org/apache/commons/beanutils/ConvertUtilsBean.java"
"bean_961",699,"register(Float.class,      throwException ? new FloatConverter()      : new FloatConverter(defaultNumber));","register(Float.class,      throwException ? new FloatConverter()      : new FloatConverter(defaultNumber));  // removed call to register()","org/apache/commons/beanutils/ConvertUtilsBean.java"
"bean_962",700,"register(Integer.class,    throwException ? new IntegerConverter()    : new IntegerConverter(defaultNumber));","register(Integer.class,    false ? new IntegerConverter()    : new IntegerConverter(defaultNumber));","org/apache/commons/beanutils/ConvertUtilsBean.java"
"bean_963",700,"register(Integer.class,    throwException ? new IntegerConverter()    : new IntegerConverter(defaultNumber));","register(Integer.class,    true ? new IntegerConverter()    : new IntegerConverter(defaultNumber));","org/apache/commons/beanutils/ConvertUtilsBean.java"
"bean_964",700,"register(Integer.class,    throwException ? new IntegerConverter()    : new IntegerConverter(defaultNumber));","register(Integer.class,    throwException ? new IntegerConverter()    : new IntegerConverter(defaultNumber));  // removed call to register()","org/apache/commons/beanutils/ConvertUtilsBean.java"
"bean_965",701,"register(Long.class,       throwException ? new LongConverter()       : new LongConverter(defaultNumber));","register(Long.class,       false ? new LongConverter()       : new LongConverter(defaultNumber));","org/apache/commons/beanutils/ConvertUtilsBean.java"
"bean_966",701,"register(Long.class,       throwException ? new LongConverter()       : new LongConverter(defaultNumber));","register(Long.class,       true ? new LongConverter()       : new LongConverter(defaultNumber));","org/apache/commons/beanutils/ConvertUtilsBean.java"
"bean_967",701,"register(Long.class,       throwException ? new LongConverter()       : new LongConverter(defaultNumber));","register(Long.class,       throwException ? new LongConverter()       : new LongConverter(defaultNumber));  // removed call to register()","org/apache/commons/beanutils/ConvertUtilsBean.java"
"bean_968",702,"register(Short.class,      throwException ? new ShortConverter()      : new ShortConverter(defaultNumber));","register(Short.class,      false ? new ShortConverter()      : new ShortConverter(defaultNumber));","org/apache/commons/beanutils/ConvertUtilsBean.java"
"bean_969",702,"register(Short.class,      throwException ? new ShortConverter()      : new ShortConverter(defaultNumber));","register(Short.class,      true ? new ShortConverter()      : new ShortConverter(defaultNumber));","org/apache/commons/beanutils/ConvertUtilsBean.java"
"bean_970",702,"register(Short.class,      throwException ? new ShortConverter()      : new ShortConverter(defaultNumber));","register(Short.class,      throwException ? new ShortConverter()      : new ShortConverter(defaultNumber));  // removed call to register()","org/apache/commons/beanutils/ConvertUtilsBean.java"
"bean_971",703,"register(String.class,     throwException ? new StringConverter()     : new StringConverter(stringDefault));","register(String.class,     false ? new StringConverter()     : new StringConverter(stringDefault));","org/apache/commons/beanutils/ConvertUtilsBean.java"
"bean_972",703,"register(String.class,     throwException ? new StringConverter()     : new StringConverter(stringDefault));","register(String.class,     true ? new StringConverter()     : new StringConverter(stringDefault));","org/apache/commons/beanutils/ConvertUtilsBean.java"
"bean_973",703,"register(String.class,     throwException ? new StringConverter()     : new StringConverter(stringDefault));","register(String.class,     throwException ? new StringConverter()     : new StringConverter(stringDefault));  // removed call to register()","org/apache/commons/beanutils/ConvertUtilsBean.java"
"bean_974",194,"defaultBoolean = (newDefaultBoolean ? Boolean.TRUE : Boolean.FALSE);","defaultBoolean = (false ? Boolean.TRUE : Boolean.FALSE);","org/apache/commons/beanutils/ConvertUtilsBean.java"
"bean_975",194,"defaultBoolean = (newDefaultBoolean ? Boolean.TRUE : Boolean.FALSE);","defaultBoolean = (true ? Boolean.TRUE : Boolean.FALSE);","org/apache/commons/beanutils/ConvertUtilsBean.java"
"bean_976",195,"register(new BooleanConverter(defaultBoolean), Boolean.TYPE);","register(new BooleanConverter(defaultBoolean), Boolean.TYPE);  // removed call to register()","org/apache/commons/beanutils/ConvertUtilsBean.java"
"bean_977",196,"register(new BooleanConverter(defaultBoolean), Boolean.class);","register(new BooleanConverter(defaultBoolean), Boolean.class);  // removed call to register()","org/apache/commons/beanutils/ConvertUtilsBean.java"
"bean_978",228,"register(new ByteConverter(defaultByte), Byte.TYPE);","register(new ByteConverter(defaultByte), Byte.TYPE);  // removed call to register()","org/apache/commons/beanutils/ConvertUtilsBean.java"
"bean_979",229,"register(new ByteConverter(defaultByte), Byte.class);","register(new ByteConverter(defaultByte), Byte.class);  // removed call to register()","org/apache/commons/beanutils/ConvertUtilsBean.java"
"bean_980",261,"register(new CharacterConverter(defaultCharacter),","register(new CharacterConverter(defaultCharacter),  // removed call to register()","org/apache/commons/beanutils/ConvertUtilsBean.java"
"bean_981",263,"register(new CharacterConverter(defaultCharacter),","register(new CharacterConverter(defaultCharacter),  // removed call to register()","org/apache/commons/beanutils/ConvertUtilsBean.java"
"bean_982",296,"register(new DoubleConverter(defaultDouble), Double.TYPE);","register(new DoubleConverter(defaultDouble), Double.TYPE);  // removed call to register()","org/apache/commons/beanutils/ConvertUtilsBean.java"
"bean_983",297,"register(new DoubleConverter(defaultDouble), Double.class);","register(new DoubleConverter(defaultDouble), Double.class);  // removed call to register()","org/apache/commons/beanutils/ConvertUtilsBean.java"
"bean_984",329,"register(new FloatConverter(defaultFloat), Float.TYPE);","register(new FloatConverter(defaultFloat), Float.TYPE);  // removed call to register()","org/apache/commons/beanutils/ConvertUtilsBean.java"
"bean_985",330,"register(new FloatConverter(defaultFloat), Float.class);","register(new FloatConverter(defaultFloat), Float.class);  // removed call to register()","org/apache/commons/beanutils/ConvertUtilsBean.java"
"bean_986",362,"register(new IntegerConverter(defaultInteger), Integer.TYPE);","register(new IntegerConverter(defaultInteger), Integer.TYPE);  // removed call to register()","org/apache/commons/beanutils/ConvertUtilsBean.java"
"bean_987",363,"register(new IntegerConverter(defaultInteger), Integer.class);","register(new IntegerConverter(defaultInteger), Integer.class);  // removed call to register()","org/apache/commons/beanutils/ConvertUtilsBean.java"
"bean_988",395,"register(new LongConverter(defaultLong), Long.TYPE);","register(new LongConverter(defaultLong), Long.TYPE);  // removed call to register()","org/apache/commons/beanutils/ConvertUtilsBean.java"
"bean_989",396,"register(new LongConverter(defaultLong), Long.class);","register(new LongConverter(defaultLong), Long.class);  // removed call to register()","org/apache/commons/beanutils/ConvertUtilsBean.java"
"bean_990",428,"register(new ShortConverter(defaultShort), Short.TYPE);","register(new ShortConverter(defaultShort), Short.TYPE);  // removed call to register()","org/apache/commons/beanutils/ConvertUtilsBean.java"
"bean_991",429,"register(new ShortConverter(defaultShort), Short.class);","register(new ShortConverter(defaultShort), Short.class);  // removed call to register()","org/apache/commons/beanutils/ConvertUtilsBean.java"
"bean_992",186,"if (dynaClass instanceof MutableDynaClass) {","if (false) {","org/apache/commons/beanutils/LazyDynaBean.java"
"bean_993",186,"if (dynaClass instanceof MutableDynaClass) {","if (true) {","org/apache/commons/beanutils/LazyDynaBean.java"
"bean_994",263,"if (name == null) {","if (false) {","org/apache/commons/beanutils/LazyDynaBean.java"
"bean_995",263,"if (name == null) {","if (true) {","org/apache/commons/beanutils/LazyDynaBean.java"
"bean_996",268,"if (value == null) {","if (false) {","org/apache/commons/beanutils/LazyDynaBean.java"
"bean_997",268,"if (value == null) {","if (true) {","org/apache/commons/beanutils/LazyDynaBean.java"
"bean_998",269,"return false;","return true;","org/apache/commons/beanutils/LazyDynaBean.java"
"bean_999",272,"if (value instanceof Map) {","if (false) {","org/apache/commons/beanutils/LazyDynaBean.java"
"bean_1000",272,"if (value instanceof Map) {","if (true) {","org/apache/commons/beanutils/LazyDynaBean.java"
"bean_1001",273,"return (((Map<?, ?>) value).containsKey(key));","return false;","org/apache/commons/beanutils/LazyDynaBean.java"
"bean_1002",273,"return (((Map<?, ?>) value).containsKey(key));","return true;","org/apache/commons/beanutils/LazyDynaBean.java"
"bean_1003",276,"return false;","return true;","org/apache/commons/beanutils/LazyDynaBean.java"
"bean_1004",768,"return type.newInstance();","return null;","org/apache/commons/beanutils/LazyDynaBean.java"
"bean_1005",691,"if (type == null) {","if (false) {","org/apache/commons/beanutils/LazyDynaBean.java"
"bean_1006",691,"if (type == null) {","if (true) {","org/apache/commons/beanutils/LazyDynaBean.java"
"bean_1007",695,"} else if (type.isArray()) {","} else if (false) {","org/apache/commons/beanutils/LazyDynaBean.java"
"bean_1008",695,"} else if (type.isArray()) {","} else if (true) {","org/apache/commons/beanutils/LazyDynaBean.java"
"bean_1009",699,"} else if (List.class.isAssignableFrom(type)) {","} else if (false) {","org/apache/commons/beanutils/LazyDynaBean.java"
"bean_1010",699,"} else if (List.class.isAssignableFrom(type)) {","} else if (true) {","org/apache/commons/beanutils/LazyDynaBean.java"
"bean_1011",700,"if (type.isInterface()) {","if (false) {","org/apache/commons/beanutils/LazyDynaBean.java"
"bean_1012",700,"if (type.isInterface()) {","if (true) {","org/apache/commons/beanutils/LazyDynaBean.java"
"bean_1013",718,"return indexedProperty;","return null;","org/apache/commons/beanutils/LazyDynaBean.java"
"bean_1014",733,"if (type == null) {","if (false) {","org/apache/commons/beanutils/LazyDynaBean.java"
"bean_1015",733,"if (type == null) {","if (true) {","org/apache/commons/beanutils/LazyDynaBean.java"
"bean_1016",737,"} else if (type.isInterface()) {","} else if (false) {","org/apache/commons/beanutils/LazyDynaBean.java"
"bean_1017",737,"} else if (type.isInterface()) {","} else if (true) {","org/apache/commons/beanutils/LazyDynaBean.java"
"bean_1018",741,"} else if (Map.class.isAssignableFrom(type)) {","} else if (false) {","org/apache/commons/beanutils/LazyDynaBean.java"
"bean_1019",741,"} else if (Map.class.isAssignableFrom(type)) {","} else if (true) {","org/apache/commons/beanutils/LazyDynaBean.java"
"bean_1020",756,"return mappedProperty;","return null;","org/apache/commons/beanutils/LazyDynaBean.java"
"bean_1021",829,"if (type == Object.class    ||","if (false    ||","org/apache/commons/beanutils/LazyDynaBean.java"
"bean_1022",829,"if (type == Object.class    ||","if (true    ||","org/apache/commons/beanutils/LazyDynaBean.java"
"bean_1023",840,"return type.newInstance();","return null;","org/apache/commons/beanutils/LazyDynaBean.java"
"bean_1024",787,"if (type == Boolean.TYPE) {","if (false) {","org/apache/commons/beanutils/LazyDynaBean.java"
"bean_1025",787,"if (type == Boolean.TYPE) {","if (true) {","org/apache/commons/beanutils/LazyDynaBean.java"
"bean_1026",788,"return Boolean.FALSE;","return null;","org/apache/commons/beanutils/LazyDynaBean.java"
"bean_1027",789,"} else if (type == Integer.TYPE) {","} else if (false) {","org/apache/commons/beanutils/LazyDynaBean.java"
"bean_1028",789,"} else if (type == Integer.TYPE) {","} else if (true) {","org/apache/commons/beanutils/LazyDynaBean.java"
"bean_1029",790,"return Integer_ZERO;","return null;","org/apache/commons/beanutils/LazyDynaBean.java"
"bean_1030",791,"} else if (type == Long.TYPE) {","} else if (false) {","org/apache/commons/beanutils/LazyDynaBean.java"
"bean_1031",791,"} else if (type == Long.TYPE) {","} else if (true) {","org/apache/commons/beanutils/LazyDynaBean.java"
"bean_1032",792,"return Long_ZERO;","return null;","org/apache/commons/beanutils/LazyDynaBean.java"
"bean_1033",793,"} else if (type == Double.TYPE) {","} else if (false) {","org/apache/commons/beanutils/LazyDynaBean.java"
"bean_1034",793,"} else if (type == Double.TYPE) {","} else if (true) {","org/apache/commons/beanutils/LazyDynaBean.java"
"bean_1035",794,"return Double_ZERO;","return null;","org/apache/commons/beanutils/LazyDynaBean.java"
"bean_1036",795,"} else if (type == Float.TYPE) {","} else if (false) {","org/apache/commons/beanutils/LazyDynaBean.java"
"bean_1037",795,"} else if (type == Float.TYPE) {","} else if (true) {","org/apache/commons/beanutils/LazyDynaBean.java"
"bean_1038",796,"return Float_ZERO;","return null;","org/apache/commons/beanutils/LazyDynaBean.java"
"bean_1039",797,"} else if (type == Byte.TYPE) {","} else if (false) {","org/apache/commons/beanutils/LazyDynaBean.java"
"bean_1040",797,"} else if (type == Byte.TYPE) {","} else if (true) {","org/apache/commons/beanutils/LazyDynaBean.java"
"bean_1041",798,"return Byte_ZERO;","return null;","org/apache/commons/beanutils/LazyDynaBean.java"
"bean_1042",799,"} else if (type == Short.TYPE) {","} else if (false) {","org/apache/commons/beanutils/LazyDynaBean.java"
"bean_1043",799,"} else if (type == Short.TYPE) {","} else if (true) {","org/apache/commons/beanutils/LazyDynaBean.java"
"bean_1044",800,"return Short_ZERO;","return null;","org/apache/commons/beanutils/LazyDynaBean.java"
"bean_1045",801,"} else if (type == Character.TYPE) {","} else if (false) {","org/apache/commons/beanutils/LazyDynaBean.java"
"bean_1046",801,"} else if (type == Character.TYPE) {","} else if (true) {","org/apache/commons/beanutils/LazyDynaBean.java"
"bean_1047",802,"return Character_SPACE;","return null;","org/apache/commons/beanutils/LazyDynaBean.java"
"bean_1048",651,"if (type == null) {","if (false) {","org/apache/commons/beanutils/LazyDynaBean.java"
"bean_1049",651,"if (type == null) {","if (true) {","org/apache/commons/beanutils/LazyDynaBean.java"
"bean_1050",656,"if (type.isArray() || List.class.isAssignableFrom(type)) {","if (type.isArray() || false) {","org/apache/commons/beanutils/LazyDynaBean.java"
"bean_1051",656,"if (type.isArray() || List.class.isAssignableFrom(type)) {","if (type.isArray() || true) {","org/apache/commons/beanutils/LazyDynaBean.java"
"bean_1052",656,"if (type.isArray() || List.class.isAssignableFrom(type)) {","if (false) {","org/apache/commons/beanutils/LazyDynaBean.java"
"bean_1053",656,"if (type.isArray() || List.class.isAssignableFrom(type)) {","if (true) {","org/apache/commons/beanutils/LazyDynaBean.java"
"bean_1054",657,"return createIndexedProperty(name, type);","return null;","org/apache/commons/beanutils/LazyDynaBean.java"
"bean_1055",660,"if (Map.class.isAssignableFrom(type)) {","if (false) {","org/apache/commons/beanutils/LazyDynaBean.java"
"bean_1056",660,"if (Map.class.isAssignableFrom(type)) {","if (true) {","org/apache/commons/beanutils/LazyDynaBean.java"
"bean_1057",661,"return createMappedProperty(name, type);","return null;","org/apache/commons/beanutils/LazyDynaBean.java"
"bean_1058",664,"if (DynaBean.class.isAssignableFrom(type)) {","if (false) {","org/apache/commons/beanutils/LazyDynaBean.java"
"bean_1059",664,"if (DynaBean.class.isAssignableFrom(type)) {","if (true) {","org/apache/commons/beanutils/LazyDynaBean.java"
"bean_1060",665,"return createDynaBeanProperty(name, type);","return null;","org/apache/commons/beanutils/LazyDynaBean.java"
"bean_1061",668,"if (type.isPrimitive()) {","if (false) {","org/apache/commons/beanutils/LazyDynaBean.java"
"bean_1062",668,"if (type.isPrimitive()) {","if (true) {","org/apache/commons/beanutils/LazyDynaBean.java"
"bean_1063",669,"return createPrimitiveProperty(name, type);","return null;","org/apache/commons/beanutils/LazyDynaBean.java"
"bean_1064",672,"if (Number.class.isAssignableFrom(type)) {","if (false) {","org/apache/commons/beanutils/LazyDynaBean.java"
"bean_1065",672,"if (Number.class.isAssignableFrom(type)) {","if (true) {","org/apache/commons/beanutils/LazyDynaBean.java"
"bean_1066",673,"return createNumberProperty(name, type);","return null;","org/apache/commons/beanutils/LazyDynaBean.java"
"bean_1067",676,"return createOtherProperty(name, type);","return null;","org/apache/commons/beanutils/LazyDynaBean.java"
"bean_1068",861,"return new ArrayList<Object>();","return null;","org/apache/commons/beanutils/LazyDynaBean.java"
"bean_1069",875,"return new HashMap<String, Object>();","return Collections.emptyMap();","org/apache/commons/beanutils/LazyDynaBean.java"
"bean_1070",292,"if (name == null) {","if (false) {","org/apache/commons/beanutils/LazyDynaBean.java"
"bean_1071",292,"if (name == null) {","if (true) {","org/apache/commons/beanutils/LazyDynaBean.java"
"bean_1072",298,"if (value != null) {","if (false) {","org/apache/commons/beanutils/LazyDynaBean.java"
"bean_1073",298,"if (value != null) {","if (true) {","org/apache/commons/beanutils/LazyDynaBean.java"
"bean_1074",299,"return value;","return null;","org/apache/commons/beanutils/LazyDynaBean.java"
"bean_1075",303,"if (!isDynaProperty(name)) {","if (false) {","org/apache/commons/beanutils/LazyDynaBean.java"
"bean_1076",303,"if (!isDynaProperty(name)) {","if (true) {","org/apache/commons/beanutils/LazyDynaBean.java"
"bean_1077",310,"if (value != null) {","if (false) {","org/apache/commons/beanutils/LazyDynaBean.java"
"bean_1078",310,"if (value != null) {","if (true) {","org/apache/commons/beanutils/LazyDynaBean.java"
"bean_1079",311,"set(name, value);","// removed call to set()","org/apache/commons/beanutils/LazyDynaBean.java"
"bean_1080",314,"return value;","return null;","org/apache/commons/beanutils/LazyDynaBean.java"
"bean_1081",336,"if (!isDynaProperty(name)) {","if (false) {","org/apache/commons/beanutils/LazyDynaBean.java"
"bean_1082",336,"if (!isDynaProperty(name)) {","if (true) {","org/apache/commons/beanutils/LazyDynaBean.java"
"bean_1083",337,"set(name, defaultIndexedProperty(name));","set(name, defaultIndexedProperty(name));  // removed call to set()","org/apache/commons/beanutils/LazyDynaBean.java"
"bean_1084",344,"if (!dynaClass.getDynaProperty(name).isIndexed()) {","if (false) {","org/apache/commons/beanutils/LazyDynaBean.java"
"bean_1085",344,"if (!dynaClass.getDynaProperty(name).isIndexed()) {","if (true) {","org/apache/commons/beanutils/LazyDynaBean.java"
"bean_1086",354,"if (indexedProperty.getClass().isArray()) {","if (false) {","org/apache/commons/beanutils/LazyDynaBean.java"
"bean_1087",354,"if (indexedProperty.getClass().isArray()) {","if (true) {","org/apache/commons/beanutils/LazyDynaBean.java"
"bean_1088",355,"return Array.get(indexedProperty, index);","return null;","org/apache/commons/beanutils/LazyDynaBean.java"
"bean_1089",356,"} else if (indexedProperty instanceof List) {","} else if (false) {","org/apache/commons/beanutils/LazyDynaBean.java"
"bean_1090",356,"} else if (indexedProperty instanceof List) {","} else if (true) {","org/apache/commons/beanutils/LazyDynaBean.java"
"bean_1091",357,"return ((List<?>)indexedProperty).get(index);","return null;","org/apache/commons/beanutils/LazyDynaBean.java"
"bean_1092",382,"if (!isDynaProperty(name)) {","if (false) {","org/apache/commons/beanutils/LazyDynaBean.java"
"bean_1093",382,"if (!isDynaProperty(name)) {","if (true) {","org/apache/commons/beanutils/LazyDynaBean.java"
"bean_1094",383,"set(name, defaultMappedProperty(name));","set(name, defaultMappedProperty(name));  // removed call to set()","org/apache/commons/beanutils/LazyDynaBean.java"
"bean_1095",390,"if (!dynaClass.getDynaProperty(name).isMapped()) {","if (false) {","org/apache/commons/beanutils/LazyDynaBean.java"
"bean_1096",390,"if (!dynaClass.getDynaProperty(name).isMapped()) {","if (true) {","org/apache/commons/beanutils/LazyDynaBean.java"
"bean_1097",397,"if (mappedProperty instanceof Map) {","if (false) {","org/apache/commons/beanutils/LazyDynaBean.java"
"bean_1098",397,"if (mappedProperty instanceof Map) {","if (true) {","org/apache/commons/beanutils/LazyDynaBean.java"
"bean_1099",398,"return (((Map<?, ?>) mappedProperty).get(key));","return null;","org/apache/commons/beanutils/LazyDynaBean.java"
"bean_1100",415,"return dynaClass;","return null;","org/apache/commons/beanutils/LazyDynaBean.java"
"bean_1101",208,"if (mapDecorator == null) {","if (false) {","org/apache/commons/beanutils/LazyDynaBean.java"
"bean_1102",208,"if (mapDecorator == null) {","if (true) {","org/apache/commons/beanutils/LazyDynaBean.java"
"bean_1103",211,"return mapDecorator;","return Collections.emptyMap();","org/apache/commons/beanutils/LazyDynaBean.java"
"bean_1104",606,"if (indexedProperty instanceof List) {","if (false) {","org/apache/commons/beanutils/LazyDynaBean.java"
"bean_1105",606,"if (indexedProperty instanceof List) {","if (true) {","org/apache/commons/beanutils/LazyDynaBean.java"
"bean_1106",612,"while (index >= list.size()) {","while (index > list.size()) {","org/apache/commons/beanutils/LazyDynaBean.java"
"bean_1107",612,"while (index >= list.size()) {","while (false) {","org/apache/commons/beanutils/LazyDynaBean.java"
"bean_1108",612,"while (index >= list.size()) {","while (true) {","org/apache/commons/beanutils/LazyDynaBean.java"
"bean_1109",615,"if (contentType != null) {","if (false) {","org/apache/commons/beanutils/LazyDynaBean.java"
"bean_1110",615,"if (contentType != null) {","if (true) {","org/apache/commons/beanutils/LazyDynaBean.java"
"bean_1111",624,"if ((indexedProperty.getClass().isArray())) {","if (false) {","org/apache/commons/beanutils/LazyDynaBean.java"
"bean_1112",624,"if ((indexedProperty.getClass().isArray())) {","if (true) {","org/apache/commons/beanutils/LazyDynaBean.java"
"bean_1113",627,"if (index >= length) {","if (index > length) {","org/apache/commons/beanutils/LazyDynaBean.java"
"bean_1114",627,"if (index >= length) {","if (false) {","org/apache/commons/beanutils/LazyDynaBean.java"
"bean_1115",627,"if (index >= length) {","if (true) {","org/apache/commons/beanutils/LazyDynaBean.java"
"bean_1116",629,"final Object newArray = Array.newInstance(componentType, (index + 1));","final Object newArray = Array.newInstance(componentType, (index - 1));","org/apache/commons/beanutils/LazyDynaBean.java"
"bean_1117",630,"System.arraycopy(indexedProperty, 0, newArray, 0, length);","// removed call to arraycopy()","org/apache/commons/beanutils/LazyDynaBean.java"
"bean_1118",632,"set(name, indexedProperty);","// removed call to set()","org/apache/commons/beanutils/LazyDynaBean.java"
"bean_1119",634,"for (int i = length; i < newLength; i++) {","for (int i = length; i <= newLength; i++) {","org/apache/commons/beanutils/LazyDynaBean.java"
"bean_1120",634,"for (int i = length; i < newLength; i++) {","for (int i = length; false; i++) {","org/apache/commons/beanutils/LazyDynaBean.java"
"bean_1121",634,"for (int i = length; i < newLength; i++) {","for (int i = length; true; i++) {","org/apache/commons/beanutils/LazyDynaBean.java"
"bean_1122",635,"Array.set(indexedProperty, i, createProperty(name+""[""+i+""]"", componentType));","Array.set(indexedProperty, i, createProperty(name+""[""+i+""]"", componentType));  // removed call to set()","org/apache/commons/beanutils/LazyDynaBean.java"
"bean_1123",640,"return indexedProperty;","return null;","org/apache/commons/beanutils/LazyDynaBean.java"
"bean_1124",910,"if (dest.isAssignableFrom(source) ||","if (false) ||","org/apache/commons/beanutils/LazyDynaBean.java"
"bean_1125",910,"if (dest.isAssignableFrom(source) ||","if (true) ||","org/apache/commons/beanutils/LazyDynaBean.java"
"bean_1126",910,"if (dest.isAssignableFrom(source) ||","if (false) ||","org/apache/commons/beanutils/LazyDynaBean.java"
"bean_1127",910,"if (dest.isAssignableFrom(source) ||","if (true) ||","org/apache/commons/beanutils/LazyDynaBean.java"
"bean_1128",910,"if (dest.isAssignableFrom(source) ||","if (false) ||","org/apache/commons/beanutils/LazyDynaBean.java"
"bean_1129",910,"if (dest.isAssignableFrom(source) ||","if (true) ||","org/apache/commons/beanutils/LazyDynaBean.java"
"bean_1130",910,"if (dest.isAssignableFrom(source) ||","if (false) ||","org/apache/commons/beanutils/LazyDynaBean.java"
"bean_1131",910,"if (dest.isAssignableFrom(source) ||","if (true) ||","org/apache/commons/beanutils/LazyDynaBean.java"
"bean_1132",910,"if (dest.isAssignableFrom(source) ||","if (false) ||","org/apache/commons/beanutils/LazyDynaBean.java"
"bean_1133",910,"if (dest.isAssignableFrom(source) ||","if (true) ||","org/apache/commons/beanutils/LazyDynaBean.java"
"bean_1134",910,"if (dest.isAssignableFrom(source) ||","if (false) ||","org/apache/commons/beanutils/LazyDynaBean.java"
"bean_1135",910,"if (dest.isAssignableFrom(source) ||","if (true) ||","org/apache/commons/beanutils/LazyDynaBean.java"
"bean_1136",910,"if (dest.isAssignableFrom(source) ||","if (false) ||","org/apache/commons/beanutils/LazyDynaBean.java"
"bean_1137",910,"if (dest.isAssignableFrom(source) ||","if (true) ||","org/apache/commons/beanutils/LazyDynaBean.java"
"bean_1138",910,"if (dest.isAssignableFrom(source) ||","if (false) ||","org/apache/commons/beanutils/LazyDynaBean.java"
"bean_1139",910,"if (dest.isAssignableFrom(source) ||","if (true) ||","org/apache/commons/beanutils/LazyDynaBean.java"
"bean_1140",910,"if (dest.isAssignableFrom(source) ||","if (false) ||","org/apache/commons/beanutils/LazyDynaBean.java"
"bean_1141",910,"if (dest.isAssignableFrom(source) ||","if (true) ||","org/apache/commons/beanutils/LazyDynaBean.java"
"bean_1142",910,"if (dest.isAssignableFrom(source) ||","if (false) ||","org/apache/commons/beanutils/LazyDynaBean.java"
"bean_1143",910,"if (dest.isAssignableFrom(source) ||","if (true) ||","org/apache/commons/beanutils/LazyDynaBean.java"
"bean_1144",910,"if (dest.isAssignableFrom(source) ||","if (false) ||","org/apache/commons/beanutils/LazyDynaBean.java"
"bean_1145",910,"if (dest.isAssignableFrom(source) ||","if (true) ||","org/apache/commons/beanutils/LazyDynaBean.java"
"bean_1146",910,"if (dest.isAssignableFrom(source) ||","if (false) ||","org/apache/commons/beanutils/LazyDynaBean.java"
"bean_1147",910,"if (dest.isAssignableFrom(source) ||","if (true) ||","org/apache/commons/beanutils/LazyDynaBean.java"
"bean_1148",910,"if (dest.isAssignableFrom(source) ||","if (false) ||","org/apache/commons/beanutils/LazyDynaBean.java"
"bean_1149",910,"if (dest.isAssignableFrom(source) ||","if (true) ||","org/apache/commons/beanutils/LazyDynaBean.java"
"bean_1150",910,"if (dest.isAssignableFrom(source) ||","if (false) ||","org/apache/commons/beanutils/LazyDynaBean.java"
"bean_1151",910,"if (dest.isAssignableFrom(source) ||","if (true) ||","org/apache/commons/beanutils/LazyDynaBean.java"
"bean_1152",910,"if (dest.isAssignableFrom(source) ||","if (false) ||","org/apache/commons/beanutils/LazyDynaBean.java"
"bean_1153",910,"if (dest.isAssignableFrom(source) ||","if (true) ||","org/apache/commons/beanutils/LazyDynaBean.java"
"bean_1154",910,"if (dest.isAssignableFrom(source) ||","if (false) ||","org/apache/commons/beanutils/LazyDynaBean.java"
"bean_1155",910,"if (dest.isAssignableFrom(source) ||","if (true) ||","org/apache/commons/beanutils/LazyDynaBean.java"
"bean_1156",910,"if (dest.isAssignableFrom(source) ||","if (false) ||","org/apache/commons/beanutils/LazyDynaBean.java"
"bean_1157",910,"if (dest.isAssignableFrom(source) ||","if (true) ||","org/apache/commons/beanutils/LazyDynaBean.java"
"bean_1158",919,"return (true);","return false;","org/apache/commons/beanutils/LazyDynaBean.java"
"bean_1159",921,"return (false);","return true;","org/apache/commons/beanutils/LazyDynaBean.java"
"bean_1160",886,"if (name == null) {","if (false) {","org/apache/commons/beanutils/LazyDynaBean.java"
"bean_1161",886,"if (name == null) {","if (true) {","org/apache/commons/beanutils/LazyDynaBean.java"
"bean_1162",891,"if (dynaClass instanceof LazyDynaClass) {","if (false) {","org/apache/commons/beanutils/LazyDynaBean.java"
"bean_1163",891,"if (dynaClass instanceof LazyDynaClass) {","if (true) {","org/apache/commons/beanutils/LazyDynaBean.java"
"bean_1164",892,"return ((LazyDynaClass)dynaClass).isDynaProperty(name);","return false;","org/apache/commons/beanutils/LazyDynaBean.java"
"bean_1165",892,"return ((LazyDynaClass)dynaClass).isDynaProperty(name);","return true;","org/apache/commons/beanutils/LazyDynaBean.java"
"bean_1166",896,"return dynaClass.getDynaProperty(name) == null ? false : true;","return false ? false : true;","org/apache/commons/beanutils/LazyDynaBean.java"
"bean_1167",896,"return dynaClass.getDynaProperty(name) == null ? false : true;","return true ? false : true;","org/apache/commons/beanutils/LazyDynaBean.java"
"bean_1168",896,"return dynaClass.getDynaProperty(name) == null ? false : true;","return false;","org/apache/commons/beanutils/LazyDynaBean.java"
"bean_1169",938,"if (logger == null) {","if (false) {","org/apache/commons/beanutils/LazyDynaBean.java"
"bean_1170",938,"if (logger == null) {","if (true) {","org/apache/commons/beanutils/LazyDynaBean.java"
"bean_1171",941,"return logger;","return null;","org/apache/commons/beanutils/LazyDynaBean.java"
"bean_1172",931,"return new HashMap<String, Object>();","return Collections.emptyMap();","org/apache/commons/beanutils/LazyDynaBean.java"
"bean_1173",431,"if (name == null) {","if (false) {","org/apache/commons/beanutils/LazyDynaBean.java"
"bean_1174",431,"if (name == null) {","if (true) {","org/apache/commons/beanutils/LazyDynaBean.java"
"bean_1175",436,"if (value == null) {","if (false) {","org/apache/commons/beanutils/LazyDynaBean.java"
"bean_1176",436,"if (value == null) {","if (true) {","org/apache/commons/beanutils/LazyDynaBean.java"
"bean_1177",440,"if (value instanceof Map) {","if (false) {","org/apache/commons/beanutils/LazyDynaBean.java"
"bean_1178",440,"if (value instanceof Map) {","if (true) {","org/apache/commons/beanutils/LazyDynaBean.java"
"bean_1179",519,"if (!isDynaProperty(name)) {","if (false) {","org/apache/commons/beanutils/LazyDynaBean.java"
"bean_1180",519,"if (!isDynaProperty(name)) {","if (true) {","org/apache/commons/beanutils/LazyDynaBean.java"
"bean_1181",520,"set(name, defaultIndexedProperty(name));","set(name, defaultIndexedProperty(name));  // removed call to set()","org/apache/commons/beanutils/LazyDynaBean.java"
"bean_1182",527,"if (!dynaClass.getDynaProperty(name).isIndexed()) {","if (false) {","org/apache/commons/beanutils/LazyDynaBean.java"
"bean_1183",527,"if (!dynaClass.getDynaProperty(name).isIndexed()) {","if (true) {","org/apache/commons/beanutils/LazyDynaBean.java"
"bean_1184",537,"if (indexedProperty.getClass().isArray()) {","if (false) {","org/apache/commons/beanutils/LazyDynaBean.java"
"bean_1185",537,"if (indexedProperty.getClass().isArray()) {","if (true) {","org/apache/commons/beanutils/LazyDynaBean.java"
"bean_1186",538,"Array.set(indexedProperty, index, value);","// removed call to set()","org/apache/commons/beanutils/LazyDynaBean.java"
"bean_1187",539,"} else if (indexedProperty instanceof List) {","} else if (false) {","org/apache/commons/beanutils/LazyDynaBean.java"
"bean_1188",539,"} else if (indexedProperty instanceof List) {","} else if (true) {","org/apache/commons/beanutils/LazyDynaBean.java"
"bean_1189",466,"if (!isDynaProperty(name)) {","if (false) {","org/apache/commons/beanutils/LazyDynaBean.java"
"bean_1190",466,"if (!isDynaProperty(name)) {","if (true) {","org/apache/commons/beanutils/LazyDynaBean.java"
"bean_1191",468,"if (dynaClass.isRestricted()) {","if (false) {","org/apache/commons/beanutils/LazyDynaBean.java"
"bean_1192",468,"if (dynaClass.isRestricted()) {","if (true) {","org/apache/commons/beanutils/LazyDynaBean.java"
"bean_1193",472,"if (value == null) {","if (false) {","org/apache/commons/beanutils/LazyDynaBean.java"
"bean_1194",472,"if (value == null) {","if (true) {","org/apache/commons/beanutils/LazyDynaBean.java"
"bean_1195",473,"dynaClass.add(name);","// removed call to add()","org/apache/commons/beanutils/LazyDynaBean.java"
"bean_1196",475,"dynaClass.add(name, value.getClass());","dynaClass.add(name, value.getClass());  // removed call to add()","org/apache/commons/beanutils/LazyDynaBean.java"
"bean_1197",482,"if (value == null) {","if (false) {","org/apache/commons/beanutils/LazyDynaBean.java"
"bean_1198",482,"if (value == null) {","if (true) {","org/apache/commons/beanutils/LazyDynaBean.java"
"bean_1199",483,"if (descriptor.getType().isPrimitive()) {","if (false) {","org/apache/commons/beanutils/LazyDynaBean.java"
"bean_1200",483,"if (descriptor.getType().isPrimitive()) {","if (true) {","org/apache/commons/beanutils/LazyDynaBean.java"
"bean_1201",487,"} else if (!isAssignable(descriptor.getType(), value.getClass())) {","} else if (false) {","org/apache/commons/beanutils/LazyDynaBean.java"
"bean_1202",487,"} else if (!isAssignable(descriptor.getType(), value.getClass())) {","} else if (true) {","org/apache/commons/beanutils/LazyDynaBean.java"
"bean_1203",570,"if (!isDynaProperty(name)) {","if (false) {","org/apache/commons/beanutils/LazyDynaBean.java"
"bean_1204",570,"if (!isDynaProperty(name)) {","if (true) {","org/apache/commons/beanutils/LazyDynaBean.java"
"bean_1205",571,"set(name, defaultMappedProperty(name));","set(name, defaultMappedProperty(name));  // removed call to set()","org/apache/commons/beanutils/LazyDynaBean.java"
"bean_1206",578,"if (!dynaClass.getDynaProperty(name).isMapped()) {","if (false) {","org/apache/commons/beanutils/LazyDynaBean.java"
"bean_1207",578,"if (!dynaClass.getDynaProperty(name).isMapped()) {","if (true) {","org/apache/commons/beanutils/LazyDynaBean.java"
"bean_1208",223,"if (name == null) {","if (false) {","org/apache/commons/beanutils/LazyDynaBean.java"
"bean_1209",223,"if (name == null) {","if (true) {","org/apache/commons/beanutils/LazyDynaBean.java"
"bean_1210",228,"if (value == null) {","if (false) {","org/apache/commons/beanutils/LazyDynaBean.java"
"bean_1211",228,"if (value == null) {","if (true) {","org/apache/commons/beanutils/LazyDynaBean.java"
"bean_1212",232,"if (value instanceof Map) {","if (false) {","org/apache/commons/beanutils/LazyDynaBean.java"
"bean_1213",232,"if (value instanceof Map) {","if (true) {","org/apache/commons/beanutils/LazyDynaBean.java"
"bean_1214",233,"return ((Map<?, ?>)value).size();","return 0;","org/apache/commons/beanutils/LazyDynaBean.java"
"bean_1215",236,"if (value instanceof List) {","if (false) {","org/apache/commons/beanutils/LazyDynaBean.java"
"bean_1216",236,"if (value instanceof List) {","if (true) {","org/apache/commons/beanutils/LazyDynaBean.java"
"bean_1217",237,"return ((List<?>)value).size();","return 0;","org/apache/commons/beanutils/LazyDynaBean.java"
"bean_1218",240,"if ((value.getClass().isArray())) {","if (false) {","org/apache/commons/beanutils/LazyDynaBean.java"
"bean_1219",240,"if ((value.getClass().isArray())) {","if (true) {","org/apache/commons/beanutils/LazyDynaBean.java"
"bean_1220",241,"return Array.getLength(value);","return 0;","org/apache/commons/beanutils/LazyDynaBean.java"
"bean_1221",177,"if (bean instanceof DynaBean) {","if (false) {","org/apache/commons/beanutils/BeanUtilsBean.java"
"bean_1222",177,"if (bean instanceof DynaBean) {","if (true) {","org/apache/commons/beanutils/BeanUtilsBean.java"
"bean_1223",182,"getPropertyUtils().copyProperties(newBean, bean);","getPropertyUtils().  // removed call to copyProperties()","org/apache/commons/beanutils/BeanUtilsBean.java"
"bean_1224",183,"return (newBean);","return null;","org/apache/commons/beanutils/BeanUtilsBean.java"
"bean_1225",1077,"if (converter != null) {","if (false) {","org/apache/commons/beanutils/BeanUtilsBean.java"
"bean_1226",1077,"if (converter != null) {","if (true) {","org/apache/commons/beanutils/BeanUtilsBean.java"
"bean_1227",1079,"return converter.convert(type, value);","return null;","org/apache/commons/beanutils/BeanUtilsBean.java"
"bean_1228",1081,"return value;","return null;","org/apache/commons/beanutils/BeanUtilsBean.java"
"bean_1229",1095,"return (value != null) ? convert(value, type) : value;","return (false) ? convert(value, type) : value;","org/apache/commons/beanutils/BeanUtilsBean.java"
"bean_1230",1095,"return (value != null) ? convert(value, type) : value;","return (true) ? convert(value, type) : value;","org/apache/commons/beanutils/BeanUtilsBean.java"
"bean_1231",1095,"return (value != null) ? convert(value, type) : value;","return null;","org/apache/commons/beanutils/BeanUtilsBean.java"
"bean_1232",234,"if (dest == null) {","if (false) {","org/apache/commons/beanutils/BeanUtilsBean.java"
"bean_1233",234,"if (dest == null) {","if (true) {","org/apache/commons/beanutils/BeanUtilsBean.java"
"bean_1234",238,"if (orig == null) {","if (false) {","org/apache/commons/beanutils/BeanUtilsBean.java"
"bean_1235",238,"if (orig == null) {","if (true) {","org/apache/commons/beanutils/BeanUtilsBean.java"
"bean_1236",247,"if (orig instanceof DynaBean) {","if (false) {","org/apache/commons/beanutils/BeanUtilsBean.java"
"bean_1237",247,"if (orig instanceof DynaBean) {","if (true) {","org/apache/commons/beanutils/BeanUtilsBean.java"
"bean_1238",254,"if (getPropertyUtils().isReadable(orig, name) &&","if (false) &&","org/apache/commons/beanutils/BeanUtilsBean.java"
"bean_1239",254,"if (getPropertyUtils().isReadable(orig, name) &&","if (true) &&","org/apache/commons/beanutils/BeanUtilsBean.java"
"bean_1240",257,"copyProperty(dest, name, value);","// removed call to copyProperty()","org/apache/commons/beanutils/BeanUtilsBean.java"
"bean_1241",260,"} else if (orig instanceof Map) {","} else if (false) {","org/apache/commons/beanutils/BeanUtilsBean.java"
"bean_1242",260,"} else if (orig instanceof Map) {","} else if (true) {","org/apache/commons/beanutils/BeanUtilsBean.java"
"bean_1243",267,"if (getPropertyUtils().isWriteable(dest, name)) {","if (false) {","org/apache/commons/beanutils/BeanUtilsBean.java"
"bean_1244",267,"if (getPropertyUtils().isWriteable(dest, name)) {","if (true) {","org/apache/commons/beanutils/BeanUtilsBean.java"
"bean_1245",268,"copyProperty(dest, name, entry.getValue());","copyProperty(dest, name, entry.getValue());  // removed call to copyProperty()","org/apache/commons/beanutils/BeanUtilsBean.java"
"bean_1246",276,"if (""class"".equals(name)) {","if (false) {","org/apache/commons/beanutils/BeanUtilsBean.java"
"bean_1247",276,"if (""class"".equals(name)) {","if (true) {","org/apache/commons/beanutils/BeanUtilsBean.java"
"bean_1248",279,"if (getPropertyUtils().isReadable(orig, name) &&","if (false) &&","org/apache/commons/beanutils/BeanUtilsBean.java"
"bean_1249",279,"if (getPropertyUtils().isReadable(orig, name) &&","if (true) &&","org/apache/commons/beanutils/BeanUtilsBean.java"
"bean_1250",284,"copyProperty(dest, name, value);","// removed call to copyProperty()","org/apache/commons/beanutils/BeanUtilsBean.java"
"bean_1251",336,"if (value == null) {","if (false) {","org/apache/commons/beanutils/BeanUtilsBean.java"
"bean_1252",336,"if (value == null) {","if (true) {","org/apache/commons/beanutils/BeanUtilsBean.java"
"bean_1253",338,"} else if (value instanceof String) {","} else if (false) {","org/apache/commons/beanutils/BeanUtilsBean.java"
"bean_1254",338,"} else if (value instanceof String) {","} else if (true) {","org/apache/commons/beanutils/BeanUtilsBean.java"
"bean_1255",340,"} else if (value instanceof String[]) {","} else if (false[]) {","org/apache/commons/beanutils/BeanUtilsBean.java"
"bean_1256",340,"} else if (value instanceof String[]) {","} else if (true[]) {","org/apache/commons/beanutils/BeanUtilsBean.java"
"bean_1257",343,"for (int i = 0; i < values.length; i++) {","for (int i = 0; i <= values.length; i++) {","org/apache/commons/beanutils/BeanUtilsBean.java"
"bean_1258",343,"for (int i = 0; i < values.length; i++) {","for (int i = 0; false; i++) {","org/apache/commons/beanutils/BeanUtilsBean.java"
"bean_1259",343,"for (int i = 0; i < values.length; i++) {","for (int i = 0; true; i++) {","org/apache/commons/beanutils/BeanUtilsBean.java"
"bean_1260",344,"if (i > 0) {","if (i >= 0) {","org/apache/commons/beanutils/BeanUtilsBean.java"
"bean_1261",344,"if (i > 0) {","if (false) {","org/apache/commons/beanutils/BeanUtilsBean.java"
"bean_1262",344,"if (i > 0) {","if (true) {","org/apache/commons/beanutils/BeanUtilsBean.java"
"bean_1263",360,"while (resolver.hasNested(name)) {","while (false) {","org/apache/commons/beanutils/BeanUtilsBean.java"
"bean_1264",360,"while (resolver.hasNested(name)) {","while (true) {","org/apache/commons/beanutils/BeanUtilsBean.java"
"bean_1265",380,"if (target instanceof DynaBean) {","if (false) {","org/apache/commons/beanutils/BeanUtilsBean.java"
"bean_1266",380,"if (target instanceof DynaBean) {","if (true) {","org/apache/commons/beanutils/BeanUtilsBean.java"
"bean_1267",383,"if (dynaProperty == null) {","if (false) {","org/apache/commons/beanutils/BeanUtilsBean.java"
"bean_1268",383,"if (dynaProperty == null) {","if (true) {","org/apache/commons/beanutils/BeanUtilsBean.java"
"bean_1269",392,"if (descriptor == null) {","if (false) {","org/apache/commons/beanutils/BeanUtilsBean.java"
"bean_1270",392,"if (descriptor == null) {","if (true) {","org/apache/commons/beanutils/BeanUtilsBean.java"
"bean_1271",399,"if (type == null) {","if (false) {","org/apache/commons/beanutils/BeanUtilsBean.java"
"bean_1272",399,"if (type == null) {","if (true) {","org/apache/commons/beanutils/BeanUtilsBean.java"
"bean_1273",414,"if (index >= 0) {                    // Destination must be indexed","if (index > 0) {                    // Destination must be indexed","org/apache/commons/beanutils/BeanUtilsBean.java"
"bean_1274",414,"if (index >= 0) {                    // Destination must be indexed","if (false) {                    // Destination must be indexed","org/apache/commons/beanutils/BeanUtilsBean.java"
"bean_1275",414,"if (index >= 0) {                    // Destination must be indexed","if (true) {                    // Destination must be indexed","org/apache/commons/beanutils/BeanUtilsBean.java"
"bean_1276",417,"getPropertyUtils().setIndexedProperty(target, propName,","getPropertyUtils().setIndexedProperty(target, propName,  // removed call to setIndexedProperty()","org/apache/commons/beanutils/BeanUtilsBean.java"
"bean_1277",423,"} else if (key != null) {            // Destination must be mapped","} else if (false) {            // Destination must be mapped","org/apache/commons/beanutils/BeanUtilsBean.java"
"bean_1278",423,"} else if (key != null) {            // Destination must be mapped","} else if (true) {            // Destination must be mapped","org/apache/commons/beanutils/BeanUtilsBean.java"
"bean_1279",428,"getPropertyUtils().setMappedProperty(target, propName,","getPropertyUtils().setMappedProperty(target, propName,  // removed call to setMappedProperty()","org/apache/commons/beanutils/BeanUtilsBean.java"
"bean_1280",437,"getPropertyUtils().setSimpleProperty(target, propName, value);","getPropertyUtils().  // removed call to setSimpleProperty()","org/apache/commons/beanutils/BeanUtilsBean.java"
"bean_1281",488,"if (bean == null) {","if (false) {","org/apache/commons/beanutils/BeanUtilsBean.java"
"bean_1282",488,"if (bean == null) {","if (true) {","org/apache/commons/beanutils/BeanUtilsBean.java"
"bean_1283",490,"return (new java.util.HashMap<String, String>());","return Collections.emptyMap();","org/apache/commons/beanutils/BeanUtilsBean.java"
"bean_1284",498,"if (bean instanceof DynaBean) {","if (false) {","org/apache/commons/beanutils/BeanUtilsBean.java"
"bean_1285",498,"if (bean instanceof DynaBean) {","if (true) {","org/apache/commons/beanutils/BeanUtilsBean.java"
"bean_1286",511,"if (getPropertyUtils().getReadMethod(clazz, descriptor) != null) {","if (false) {","org/apache/commons/beanutils/BeanUtilsBean.java"
"bean_1287",511,"if (getPropertyUtils().getReadMethod(clazz, descriptor) != null) {","if (true) {","org/apache/commons/beanutils/BeanUtilsBean.java"
"bean_1288",516,"return (description);","return Collections.emptyMap();","org/apache/commons/beanutils/BeanUtilsBean.java"
"bean_1289",1136,"if (!dynaProperty.isMapped()) {","if (false) {","org/apache/commons/beanutils/BeanUtilsBean.java"
"bean_1290",1136,"if (!dynaProperty.isMapped()) {","if (true) {","org/apache/commons/beanutils/BeanUtilsBean.java"
"bean_1291",1137,"return dynaProperty.getType();","return null;","org/apache/commons/beanutils/BeanUtilsBean.java"
"bean_1292",1139,"return (value == null) ? String.class : value.getClass();","return (false) ? String.class : value.getClass();","org/apache/commons/beanutils/BeanUtilsBean.java"
"bean_1293",1139,"return (value == null) ? String.class : value.getClass();","return (true) ? String.class : value.getClass();","org/apache/commons/beanutils/BeanUtilsBean.java"
"bean_1294",1139,"return (value == null) ? String.class : value.getClass();","return null;","org/apache/commons/beanutils/BeanUtilsBean.java"
"bean_1295",541,"if (value == null) {","if (false) {","org/apache/commons/beanutils/BeanUtilsBean.java"
"bean_1296",541,"if (value == null) {","if (true) {","org/apache/commons/beanutils/BeanUtilsBean.java"
"bean_1297",543,"} else if (value instanceof Collection) {","} else if (false) {","org/apache/commons/beanutils/BeanUtilsBean.java"
"bean_1298",543,"} else if (value instanceof Collection) {","} else if (true) {","org/apache/commons/beanutils/BeanUtilsBean.java"
"bean_1299",546,"if (item == null) {","if (false) {","org/apache/commons/beanutils/BeanUtilsBean.java"
"bean_1300",546,"if (item == null) {","if (true) {","org/apache/commons/beanutils/BeanUtilsBean.java"
"bean_1301",553,"return (values.toArray(new String[values.size()]));","return null;","org/apache/commons/beanutils/BeanUtilsBean.java"
"bean_1302",554,"} else if (value.getClass().isArray()) {","} else if (false) {","org/apache/commons/beanutils/BeanUtilsBean.java"
"bean_1303",554,"} else if (value.getClass().isArray()) {","} else if (true) {","org/apache/commons/beanutils/BeanUtilsBean.java"
"bean_1304",557,"for (int i = 0; i < n; i++) {","for (int i = 0; i <= n; i++) {","org/apache/commons/beanutils/BeanUtilsBean.java"
"bean_1305",557,"for (int i = 0; i < n; i++) {","for (int i = 0; false; i++) {","org/apache/commons/beanutils/BeanUtilsBean.java"
"bean_1306",557,"for (int i = 0; i < n; i++) {","for (int i = 0; true; i++) {","org/apache/commons/beanutils/BeanUtilsBean.java"
"bean_1307",559,"if (item == null) {","if (false) {","org/apache/commons/beanutils/BeanUtilsBean.java"
"bean_1308",559,"if (item == null) {","if (true) {","org/apache/commons/beanutils/BeanUtilsBean.java"
"bean_1309",566,"return (results);","return null;","org/apache/commons/beanutils/BeanUtilsBean.java"
"bean_1310",570,"return (results);","return null;","org/apache/commons/beanutils/BeanUtilsBean.java"
"bean_1311",1032,"return convertUtilsBean;","return null;","org/apache/commons/beanutils/BeanUtilsBean.java"
"bean_1312",600,"return (getConvertUtils().convert(value));","return """";","org/apache/commons/beanutils/BeanUtilsBean.java"
"bean_1313",628,"return (getConvertUtils().convert(value));","return """";","org/apache/commons/beanutils/BeanUtilsBean.java"
"bean_1314",76,"return BEANS_BY_CLASSLOADER.get();","return null;","org/apache/commons/beanutils/BeanUtilsBean.java"
"bean_1315",657,"return (getConvertUtils().convert(value));","return """";","org/apache/commons/beanutils/BeanUtilsBean.java"
"bean_1316",685,"return (getConvertUtils().convert(value));","return """";","org/apache/commons/beanutils/BeanUtilsBean.java"
"bean_1317",712,"return (getConvertUtils().convert(value));","return """";","org/apache/commons/beanutils/BeanUtilsBean.java"
"bean_1318",737,"return (getNestedProperty(bean, name));","return """";","org/apache/commons/beanutils/BeanUtilsBean.java"
"bean_1319",1041,"return propertyUtilsBean;","return null;","org/apache/commons/beanutils/BeanUtilsBean.java"
"bean_1320",762,"return (getConvertUtils().convert(value));","return """";","org/apache/commons/beanutils/BeanUtilsBean.java"
"bean_1321",1053,"if (INIT_CAUSE_METHOD != null && cause != null) {","if (false && cause != null) {","org/apache/commons/beanutils/BeanUtilsBean.java"
"bean_1322",1053,"if (INIT_CAUSE_METHOD != null && cause != null) {","if (true && cause != null) {","org/apache/commons/beanutils/BeanUtilsBean.java"
"bean_1323",1053,"if (INIT_CAUSE_METHOD != null && cause != null) {","if (INIT_CAUSE_METHOD != null && false) {","org/apache/commons/beanutils/BeanUtilsBean.java"
"bean_1324",1053,"if (INIT_CAUSE_METHOD != null && cause != null) {","if (INIT_CAUSE_METHOD != null && true) {","org/apache/commons/beanutils/BeanUtilsBean.java"
"bean_1325",1056,"return true;","return false;","org/apache/commons/beanutils/BeanUtilsBean.java"
"bean_1326",1058,"return false; // can't initialize cause","return true; // can't initialize cause","org/apache/commons/beanutils/BeanUtilsBean.java"
"bean_1327",1061,"return false;","return true;","org/apache/commons/beanutils/BeanUtilsBean.java"
"bean_1328",806,"if ((bean == null) || (properties == null)) {","if ((false) || (properties == null)) {","org/apache/commons/beanutils/BeanUtilsBean.java"
"bean_1329",806,"if ((bean == null) || (properties == null)) {","if ((true) || (properties == null)) {","org/apache/commons/beanutils/BeanUtilsBean.java"
"bean_1330",806,"if ((bean == null) || (properties == null)) {","if ((bean == null) || (false)) {","org/apache/commons/beanutils/BeanUtilsBean.java"
"bean_1331",806,"if ((bean == null) || (properties == null)) {","if ((bean == null) || (true)) {","org/apache/commons/beanutils/BeanUtilsBean.java"
"bean_1332",818,"if (name == null) {","if (false) {","org/apache/commons/beanutils/BeanUtilsBean.java"
"bean_1333",818,"if (name == null) {","if (true) {","org/apache/commons/beanutils/BeanUtilsBean.java"
"bean_1334",823,"setProperty(bean, name, entry.getValue());","setProperty(bean, name, entry.getValue());  // removed call to setProperty()","org/apache/commons/beanutils/BeanUtilsBean.java"
"bean_1335",87,"BEANS_BY_CLASSLOADER.set(newInstance);","// removed call to set()","org/apache/commons/beanutils/BeanUtilsBean.java"
"bean_1336",870,"if (value == null) {","if (false) {","org/apache/commons/beanutils/BeanUtilsBean.java"
"bean_1337",870,"if (value == null) {","if (true) {","org/apache/commons/beanutils/BeanUtilsBean.java"
"bean_1338",872,"} else if (value instanceof String) {","} else if (false) {","org/apache/commons/beanutils/BeanUtilsBean.java"
"bean_1339",872,"} else if (value instanceof String) {","} else if (true) {","org/apache/commons/beanutils/BeanUtilsBean.java"
"bean_1340",874,"} else if (value instanceof String[]) {","} else if (false[]) {","org/apache/commons/beanutils/BeanUtilsBean.java"
"bean_1341",874,"} else if (value instanceof String[]) {","} else if (true[]) {","org/apache/commons/beanutils/BeanUtilsBean.java"
"bean_1342",877,"for (int i = 0; i < values.length; i++) {","for (int i = 0; i <= values.length; i++) {","org/apache/commons/beanutils/BeanUtilsBean.java"
"bean_1343",877,"for (int i = 0; i < values.length; i++) {","for (int i = 0; false; i++) {","org/apache/commons/beanutils/BeanUtilsBean.java"
"bean_1344",877,"for (int i = 0; i < values.length; i++) {","for (int i = 0; true; i++) {","org/apache/commons/beanutils/BeanUtilsBean.java"
"bean_1345",878,"if (i > 0) {","if (i >= 0) {","org/apache/commons/beanutils/BeanUtilsBean.java"
"bean_1346",878,"if (i > 0) {","if (false) {","org/apache/commons/beanutils/BeanUtilsBean.java"
"bean_1347",878,"if (i > 0) {","if (true) {","org/apache/commons/beanutils/BeanUtilsBean.java"
"bean_1348",894,"while (resolver.hasNested(name)) {","while (false) {","org/apache/commons/beanutils/BeanUtilsBean.java"
"bean_1349",894,"while (resolver.hasNested(name)) {","while (true) {","org/apache/commons/beanutils/BeanUtilsBean.java"
"bean_1350",897,"if (target == null) { // the value of a nested property is null","if (false) { // the value of a nested property is null","org/apache/commons/beanutils/BeanUtilsBean.java"
"bean_1351",897,"if (target == null) { // the value of a nested property is null","if (true) { // the value of a nested property is null","org/apache/commons/beanutils/BeanUtilsBean.java"
"bean_1352",917,"if (target instanceof DynaBean) {","if (false) {","org/apache/commons/beanutils/BeanUtilsBean.java"
"bean_1353",917,"if (target instanceof DynaBean) {","if (true) {","org/apache/commons/beanutils/BeanUtilsBean.java"
"bean_1354",920,"if (dynaProperty == null) {","if (false) {","org/apache/commons/beanutils/BeanUtilsBean.java"
"bean_1355",920,"if (dynaProperty == null) {","if (true) {","org/apache/commons/beanutils/BeanUtilsBean.java"
"bean_1356",924,"if (index >= 0 && List.class.isAssignableFrom(type)) {","if (index > 0 && List.class.isAssignableFrom(type)) {","org/apache/commons/beanutils/BeanUtilsBean.java"
"bean_1357",924,"if (index >= 0 && List.class.isAssignableFrom(type)) {","if (false && List.class.isAssignableFrom(type)) {","org/apache/commons/beanutils/BeanUtilsBean.java"
"bean_1358",924,"if (index >= 0 && List.class.isAssignableFrom(type)) {","if (true && List.class.isAssignableFrom(type)) {","org/apache/commons/beanutils/BeanUtilsBean.java"
"bean_1359",924,"if (index >= 0 && List.class.isAssignableFrom(type)) {","if (index >= 0 && false) {","org/apache/commons/beanutils/BeanUtilsBean.java"
"bean_1360",924,"if (index >= 0 && List.class.isAssignableFrom(type)) {","if (index >= 0 && true) {","org/apache/commons/beanutils/BeanUtilsBean.java"
"bean_1361",927,"} else if (target instanceof Map) {","} else if (false) {","org/apache/commons/beanutils/BeanUtilsBean.java"
"bean_1362",927,"} else if (target instanceof Map) {","} else if (true) {","org/apache/commons/beanutils/BeanUtilsBean.java"
"bean_1363",929,"} else if (target != null && target.getClass().isArray() && index >= 0) {","} else if (false && target.getClass().isArray() && index >= 0) {","org/apache/commons/beanutils/BeanUtilsBean.java"
"bean_1364",929,"} else if (target != null && target.getClass().isArray() && index >= 0) {","} else if (true && target.getClass().isArray() && index >= 0) {","org/apache/commons/beanutils/BeanUtilsBean.java"
"bean_1365",929,"} else if (target != null && target.getClass().isArray() && index >= 0) {","} else if (target != null && false && index >= 0) {","org/apache/commons/beanutils/BeanUtilsBean.java"
"bean_1366",929,"} else if (target != null && target.getClass().isArray() && index >= 0) {","} else if (target != null && true && index >= 0) {","org/apache/commons/beanutils/BeanUtilsBean.java"
"bean_1367",929,"} else if (target != null && target.getClass().isArray() && index >= 0) {","} else if (target != null && target.getClass().isArray() && index > 0) {","org/apache/commons/beanutils/BeanUtilsBean.java"
"bean_1368",929,"} else if (target != null && target.getClass().isArray() && index >= 0) {","} else if (target != null && target.getClass().isArray() && false) {","org/apache/commons/beanutils/BeanUtilsBean.java"
"bean_1369",929,"} else if (target != null && target.getClass().isArray() && index >= 0) {","} else if (target != null && target.getClass().isArray() && true) {","org/apache/commons/beanutils/BeanUtilsBean.java"
"bean_1370",936,"if (descriptor == null) {","if (false) {","org/apache/commons/beanutils/BeanUtilsBean.java"
"bean_1371",936,"if (descriptor == null) {","if (true) {","org/apache/commons/beanutils/BeanUtilsBean.java"
"bean_1372",942,"if (descriptor instanceof MappedPropertyDescriptor) {","if (false) {","org/apache/commons/beanutils/BeanUtilsBean.java"
"bean_1373",942,"if (descriptor instanceof MappedPropertyDescriptor) {","if (true) {","org/apache/commons/beanutils/BeanUtilsBean.java"
"bean_1374",943,"if (((MappedPropertyDescriptor) descriptor).getMappedWriteMethod() == null) {","if (false) {","org/apache/commons/beanutils/BeanUtilsBean.java"
"bean_1375",943,"if (((MappedPropertyDescriptor) descriptor).getMappedWriteMethod() == null) {","if (true) {","org/apache/commons/beanutils/BeanUtilsBean.java"
"bean_1376",951,"} else if (index >= 0 && descriptor instanceof IndexedPropertyDescriptor) {","} else if (index > 0 && descriptor instanceof IndexedPropertyDescriptor) {","org/apache/commons/beanutils/BeanUtilsBean.java"
"bean_1377",951,"} else if (index >= 0 && descriptor instanceof IndexedPropertyDescriptor) {","} else if (false && descriptor instanceof IndexedPropertyDescriptor) {","org/apache/commons/beanutils/BeanUtilsBean.java"
"bean_1378",951,"} else if (index >= 0 && descriptor instanceof IndexedPropertyDescriptor) {","} else if (true && descriptor instanceof IndexedPropertyDescriptor) {","org/apache/commons/beanutils/BeanUtilsBean.java"
"bean_1379",951,"} else if (index >= 0 && descriptor instanceof IndexedPropertyDescriptor) {","} else if (index >= 0 && false) {","org/apache/commons/beanutils/BeanUtilsBean.java"
"bean_1380",951,"} else if (index >= 0 && descriptor instanceof IndexedPropertyDescriptor) {","} else if (index >= 0 && true) {","org/apache/commons/beanutils/BeanUtilsBean.java"
"bean_1381",952,"if (((IndexedPropertyDescriptor) descriptor).getIndexedWriteMethod() == null) {","if (false) {","org/apache/commons/beanutils/BeanUtilsBean.java"
"bean_1382",952,"if (((IndexedPropertyDescriptor) descriptor).getIndexedWriteMethod() == null) {","if (true) {","org/apache/commons/beanutils/BeanUtilsBean.java"
"bean_1383",960,"} else if (index >= 0 && List.class.isAssignableFrom(descriptor.getPropertyType())) {","} else if (index > 0 && List.class.isAssignableFrom(descriptor.getPropertyType())) {","org/apache/commons/beanutils/BeanUtilsBean.java"
"bean_1384",960,"} else if (index >= 0 && List.class.isAssignableFrom(descriptor.getPropertyType())) {","} else if (false && List.class.isAssignableFrom(descriptor.getPropertyType())) {","org/apache/commons/beanutils/BeanUtilsBean.java"
"bean_1385",960,"} else if (index >= 0 && List.class.isAssignableFrom(descriptor.getPropertyType())) {","} else if (true && List.class.isAssignableFrom(descriptor.getPropertyType())) {","org/apache/commons/beanutils/BeanUtilsBean.java"
"bean_1386",960,"} else if (index >= 0 && List.class.isAssignableFrom(descriptor.getPropertyType())) {","} else if (index >= 0 && false) {","org/apache/commons/beanutils/BeanUtilsBean.java"
"bean_1387",960,"} else if (index >= 0 && List.class.isAssignableFrom(descriptor.getPropertyType())) {","} else if (index >= 0 && true) {","org/apache/commons/beanutils/BeanUtilsBean.java"
"bean_1388",962,"} else if (key != null) {","} else if (false) {","org/apache/commons/beanutils/BeanUtilsBean.java"
"bean_1389",962,"} else if (key != null) {","} else if (true) {","org/apache/commons/beanutils/BeanUtilsBean.java"
"bean_1390",963,"if (descriptor.getReadMethod() == null) {","if (false) {","org/apache/commons/beanutils/BeanUtilsBean.java"
"bean_1391",963,"if (descriptor.getReadMethod() == null) {","if (true) {","org/apache/commons/beanutils/BeanUtilsBean.java"
"bean_1392",969,"type = (value == null) ? Object.class : value.getClass();","type = (false) ? Object.class : value.getClass();","org/apache/commons/beanutils/BeanUtilsBean.java"
"bean_1393",969,"type = (value == null) ? Object.class : value.getClass();","type = (true) ? Object.class : value.getClass();","org/apache/commons/beanutils/BeanUtilsBean.java"
"bean_1394",971,"if (descriptor.getWriteMethod() == null) {","if (false) {","org/apache/commons/beanutils/BeanUtilsBean.java"
"bean_1395",971,"if (descriptor.getWriteMethod() == null) {","if (true) {","org/apache/commons/beanutils/BeanUtilsBean.java"
"bean_1396",983,"if (type.isArray() && (index < 0)) { // Scalar value into array","if (false) { // Scalar value into array","org/apache/commons/beanutils/BeanUtilsBean.java"
"bean_1397",983,"if (type.isArray() && (index < 0)) { // Scalar value into array","if (true) { // Scalar value into array","org/apache/commons/beanutils/BeanUtilsBean.java"
"bean_1398",983,"if (type.isArray() && (index < 0)) { // Scalar value into array","if (type.isArray() && (index <= 0)) { // Scalar value into array","org/apache/commons/beanutils/BeanUtilsBean.java"
"bean_1399",983,"if (type.isArray() && (index < 0)) { // Scalar value into array","if (type.isArray() && (false)) { // Scalar value into array","org/apache/commons/beanutils/BeanUtilsBean.java"
"bean_1400",983,"if (type.isArray() && (index < 0)) { // Scalar value into array","if (type.isArray() && (true)) { // Scalar value into array","org/apache/commons/beanutils/BeanUtilsBean.java"
"bean_1401",984,"if (value == null) {","if (false) {","org/apache/commons/beanutils/BeanUtilsBean.java"
"bean_1402",984,"if (value == null) {","if (true) {","org/apache/commons/beanutils/BeanUtilsBean.java"
"bean_1403",988,"} else if (value instanceof String) {","} else if (false) {","org/apache/commons/beanutils/BeanUtilsBean.java"
"bean_1404",988,"} else if (value instanceof String) {","} else if (true) {","org/apache/commons/beanutils/BeanUtilsBean.java"
"bean_1405",990,"} else if (value instanceof String[]) {","} else if (false[]) {","org/apache/commons/beanutils/BeanUtilsBean.java"
"bean_1406",990,"} else if (value instanceof String[]) {","} else if (true[]) {","org/apache/commons/beanutils/BeanUtilsBean.java"
"bean_1407",995,"} else if (type.isArray()) {         // Indexed value into array","} else if (false) {         // Indexed value into array","org/apache/commons/beanutils/BeanUtilsBean.java"
"bean_1408",995,"} else if (type.isArray()) {         // Indexed value into array","} else if (true) {         // Indexed value into array","org/apache/commons/beanutils/BeanUtilsBean.java"
"bean_1409",996,"if (value instanceof String || value == null) {","if (false || value == null) {","org/apache/commons/beanutils/BeanUtilsBean.java"
"bean_1410",996,"if (value instanceof String || value == null) {","if (true || value == null) {","org/apache/commons/beanutils/BeanUtilsBean.java"
"bean_1411",996,"if (value instanceof String || value == null) {","if (value instanceof String || false) {","org/apache/commons/beanutils/BeanUtilsBean.java"
"bean_1412",996,"if (value instanceof String || value == null) {","if (value instanceof String || true) {","org/apache/commons/beanutils/BeanUtilsBean.java"
"bean_1413",999,"} else if (value instanceof String[]) {","} else if (false[]) {","org/apache/commons/beanutils/BeanUtilsBean.java"
"bean_1414",999,"} else if (value instanceof String[]) {","} else if (true[]) {","org/apache/commons/beanutils/BeanUtilsBean.java"
"bean_1415",1006,"if (value instanceof String) {","if (false) {","org/apache/commons/beanutils/BeanUtilsBean.java"
"bean_1416",1006,"if (value instanceof String) {","if (true) {","org/apache/commons/beanutils/BeanUtilsBean.java"
"bean_1417",1008,"} else if (value instanceof String[]) {","} else if (false[]) {","org/apache/commons/beanutils/BeanUtilsBean.java"
"bean_1418",1008,"} else if (value instanceof String[]) {","} else if (true[]) {","org/apache/commons/beanutils/BeanUtilsBean.java"
"bean_1419",1018,"getPropertyUtils().setProperty(target, name, newValue);","getPropertyUtils().  // removed call to setProperty()","org/apache/commons/beanutils/BeanUtilsBean.java"
"bean_1420",64,"return new BeanUtilsBean();","return null;","org/apache/commons/beanutils/BeanUtilsBean.java"
"bean_1421",118,"setDefaultValue(defaultValue);","// removed call to setDefaultValue()","org/apache/commons/beanutils/converters/NumberConverter.java"
"bean_1422",204,"if (useLocaleFormat && value instanceof Number) {","if (useLocaleFormat && false) {","org/apache/commons/beanutils/converters/NumberConverter.java"
"bean_1423",204,"if (useLocaleFormat && value instanceof Number) {","if (useLocaleFormat && true) {","org/apache/commons/beanutils/converters/NumberConverter.java"
"bean_1424",204,"if (useLocaleFormat && value instanceof Number) {","if (false) {","org/apache/commons/beanutils/converters/NumberConverter.java"
"bean_1425",204,"if (useLocaleFormat && value instanceof Number) {","if (true) {","org/apache/commons/beanutils/converters/NumberConverter.java"
"bean_1426",206,"format.setGroupingUsed(false);","// removed call to setGroupingUsed()","org/apache/commons/beanutils/converters/NumberConverter.java"
"bean_1427",218,"return result;","return """";","org/apache/commons/beanutils/converters/NumberConverter.java"
"bean_1428",237,"if (value instanceof Number) {","if (false) {","org/apache/commons/beanutils/converters/NumberConverter.java"
"bean_1429",237,"if (value instanceof Number) {","if (true) {","org/apache/commons/beanutils/converters/NumberConverter.java"
"bean_1430",238,"return toNumber(sourceType, targetType, (Number)value);","return null;","org/apache/commons/beanutils/converters/NumberConverter.java"
"bean_1431",242,"if (value instanceof Boolean) {","if (false) {","org/apache/commons/beanutils/converters/NumberConverter.java"
"bean_1432",242,"if (value instanceof Boolean) {","if (true) {","org/apache/commons/beanutils/converters/NumberConverter.java"
"bean_1433",243,"return toNumber(sourceType, targetType, ((Boolean)value).booleanValue() ? ONE : ZERO);","return toNumber(sourceType, targetType, false ? ONE : ZERO);","org/apache/commons/beanutils/converters/NumberConverter.java"
"bean_1434",243,"return toNumber(sourceType, targetType, ((Boolean)value).booleanValue() ? ONE : ZERO);","return toNumber(sourceType, targetType, true ? ONE : ZERO);","org/apache/commons/beanutils/converters/NumberConverter.java"
"bean_1435",243,"return toNumber(sourceType, targetType, ((Boolean)value).booleanValue() ? ONE : ZERO);","return null;","org/apache/commons/beanutils/converters/NumberConverter.java"
"bean_1436",247,"if (value instanceof Date && Long.class.equals(targetType)) {","if (false && Long.class.equals(targetType)) {","org/apache/commons/beanutils/converters/NumberConverter.java"
"bean_1437",247,"if (value instanceof Date && Long.class.equals(targetType)) {","if (true && Long.class.equals(targetType)) {","org/apache/commons/beanutils/converters/NumberConverter.java"
"bean_1438",247,"if (value instanceof Date && Long.class.equals(targetType)) {","if (value instanceof Date && false) {","org/apache/commons/beanutils/converters/NumberConverter.java"
"bean_1439",247,"if (value instanceof Date && Long.class.equals(targetType)) {","if (value instanceof Date && true) {","org/apache/commons/beanutils/converters/NumberConverter.java"
"bean_1440",248,"return targetType.cast(new Long(((Date)value).getTime()));","return null;","org/apache/commons/beanutils/converters/NumberConverter.java"
"bean_1441",252,"if (value instanceof Calendar  && Long.class.equals(targetType)) {","if (false  && Long.class.equals(targetType)) {","org/apache/commons/beanutils/converters/NumberConverter.java"
"bean_1442",252,"if (value instanceof Calendar  && Long.class.equals(targetType)) {","if (true  && Long.class.equals(targetType)) {","org/apache/commons/beanutils/converters/NumberConverter.java"
"bean_1443",252,"if (value instanceof Calendar  && Long.class.equals(targetType)) {","if (value instanceof Calendar  && false) {","org/apache/commons/beanutils/converters/NumberConverter.java"
"bean_1444",252,"if (value instanceof Calendar  && Long.class.equals(targetType)) {","if (value instanceof Calendar  && true) {","org/apache/commons/beanutils/converters/NumberConverter.java"
"bean_1445",253,"return targetType.cast(new Long(((Calendar)value).getTime().getTime()));","return null;","org/apache/commons/beanutils/converters/NumberConverter.java"
"bean_1446",258,"if (stringValue.length() == 0) {","if (false) {","org/apache/commons/beanutils/converters/NumberConverter.java"
"bean_1447",258,"if (stringValue.length() == 0) {","if (true) {","org/apache/commons/beanutils/converters/NumberConverter.java"
"bean_1448",259,"return handleMissing(targetType);","return null;","org/apache/commons/beanutils/converters/NumberConverter.java"
"bean_1449",264,"if (useLocaleFormat) {","if (false) {","org/apache/commons/beanutils/converters/NumberConverter.java"
"bean_1450",264,"if (useLocaleFormat) {","if (true) {","org/apache/commons/beanutils/converters/NumberConverter.java"
"bean_1451",275,"return toNumber(sourceType, targetType, number);","return null;","org/apache/commons/beanutils/converters/NumberConverter.java"
"bean_1452",501,"if (pattern != null) {","if (false) {","org/apache/commons/beanutils/converters/NumberConverter.java"
"bean_1453",501,"if (pattern != null) {","if (true) {","org/apache/commons/beanutils/converters/NumberConverter.java"
"bean_1454",502,"if (locale == null) {","if (false) {","org/apache/commons/beanutils/converters/NumberConverter.java"
"bean_1455",502,"if (locale == null) {","if (true) {","org/apache/commons/beanutils/converters/NumberConverter.java"
"bean_1456",516,"if (locale == null) {","if (false) {","org/apache/commons/beanutils/converters/NumberConverter.java"
"bean_1457",516,"if (locale == null) {","if (true) {","org/apache/commons/beanutils/converters/NumberConverter.java"
"bean_1458",528,"if (!allowDecimals) {","if (false) {","org/apache/commons/beanutils/converters/NumberConverter.java"
"bean_1459",528,"if (!allowDecimals) {","if (true) {","org/apache/commons/beanutils/converters/NumberConverter.java"
"bean_1460",529,"format.setParseIntegerOnly(true);","// removed call to setParseIntegerOnly()","org/apache/commons/beanutils/converters/NumberConverter.java"
"bean_1461",531,"return format;","return null;","org/apache/commons/beanutils/converters/NumberConverter.java"
"bean_1462",178,"return locale;","return null;","org/apache/commons/beanutils/converters/NumberConverter.java"
"bean_1463",154,"return pattern;","return """";","org/apache/commons/beanutils/converters/NumberConverter.java"
"bean_1464",129,"return allowDecimals;","return false;","org/apache/commons/beanutils/converters/NumberConverter.java"
"bean_1465",129,"return allowDecimals;","return true;","org/apache/commons/beanutils/converters/NumberConverter.java"
"bean_1466",547,"if (pos.getErrorIndex() >= 0 || pos.getIndex() != value.length() || parsedNumber == null) {","if (pos.getErrorIndex() > 0 || pos.getIndex() != value.length() || parsedNumber == null) {","org/apache/commons/beanutils/converters/NumberConverter.java"
"bean_1467",547,"if (pos.getErrorIndex() >= 0 || pos.getIndex() != value.length() || parsedNumber == null) {","if (false || pos.getIndex() != value.length() || parsedNumber == null) {","org/apache/commons/beanutils/converters/NumberConverter.java"
"bean_1468",547,"if (pos.getErrorIndex() >= 0 || pos.getIndex() != value.length() || parsedNumber == null) {","if (true || pos.getIndex() != value.length() || parsedNumber == null) {","org/apache/commons/beanutils/converters/NumberConverter.java"
"bean_1469",547,"if (pos.getErrorIndex() >= 0 || pos.getIndex() != value.length() || parsedNumber == null) {","if (pos.getErrorIndex() >= 0 || false || parsedNumber == null) {","org/apache/commons/beanutils/converters/NumberConverter.java"
"bean_1470",547,"if (pos.getErrorIndex() >= 0 || pos.getIndex() != value.length() || parsedNumber == null) {","if (pos.getErrorIndex() >= 0 || true || parsedNumber == null) {","org/apache/commons/beanutils/converters/NumberConverter.java"
"bean_1471",547,"if (pos.getErrorIndex() >= 0 || pos.getIndex() != value.length() || parsedNumber == null) {","if (pos.getErrorIndex() >= 0 || pos.getIndex() != value.length() || false) {","org/apache/commons/beanutils/converters/NumberConverter.java"
"bean_1472",547,"if (pos.getErrorIndex() >= 0 || pos.getIndex() != value.length() || parsedNumber == null) {","if (pos.getErrorIndex() >= 0 || pos.getIndex() != value.length() || true) {","org/apache/commons/beanutils/converters/NumberConverter.java"
"bean_1473",549,"if (format instanceof DecimalFormat) {","if (false) {","org/apache/commons/beanutils/converters/NumberConverter.java"
"bean_1474",549,"if (format instanceof DecimalFormat) {","if (true) {","org/apache/commons/beanutils/converters/NumberConverter.java"
"bean_1475",552,"if (locale != null) {","if (false) {","org/apache/commons/beanutils/converters/NumberConverter.java"
"bean_1476",552,"if (locale != null) {","if (true) {","org/apache/commons/beanutils/converters/NumberConverter.java"
"bean_1477",560,"return parsedNumber;","return null;","org/apache/commons/beanutils/converters/NumberConverter.java"
"bean_1478",188,"setUseLocaleFormat(true);","// removed call to setUseLocaleFormat()","org/apache/commons/beanutils/converters/NumberConverter.java"
"bean_1479",168,"setUseLocaleFormat(true);","// removed call to setUseLocaleFormat()","org/apache/commons/beanutils/converters/NumberConverter.java"
"bean_1480",303,"if (targetType.equals(value.getClass())) {","if (false) {","org/apache/commons/beanutils/converters/NumberConverter.java"
"bean_1481",303,"if (targetType.equals(value.getClass())) {","if (true) {","org/apache/commons/beanutils/converters/NumberConverter.java"
"bean_1482",304,"return targetType.cast(value);","return null;","org/apache/commons/beanutils/converters/NumberConverter.java"
"bean_1483",308,"if (targetType.equals(Byte.class)) {","if (false) {","org/apache/commons/beanutils/converters/NumberConverter.java"
"bean_1484",308,"if (targetType.equals(Byte.class)) {","if (true) {","org/apache/commons/beanutils/converters/NumberConverter.java"
"bean_1485",310,"if (longValue > Byte.MAX_VALUE) {","if (longValue >= Byte.MAX_VALUE) {","org/apache/commons/beanutils/converters/NumberConverter.java"
"bean_1486",310,"if (longValue > Byte.MAX_VALUE) {","if (false) {","org/apache/commons/beanutils/converters/NumberConverter.java"
"bean_1487",310,"if (longValue > Byte.MAX_VALUE) {","if (true) {","org/apache/commons/beanutils/converters/NumberConverter.java"
"bean_1488",314,"if (longValue < Byte.MIN_VALUE) {","if (longValue <= Byte.MIN_VALUE) {","org/apache/commons/beanutils/converters/NumberConverter.java"
"bean_1489",314,"if (longValue < Byte.MIN_VALUE) {","if (false) {","org/apache/commons/beanutils/converters/NumberConverter.java"
"bean_1490",314,"if (longValue < Byte.MIN_VALUE) {","if (true) {","org/apache/commons/beanutils/converters/NumberConverter.java"
"bean_1491",318,"return targetType.cast(new Byte(value.byteValue()));","return null;","org/apache/commons/beanutils/converters/NumberConverter.java"
"bean_1492",322,"if (targetType.equals(Short.class)) {","if (false) {","org/apache/commons/beanutils/converters/NumberConverter.java"
"bean_1493",322,"if (targetType.equals(Short.class)) {","if (true) {","org/apache/commons/beanutils/converters/NumberConverter.java"
"bean_1494",324,"if (longValue > Short.MAX_VALUE) {","if (longValue >= Short.MAX_VALUE) {","org/apache/commons/beanutils/converters/NumberConverter.java"
"bean_1495",324,"if (longValue > Short.MAX_VALUE) {","if (false) {","org/apache/commons/beanutils/converters/NumberConverter.java"
"bean_1496",324,"if (longValue > Short.MAX_VALUE) {","if (true) {","org/apache/commons/beanutils/converters/NumberConverter.java"
"bean_1497",328,"if (longValue < Short.MIN_VALUE) {","if (longValue <= Short.MIN_VALUE) {","org/apache/commons/beanutils/converters/NumberConverter.java"
"bean_1498",328,"if (longValue < Short.MIN_VALUE) {","if (false) {","org/apache/commons/beanutils/converters/NumberConverter.java"
"bean_1499",328,"if (longValue < Short.MIN_VALUE) {","if (true) {","org/apache/commons/beanutils/converters/NumberConverter.java"
"bean_1500",332,"return targetType.cast(new Short(value.shortValue()));","return null;","org/apache/commons/beanutils/converters/NumberConverter.java"
"bean_1501",336,"if (targetType.equals(Integer.class)) {","if (false) {","org/apache/commons/beanutils/converters/NumberConverter.java"
"bean_1502",336,"if (targetType.equals(Integer.class)) {","if (true) {","org/apache/commons/beanutils/converters/NumberConverter.java"
"bean_1503",338,"if (longValue > Integer.MAX_VALUE) {","if (longValue >= Integer.MAX_VALUE) {","org/apache/commons/beanutils/converters/NumberConverter.java"
"bean_1504",338,"if (longValue > Integer.MAX_VALUE) {","if (false) {","org/apache/commons/beanutils/converters/NumberConverter.java"
"bean_1505",338,"if (longValue > Integer.MAX_VALUE) {","if (true) {","org/apache/commons/beanutils/converters/NumberConverter.java"
"bean_1506",342,"if (longValue < Integer.MIN_VALUE) {","if (longValue <= Integer.MIN_VALUE) {","org/apache/commons/beanutils/converters/NumberConverter.java"
"bean_1507",342,"if (longValue < Integer.MIN_VALUE) {","if (false) {","org/apache/commons/beanutils/converters/NumberConverter.java"
"bean_1508",342,"if (longValue < Integer.MIN_VALUE) {","if (true) {","org/apache/commons/beanutils/converters/NumberConverter.java"
"bean_1509",346,"return targetType.cast(new Integer(value.intValue()));","return null;","org/apache/commons/beanutils/converters/NumberConverter.java"
"bean_1510",350,"if (targetType.equals(Long.class)) {","if (false) {","org/apache/commons/beanutils/converters/NumberConverter.java"
"bean_1511",350,"if (targetType.equals(Long.class)) {","if (true) {","org/apache/commons/beanutils/converters/NumberConverter.java"
"bean_1512",351,"return targetType.cast(new Long(value.longValue()));","return null;","org/apache/commons/beanutils/converters/NumberConverter.java"
"bean_1513",355,"if (targetType.equals(Float.class)) {","if (false) {","org/apache/commons/beanutils/converters/NumberConverter.java"
"bean_1514",355,"if (targetType.equals(Float.class)) {","if (true) {","org/apache/commons/beanutils/converters/NumberConverter.java"
"bean_1515",356,"if (value.doubleValue() > Float.MAX_VALUE) {","if (value.doubleValue() >= Float.MAX_VALUE) {","org/apache/commons/beanutils/converters/NumberConverter.java"
"bean_1516",356,"if (value.doubleValue() > Float.MAX_VALUE) {","if (false) {","org/apache/commons/beanutils/converters/NumberConverter.java"
"bean_1517",356,"if (value.doubleValue() > Float.MAX_VALUE) {","if (true) {","org/apache/commons/beanutils/converters/NumberConverter.java"
"bean_1518",360,"return targetType.cast(new Float(value.floatValue()));","return null;","org/apache/commons/beanutils/converters/NumberConverter.java"
"bean_1519",364,"if (targetType.equals(Double.class)) {","if (false) {","org/apache/commons/beanutils/converters/NumberConverter.java"
"bean_1520",364,"if (targetType.equals(Double.class)) {","if (true) {","org/apache/commons/beanutils/converters/NumberConverter.java"
"bean_1521",365,"return targetType.cast(new Double(value.doubleValue()));","return null;","org/apache/commons/beanutils/converters/NumberConverter.java"
"bean_1522",369,"if (targetType.equals(BigDecimal.class)) {","if (false) {","org/apache/commons/beanutils/converters/NumberConverter.java"
"bean_1523",369,"if (targetType.equals(BigDecimal.class)) {","if (true) {","org/apache/commons/beanutils/converters/NumberConverter.java"
"bean_1524",370,"if (value instanceof Float || value instanceof Double) {","if (false || value instanceof Double) {","org/apache/commons/beanutils/converters/NumberConverter.java"
"bean_1525",370,"if (value instanceof Float || value instanceof Double) {","if (true || value instanceof Double) {","org/apache/commons/beanutils/converters/NumberConverter.java"
"bean_1526",370,"if (value instanceof Float || value instanceof Double) {","if (value instanceof Float || false) {","org/apache/commons/beanutils/converters/NumberConverter.java"
"bean_1527",370,"if (value instanceof Float || value instanceof Double) {","if (value instanceof Float || true) {","org/apache/commons/beanutils/converters/NumberConverter.java"
"bean_1528",371,"return targetType.cast(new BigDecimal(value.toString()));","return null;","org/apache/commons/beanutils/converters/NumberConverter.java"
"bean_1529",372,"} else if (value instanceof BigInteger) {","} else if (false) {","org/apache/commons/beanutils/converters/NumberConverter.java"
"bean_1530",372,"} else if (value instanceof BigInteger) {","} else if (true) {","org/apache/commons/beanutils/converters/NumberConverter.java"
"bean_1531",373,"return targetType.cast(new BigDecimal((BigInteger)value));","return null;","org/apache/commons/beanutils/converters/NumberConverter.java"
"bean_1532",374,"} else if (value instanceof BigDecimal) {","} else if (false) {","org/apache/commons/beanutils/converters/NumberConverter.java"
"bean_1533",374,"} else if (value instanceof BigDecimal) {","} else if (true) {","org/apache/commons/beanutils/converters/NumberConverter.java"
"bean_1534",375,"return targetType.cast(new BigDecimal(value.toString()));","return null;","org/apache/commons/beanutils/converters/NumberConverter.java"
"bean_1535",377,"return targetType.cast(BigDecimal.valueOf(value.longValue()));","return null;","org/apache/commons/beanutils/converters/NumberConverter.java"
"bean_1536",382,"if (targetType.equals(BigInteger.class)) {","if (false) {","org/apache/commons/beanutils/converters/NumberConverter.java"
"bean_1537",382,"if (targetType.equals(BigInteger.class)) {","if (true) {","org/apache/commons/beanutils/converters/NumberConverter.java"
"bean_1538",383,"if (value instanceof BigDecimal) {","if (false) {","org/apache/commons/beanutils/converters/NumberConverter.java"
"bean_1539",383,"if (value instanceof BigDecimal) {","if (true) {","org/apache/commons/beanutils/converters/NumberConverter.java"
"bean_1540",384,"return targetType.cast(((BigDecimal)value).toBigInteger());","return null;","org/apache/commons/beanutils/converters/NumberConverter.java"
"bean_1541",386,"return targetType.cast(BigInteger.valueOf(value.longValue()));","return null;","org/apache/commons/beanutils/converters/NumberConverter.java"
"bean_1542",422,"if (targetType.equals(Byte.class)) {","if (false) {","org/apache/commons/beanutils/converters/NumberConverter.java"
"bean_1543",422,"if (targetType.equals(Byte.class)) {","if (true) {","org/apache/commons/beanutils/converters/NumberConverter.java"
"bean_1544",423,"return new Byte(value);","return null;","org/apache/commons/beanutils/converters/NumberConverter.java"
"bean_1545",427,"if (targetType.equals(Short.class)) {","if (false) {","org/apache/commons/beanutils/converters/NumberConverter.java"
"bean_1546",427,"if (targetType.equals(Short.class)) {","if (true) {","org/apache/commons/beanutils/converters/NumberConverter.java"
"bean_1547",428,"return new Short(value);","return null;","org/apache/commons/beanutils/converters/NumberConverter.java"
"bean_1548",432,"if (targetType.equals(Integer.class)) {","if (false) {","org/apache/commons/beanutils/converters/NumberConverter.java"
"bean_1549",432,"if (targetType.equals(Integer.class)) {","if (true) {","org/apache/commons/beanutils/converters/NumberConverter.java"
"bean_1550",433,"return new Integer(value);","return null;","org/apache/commons/beanutils/converters/NumberConverter.java"
"bean_1551",437,"if (targetType.equals(Long.class)) {","if (false) {","org/apache/commons/beanutils/converters/NumberConverter.java"
"bean_1552",437,"if (targetType.equals(Long.class)) {","if (true) {","org/apache/commons/beanutils/converters/NumberConverter.java"
"bean_1553",438,"return new Long(value);","return null;","org/apache/commons/beanutils/converters/NumberConverter.java"
"bean_1554",442,"if (targetType.equals(Float.class)) {","if (false) {","org/apache/commons/beanutils/converters/NumberConverter.java"
"bean_1555",442,"if (targetType.equals(Float.class)) {","if (true) {","org/apache/commons/beanutils/converters/NumberConverter.java"
"bean_1556",443,"return new Float(value);","return null;","org/apache/commons/beanutils/converters/NumberConverter.java"
"bean_1557",447,"if (targetType.equals(Double.class)) {","if (false) {","org/apache/commons/beanutils/converters/NumberConverter.java"
"bean_1558",447,"if (targetType.equals(Double.class)) {","if (true) {","org/apache/commons/beanutils/converters/NumberConverter.java"
"bean_1559",448,"return new Double(value);","return null;","org/apache/commons/beanutils/converters/NumberConverter.java"
"bean_1560",452,"if (targetType.equals(BigDecimal.class)) {","if (false) {","org/apache/commons/beanutils/converters/NumberConverter.java"
"bean_1561",452,"if (targetType.equals(BigDecimal.class)) {","if (true) {","org/apache/commons/beanutils/converters/NumberConverter.java"
"bean_1562",453,"return new BigDecimal(value);","return null;","org/apache/commons/beanutils/converters/NumberConverter.java"
"bean_1563",457,"if (targetType.equals(BigInteger.class)) {","if (false) {","org/apache/commons/beanutils/converters/NumberConverter.java"
"bean_1564",457,"if (targetType.equals(BigInteger.class)) {","if (true) {","org/apache/commons/beanutils/converters/NumberConverter.java"
"bean_1565",458,"return new BigInteger(value);","return null;","org/apache/commons/beanutils/converters/NumberConverter.java"
"bean_1566",482,"if (pattern != null) {","if (false) {","org/apache/commons/beanutils/converters/NumberConverter.java"
"bean_1567",482,"if (pattern != null) {","if (true) {","org/apache/commons/beanutils/converters/NumberConverter.java"
"bean_1568",486,"if (locale != null) {","if (false) {","org/apache/commons/beanutils/converters/NumberConverter.java"
"bean_1569",486,"if (locale != null) {","if (true) {","org/apache/commons/beanutils/converters/NumberConverter.java"
"bean_1570",491,"return buffer.toString();","return """";","org/apache/commons/beanutils/converters/NumberConverter.java"
"bean_1571",80,"if (expression == null || expression.length() == 0) {","if (false || expression.length() == 0) {","org/apache/commons/beanutils/expression/DefaultResolver.java"
"bean_1572",80,"if (expression == null || expression.length() == 0) {","if (true || expression.length() == 0) {","org/apache/commons/beanutils/expression/DefaultResolver.java"
"bean_1573",80,"if (expression == null || expression.length() == 0) {","if (expression == null || false) {","org/apache/commons/beanutils/expression/DefaultResolver.java"
"bean_1574",80,"if (expression == null || expression.length() == 0) {","if (expression == null || true) {","org/apache/commons/beanutils/expression/DefaultResolver.java"
"bean_1575",81,"return -1;","return 0;","org/apache/commons/beanutils/expression/DefaultResolver.java"
"bean_1576",83,"for (int i = 0; i < expression.length(); i++) {","for (int i = 0; i <= expression.length(); i++) {","org/apache/commons/beanutils/expression/DefaultResolver.java"
"bean_1577",83,"for (int i = 0; i < expression.length(); i++) {","for (int i = 0; false; i++) {","org/apache/commons/beanutils/expression/DefaultResolver.java"
"bean_1578",83,"for (int i = 0; i < expression.length(); i++) {","for (int i = 0; true; i++) {","org/apache/commons/beanutils/expression/DefaultResolver.java"
"bean_1579",85,"if (c == NESTED || c == MAPPED_START) {","if (false || c == MAPPED_START) {","org/apache/commons/beanutils/expression/DefaultResolver.java"
"bean_1580",85,"if (c == NESTED || c == MAPPED_START) {","if (true || c == MAPPED_START) {","org/apache/commons/beanutils/expression/DefaultResolver.java"
"bean_1581",85,"if (c == NESTED || c == MAPPED_START) {","if (c == NESTED || false) {","org/apache/commons/beanutils/expression/DefaultResolver.java"
"bean_1582",85,"if (c == NESTED || c == MAPPED_START) {","if (c == NESTED || true) {","org/apache/commons/beanutils/expression/DefaultResolver.java"
"bean_1583",86,"return -1;","return 0;","org/apache/commons/beanutils/expression/DefaultResolver.java"
"bean_1584",87,"} else if (c == INDEXED_START) {","} else if (false) {","org/apache/commons/beanutils/expression/DefaultResolver.java"
"bean_1585",87,"} else if (c == INDEXED_START) {","} else if (true) {","org/apache/commons/beanutils/expression/DefaultResolver.java"
"bean_1586",89,"if (end < 0) {","if (end <= 0) {","org/apache/commons/beanutils/expression/DefaultResolver.java"
"bean_1587",89,"if (end < 0) {","if (false) {","org/apache/commons/beanutils/expression/DefaultResolver.java"
"bean_1588",89,"if (end < 0) {","if (true) {","org/apache/commons/beanutils/expression/DefaultResolver.java"
"bean_1589",92,"final String value = expression.substring(i + 1, end);","final String value = expression.substring(i - 1, end);","org/apache/commons/beanutils/expression/DefaultResolver.java"
"bean_1590",93,"if (value.length() == 0) {","if (false) {","org/apache/commons/beanutils/expression/DefaultResolver.java"
"bean_1591",93,"if (value.length() == 0) {","if (true) {","org/apache/commons/beanutils/expression/DefaultResolver.java"
"bean_1592",103,"return index;","return 0;","org/apache/commons/beanutils/expression/DefaultResolver.java"
"bean_1593",106,"return -1;","return 0;","org/apache/commons/beanutils/expression/DefaultResolver.java"
"bean_1594",117,"if (expression == null || expression.length() == 0) {","if (false || expression.length() == 0) {","org/apache/commons/beanutils/expression/DefaultResolver.java"
"bean_1595",117,"if (expression == null || expression.length() == 0) {","if (true || expression.length() == 0) {","org/apache/commons/beanutils/expression/DefaultResolver.java"
"bean_1596",117,"if (expression == null || expression.length() == 0) {","if (expression == null || false) {","org/apache/commons/beanutils/expression/DefaultResolver.java"
"bean_1597",117,"if (expression == null || expression.length() == 0) {","if (expression == null || true) {","org/apache/commons/beanutils/expression/DefaultResolver.java"
"bean_1598",118,"return null;","return """";","org/apache/commons/beanutils/expression/DefaultResolver.java"
"bean_1599",120,"for (int i = 0; i < expression.length(); i++) {","for (int i = 0; i <= expression.length(); i++) {","org/apache/commons/beanutils/expression/DefaultResolver.java"
"bean_1600",120,"for (int i = 0; i < expression.length(); i++) {","for (int i = 0; false; i++) {","org/apache/commons/beanutils/expression/DefaultResolver.java"
"bean_1601",120,"for (int i = 0; i < expression.length(); i++) {","for (int i = 0; true; i++) {","org/apache/commons/beanutils/expression/DefaultResolver.java"
"bean_1602",122,"if (c == NESTED || c == INDEXED_START) {","if (false || c == INDEXED_START) {","org/apache/commons/beanutils/expression/DefaultResolver.java"
"bean_1603",122,"if (c == NESTED || c == INDEXED_START) {","if (true || c == INDEXED_START) {","org/apache/commons/beanutils/expression/DefaultResolver.java"
"bean_1604",122,"if (c == NESTED || c == INDEXED_START) {","if (c == NESTED || false) {","org/apache/commons/beanutils/expression/DefaultResolver.java"
"bean_1605",122,"if (c == NESTED || c == INDEXED_START) {","if (c == NESTED || true) {","org/apache/commons/beanutils/expression/DefaultResolver.java"
"bean_1606",123,"return null;","return """";","org/apache/commons/beanutils/expression/DefaultResolver.java"
"bean_1607",124,"} else if (c == MAPPED_START) {","} else if (false) {","org/apache/commons/beanutils/expression/DefaultResolver.java"
"bean_1608",124,"} else if (c == MAPPED_START) {","} else if (true) {","org/apache/commons/beanutils/expression/DefaultResolver.java"
"bean_1609",126,"if (end < 0) {","if (end <= 0) {","org/apache/commons/beanutils/expression/DefaultResolver.java"
"bean_1610",126,"if (end < 0) {","if (false) {","org/apache/commons/beanutils/expression/DefaultResolver.java"
"bean_1611",126,"if (end < 0) {","if (true) {","org/apache/commons/beanutils/expression/DefaultResolver.java"
"bean_1612",129,"return expression.substring(i + 1, end);","return expression.substring(i - 1, end);","org/apache/commons/beanutils/expression/DefaultResolver.java"
"bean_1613",129,"return expression.substring(i + 1, end);","return """";","org/apache/commons/beanutils/expression/DefaultResolver.java"
"bean_1614",132,"return null;","return """";","org/apache/commons/beanutils/expression/DefaultResolver.java"
"bean_1615",142,"if (expression == null || expression.length() == 0) {","if (false || expression.length() == 0) {","org/apache/commons/beanutils/expression/DefaultResolver.java"
"bean_1616",142,"if (expression == null || expression.length() == 0) {","if (true || expression.length() == 0) {","org/apache/commons/beanutils/expression/DefaultResolver.java"
"bean_1617",142,"if (expression == null || expression.length() == 0) {","if (expression == null || false) {","org/apache/commons/beanutils/expression/DefaultResolver.java"
"bean_1618",142,"if (expression == null || expression.length() == 0) {","if (expression == null || true) {","org/apache/commons/beanutils/expression/DefaultResolver.java"
"bean_1619",143,"return expression;","return """";","org/apache/commons/beanutils/expression/DefaultResolver.java"
"bean_1620",145,"for (int i = 0; i < expression.length(); i++) {","for (int i = 0; i <= expression.length(); i++) {","org/apache/commons/beanutils/expression/DefaultResolver.java"
"bean_1621",145,"for (int i = 0; i < expression.length(); i++) {","for (int i = 0; false; i++) {","org/apache/commons/beanutils/expression/DefaultResolver.java"
"bean_1622",145,"for (int i = 0; i < expression.length(); i++) {","for (int i = 0; true; i++) {","org/apache/commons/beanutils/expression/DefaultResolver.java"
"bean_1623",147,"if (c == NESTED) {","if (false) {","org/apache/commons/beanutils/expression/DefaultResolver.java"
"bean_1624",147,"if (c == NESTED) {","if (true) {","org/apache/commons/beanutils/expression/DefaultResolver.java"
"bean_1625",148,"return expression.substring(0, i);","return """";","org/apache/commons/beanutils/expression/DefaultResolver.java"
"bean_1626",149,"} else if (c == MAPPED_START || c == INDEXED_START) {","} else if (false || c == INDEXED_START) {","org/apache/commons/beanutils/expression/DefaultResolver.java"
"bean_1627",149,"} else if (c == MAPPED_START || c == INDEXED_START) {","} else if (true || c == INDEXED_START) {","org/apache/commons/beanutils/expression/DefaultResolver.java"
"bean_1628",149,"} else if (c == MAPPED_START || c == INDEXED_START) {","} else if (c == MAPPED_START || false) {","org/apache/commons/beanutils/expression/DefaultResolver.java"
"bean_1629",149,"} else if (c == MAPPED_START || c == INDEXED_START) {","} else if (c == MAPPED_START || true) {","org/apache/commons/beanutils/expression/DefaultResolver.java"
"bean_1630",150,"return expression.substring(0, i);","return """";","org/apache/commons/beanutils/expression/DefaultResolver.java"
"bean_1631",153,"return expression;","return """";","org/apache/commons/beanutils/expression/DefaultResolver.java"
"bean_1632",164,"if (expression == null || expression.length() == 0) {","if (false || expression.length() == 0) {","org/apache/commons/beanutils/expression/DefaultResolver.java"
"bean_1633",164,"if (expression == null || expression.length() == 0) {","if (true || expression.length() == 0) {","org/apache/commons/beanutils/expression/DefaultResolver.java"
"bean_1634",164,"if (expression == null || expression.length() == 0) {","if (expression == null || false) {","org/apache/commons/beanutils/expression/DefaultResolver.java"
"bean_1635",164,"if (expression == null || expression.length() == 0) {","if (expression == null || true) {","org/apache/commons/beanutils/expression/DefaultResolver.java"
"bean_1636",165,"return false;","return true;","org/apache/commons/beanutils/expression/DefaultResolver.java"
"bean_1637",167,"return (remove(expression) != null);","return (false);","org/apache/commons/beanutils/expression/DefaultResolver.java"
"bean_1638",167,"return (remove(expression) != null);","return (true);","org/apache/commons/beanutils/expression/DefaultResolver.java"
"bean_1639",167,"return (remove(expression) != null);","return true;","org/apache/commons/beanutils/expression/DefaultResolver.java"
"bean_1640",179,"if (expression == null || expression.length() == 0) {","if (false || expression.length() == 0) {","org/apache/commons/beanutils/expression/DefaultResolver.java"
"bean_1641",179,"if (expression == null || expression.length() == 0) {","if (true || expression.length() == 0) {","org/apache/commons/beanutils/expression/DefaultResolver.java"
"bean_1642",179,"if (expression == null || expression.length() == 0) {","if (expression == null || false) {","org/apache/commons/beanutils/expression/DefaultResolver.java"
"bean_1643",179,"if (expression == null || expression.length() == 0) {","if (expression == null || true) {","org/apache/commons/beanutils/expression/DefaultResolver.java"
"bean_1644",180,"return false;","return true;","org/apache/commons/beanutils/expression/DefaultResolver.java"
"bean_1645",182,"for (int i = 0; i < expression.length(); i++) {","for (int i = 0; i <= expression.length(); i++) {","org/apache/commons/beanutils/expression/DefaultResolver.java"
"bean_1646",182,"for (int i = 0; i < expression.length(); i++) {","for (int i = 0; false; i++) {","org/apache/commons/beanutils/expression/DefaultResolver.java"
"bean_1647",182,"for (int i = 0; i < expression.length(); i++) {","for (int i = 0; true; i++) {","org/apache/commons/beanutils/expression/DefaultResolver.java"
"bean_1648",184,"if (c == NESTED || c == MAPPED_START) {","if (false || c == MAPPED_START) {","org/apache/commons/beanutils/expression/DefaultResolver.java"
"bean_1649",184,"if (c == NESTED || c == MAPPED_START) {","if (true || c == MAPPED_START) {","org/apache/commons/beanutils/expression/DefaultResolver.java"
"bean_1650",184,"if (c == NESTED || c == MAPPED_START) {","if (c == NESTED || false) {","org/apache/commons/beanutils/expression/DefaultResolver.java"
"bean_1651",184,"if (c == NESTED || c == MAPPED_START) {","if (c == NESTED || true) {","org/apache/commons/beanutils/expression/DefaultResolver.java"
"bean_1652",185,"return false;","return true;","org/apache/commons/beanutils/expression/DefaultResolver.java"
"bean_1653",186,"} else if (c == INDEXED_START) {","} else if (false) {","org/apache/commons/beanutils/expression/DefaultResolver.java"
"bean_1654",186,"} else if (c == INDEXED_START) {","} else if (true) {","org/apache/commons/beanutils/expression/DefaultResolver.java"
"bean_1655",187,"return true;","return false;","org/apache/commons/beanutils/expression/DefaultResolver.java"
"bean_1656",190,"return false;","return true;","org/apache/commons/beanutils/expression/DefaultResolver.java"
"bean_1657",201,"if (expression == null || expression.length() == 0) {","if (false || expression.length() == 0) {","org/apache/commons/beanutils/expression/DefaultResolver.java"
"bean_1658",201,"if (expression == null || expression.length() == 0) {","if (true || expression.length() == 0) {","org/apache/commons/beanutils/expression/DefaultResolver.java"
"bean_1659",201,"if (expression == null || expression.length() == 0) {","if (expression == null || false) {","org/apache/commons/beanutils/expression/DefaultResolver.java"
"bean_1660",201,"if (expression == null || expression.length() == 0) {","if (expression == null || true) {","org/apache/commons/beanutils/expression/DefaultResolver.java"
"bean_1661",202,"return false;","return true;","org/apache/commons/beanutils/expression/DefaultResolver.java"
"bean_1662",204,"for (int i = 0; i < expression.length(); i++) {","for (int i = 0; i <= expression.length(); i++) {","org/apache/commons/beanutils/expression/DefaultResolver.java"
"bean_1663",204,"for (int i = 0; i < expression.length(); i++) {","for (int i = 0; false; i++) {","org/apache/commons/beanutils/expression/DefaultResolver.java"
"bean_1664",204,"for (int i = 0; i < expression.length(); i++) {","for (int i = 0; true; i++) {","org/apache/commons/beanutils/expression/DefaultResolver.java"
"bean_1665",206,"if (c == NESTED || c == INDEXED_START) {","if (false || c == INDEXED_START) {","org/apache/commons/beanutils/expression/DefaultResolver.java"
"bean_1666",206,"if (c == NESTED || c == INDEXED_START) {","if (true || c == INDEXED_START) {","org/apache/commons/beanutils/expression/DefaultResolver.java"
"bean_1667",206,"if (c == NESTED || c == INDEXED_START) {","if (c == NESTED || false) {","org/apache/commons/beanutils/expression/DefaultResolver.java"
"bean_1668",206,"if (c == NESTED || c == INDEXED_START) {","if (c == NESTED || true) {","org/apache/commons/beanutils/expression/DefaultResolver.java"
"bean_1669",207,"return false;","return true;","org/apache/commons/beanutils/expression/DefaultResolver.java"
"bean_1670",208,"} else if (c == MAPPED_START) {","} else if (false) {","org/apache/commons/beanutils/expression/DefaultResolver.java"
"bean_1671",208,"} else if (c == MAPPED_START) {","} else if (true) {","org/apache/commons/beanutils/expression/DefaultResolver.java"
"bean_1672",209,"return true;","return false;","org/apache/commons/beanutils/expression/DefaultResolver.java"
"bean_1673",212,"return false;","return true;","org/apache/commons/beanutils/expression/DefaultResolver.java"
"bean_1674",223,"if (expression == null || expression.length() == 0) {","if (false || expression.length() == 0) {","org/apache/commons/beanutils/expression/DefaultResolver.java"
"bean_1675",223,"if (expression == null || expression.length() == 0) {","if (true || expression.length() == 0) {","org/apache/commons/beanutils/expression/DefaultResolver.java"
"bean_1676",223,"if (expression == null || expression.length() == 0) {","if (expression == null || false) {","org/apache/commons/beanutils/expression/DefaultResolver.java"
"bean_1677",223,"if (expression == null || expression.length() == 0) {","if (expression == null || true) {","org/apache/commons/beanutils/expression/DefaultResolver.java"
"bean_1678",224,"return null;","return """";","org/apache/commons/beanutils/expression/DefaultResolver.java"
"bean_1679",228,"for (int i = 0; i < expression.length(); i++) {","for (int i = 0; i <= expression.length(); i++) {","org/apache/commons/beanutils/expression/DefaultResolver.java"
"bean_1680",228,"for (int i = 0; i < expression.length(); i++) {","for (int i = 0; false; i++) {","org/apache/commons/beanutils/expression/DefaultResolver.java"
"bean_1681",228,"for (int i = 0; i < expression.length(); i++) {","for (int i = 0; true; i++) {","org/apache/commons/beanutils/expression/DefaultResolver.java"
"bean_1682",230,"if (indexed) {","if (false) {","org/apache/commons/beanutils/expression/DefaultResolver.java"
"bean_1683",230,"if (indexed) {","if (true) {","org/apache/commons/beanutils/expression/DefaultResolver.java"
"bean_1684",231,"if (c == INDEXED_END) {","if (false) {","org/apache/commons/beanutils/expression/DefaultResolver.java"
"bean_1685",231,"if (c == INDEXED_END) {","if (true) {","org/apache/commons/beanutils/expression/DefaultResolver.java"
"bean_1686",232,"return expression.substring(0, i + 1);","return expression.substring(0, i - 1);","org/apache/commons/beanutils/expression/DefaultResolver.java"
"bean_1687",232,"return expression.substring(0, i + 1);","return """";","org/apache/commons/beanutils/expression/DefaultResolver.java"
"bean_1688",234,"} else if (mapped) {","} else if (false) {","org/apache/commons/beanutils/expression/DefaultResolver.java"
"bean_1689",234,"} else if (mapped) {","} else if (true) {","org/apache/commons/beanutils/expression/DefaultResolver.java"
"bean_1690",235,"if (c == MAPPED_END) {","if (false) {","org/apache/commons/beanutils/expression/DefaultResolver.java"
"bean_1691",235,"if (c == MAPPED_END) {","if (true) {","org/apache/commons/beanutils/expression/DefaultResolver.java"
"bean_1692",236,"return expression.substring(0, i + 1);","return expression.substring(0, i - 1);","org/apache/commons/beanutils/expression/DefaultResolver.java"
"bean_1693",236,"return expression.substring(0, i + 1);","return """";","org/apache/commons/beanutils/expression/DefaultResolver.java"
"bean_1694",239,"if (c == NESTED) {","if (false) {","org/apache/commons/beanutils/expression/DefaultResolver.java"
"bean_1695",239,"if (c == NESTED) {","if (true) {","org/apache/commons/beanutils/expression/DefaultResolver.java"
"bean_1696",240,"return expression.substring(0, i);","return """";","org/apache/commons/beanutils/expression/DefaultResolver.java"
"bean_1697",241,"} else if (c == MAPPED_START) {","} else if (false) {","org/apache/commons/beanutils/expression/DefaultResolver.java"
"bean_1698",241,"} else if (c == MAPPED_START) {","} else if (true) {","org/apache/commons/beanutils/expression/DefaultResolver.java"
"bean_1699",243,"} else if (c == INDEXED_START) {","} else if (false) {","org/apache/commons/beanutils/expression/DefaultResolver.java"
"bean_1700",243,"} else if (c == INDEXED_START) {","} else if (true) {","org/apache/commons/beanutils/expression/DefaultResolver.java"
"bean_1701",248,"return expression;","return """";","org/apache/commons/beanutils/expression/DefaultResolver.java"
"bean_1702",260,"if (expression == null || expression.length() == 0) {","if (false || expression.length() == 0) {","org/apache/commons/beanutils/expression/DefaultResolver.java"
"bean_1703",260,"if (expression == null || expression.length() == 0) {","if (true || expression.length() == 0) {","org/apache/commons/beanutils/expression/DefaultResolver.java"
"bean_1704",260,"if (expression == null || expression.length() == 0) {","if (expression == null || false) {","org/apache/commons/beanutils/expression/DefaultResolver.java"
"bean_1705",260,"if (expression == null || expression.length() == 0) {","if (expression == null || true) {","org/apache/commons/beanutils/expression/DefaultResolver.java"
"bean_1706",261,"return null;","return """";","org/apache/commons/beanutils/expression/DefaultResolver.java"
"bean_1707",264,"if (expression.length() == property.length()) {","if (false) {","org/apache/commons/beanutils/expression/DefaultResolver.java"
"bean_1708",264,"if (expression.length() == property.length()) {","if (true) {","org/apache/commons/beanutils/expression/DefaultResolver.java"
"bean_1709",265,"return null;","return """";","org/apache/commons/beanutils/expression/DefaultResolver.java"
"bean_1710",268,"if (expression.charAt(start) == NESTED) {","if (false) {","org/apache/commons/beanutils/expression/DefaultResolver.java"
"bean_1711",268,"if (expression.charAt(start) == NESTED) {","if (true) {","org/apache/commons/beanutils/expression/DefaultResolver.java"
"bean_1712",269,"start++;","start--;","org/apache/commons/beanutils/expression/DefaultResolver.java"
"bean_1713",271,"return expression.substring(start);","return """";","org/apache/commons/beanutils/expression/DefaultResolver.java"
"bean_1714",228,"setElementType(elementType);","// removed call to setElementType()","org/apache/commons/beanutils/LazyDynaList.java"
"bean_1715",217,"setElementDynaClass(elementDynaClass);","// removed call to setElementDynaClass()","org/apache/commons/beanutils/LazyDynaList.java"
"bean_1716",273,"growList(index);","// removed call to growList()","org/apache/commons/beanutils/LazyDynaList.java"
"bean_1717",275,"super.add(index, dynaBean);","// removed call to add()","org/apache/commons/beanutils/LazyDynaList.java"
"bean_1718",290,"return super.add(dynaBean);","return false;","org/apache/commons/beanutils/LazyDynaList.java"
"bean_1719",290,"return super.add(dynaBean);","return true;","org/apache/commons/beanutils/LazyDynaList.java"
"bean_1720",332,"if (collection == null || collection.size() == 0) {","if (false || collection.size() == 0) {","org/apache/commons/beanutils/LazyDynaList.java"
"bean_1721",332,"if (collection == null || collection.size() == 0) {","if (true || collection.size() == 0) {","org/apache/commons/beanutils/LazyDynaList.java"
"bean_1722",332,"if (collection == null || collection.size() == 0) {","if (collection == null || false) {","org/apache/commons/beanutils/LazyDynaList.java"
"bean_1723",332,"if (collection == null || collection.size() == 0) {","if (collection == null || true) {","org/apache/commons/beanutils/LazyDynaList.java"
"bean_1724",333,"return false;","return true;","org/apache/commons/beanutils/LazyDynaList.java"
"bean_1725",336,"ensureCapacity((index > size() ? index : size()) + collection.size());","ensureCapacity((index >= size() ? index : size()) + collection.size());","org/apache/commons/beanutils/LazyDynaList.java"
"bean_1726",336,"ensureCapacity((index > size() ? index : size()) + collection.size());","ensureCapacity((false ? index : size()) + collection.size());","org/apache/commons/beanutils/LazyDynaList.java"
"bean_1727",336,"ensureCapacity((index > size() ? index : size()) + collection.size());","ensureCapacity((true ? index : size()) + collection.size());","org/apache/commons/beanutils/LazyDynaList.java"
"bean_1728",336,"ensureCapacity((index > size() ? index : size()) + collection.size());","ensureCapacity((index > size() ? index : size()) - collection.size());","org/apache/commons/beanutils/LazyDynaList.java"
"bean_1729",336,"ensureCapacity((index > size() ? index : size()) + collection.size());","ensureCapacity((index > size() ? index : size()) + collection.size());  // removed call to ensureCapacity()","org/apache/commons/beanutils/LazyDynaList.java"
"bean_1730",341,"if (size() == 0) {","if (false) {","org/apache/commons/beanutils/LazyDynaList.java"
"bean_1731",341,"if (size() == 0) {","if (true) {","org/apache/commons/beanutils/LazyDynaList.java"
"bean_1732",345,"growList(index);","// removed call to growList()","org/apache/commons/beanutils/LazyDynaList.java"
"bean_1733",349,"add(currentIndex++, e);","add(currentIndex--, e);","org/apache/commons/beanutils/LazyDynaList.java"
"bean_1734",349,"add(currentIndex++, e);","// removed call to add()","org/apache/commons/beanutils/LazyDynaList.java"
"bean_1735",352,"return true;","return false;","org/apache/commons/beanutils/LazyDynaList.java"
"bean_1736",303,"if (collection == null || collection.size() == 0) {","if (false || collection.size() == 0) {","org/apache/commons/beanutils/LazyDynaList.java"
"bean_1737",303,"if (collection == null || collection.size() == 0) {","if (true || collection.size() == 0) {","org/apache/commons/beanutils/LazyDynaList.java"
"bean_1738",303,"if (collection == null || collection.size() == 0) {","if (collection == null || false) {","org/apache/commons/beanutils/LazyDynaList.java"
"bean_1739",303,"if (collection == null || collection.size() == 0) {","if (collection == null || true) {","org/apache/commons/beanutils/LazyDynaList.java"
"bean_1740",304,"return false;","return true;","org/apache/commons/beanutils/LazyDynaList.java"
"bean_1741",307,"ensureCapacity(size() + collection.size());","ensureCapacity(size() - collection.size());","org/apache/commons/beanutils/LazyDynaList.java"
"bean_1742",307,"ensureCapacity(size() + collection.size());","ensureCapacity(size() + collection.size());  // removed call to ensureCapacity()","org/apache/commons/beanutils/LazyDynaList.java"
"bean_1743",313,"return true;","return false;","org/apache/commons/beanutils/LazyDynaList.java"
"bean_1744",708,"return new LazyDynaMap(valueMap);","return null;","org/apache/commons/beanutils/LazyDynaList.java"
"bean_1745",369,"growList(index + 1);","growList(index - 1);","org/apache/commons/beanutils/LazyDynaList.java"
"bean_1746",369,"growList(index + 1);","// removed call to growList()","org/apache/commons/beanutils/LazyDynaList.java"
"bean_1747",371,"return super.get(index);","return null;","org/apache/commons/beanutils/LazyDynaList.java"
"bean_1748",715,"return (elementDynaClass == null ? wrapDynaClass : elementDynaClass);","return (false ? wrapDynaClass : elementDynaClass);","org/apache/commons/beanutils/LazyDynaList.java"
"bean_1749",715,"return (elementDynaClass == null ? wrapDynaClass : elementDynaClass);","return (true ? wrapDynaClass : elementDynaClass);","org/apache/commons/beanutils/LazyDynaList.java"
"bean_1750",715,"return (elementDynaClass == null ? wrapDynaClass : elementDynaClass);","return null;","org/apache/commons/beanutils/LazyDynaList.java"
"bean_1751",607,"if (requiredSize < size()) {","if (requiredSize <= size()) {","org/apache/commons/beanutils/LazyDynaList.java"
"bean_1752",607,"if (requiredSize < size()) {","if (false) {","org/apache/commons/beanutils/LazyDynaList.java"
"bean_1753",607,"if (requiredSize < size()) {","if (true) {","org/apache/commons/beanutils/LazyDynaList.java"
"bean_1754",611,"ensureCapacity(requiredSize + 1);","ensureCapacity(requiredSize - 1);","org/apache/commons/beanutils/LazyDynaList.java"
"bean_1755",611,"ensureCapacity(requiredSize + 1);","// removed call to ensureCapacity()","org/apache/commons/beanutils/LazyDynaList.java"
"bean_1756",613,"for (int i = size(); i < requiredSize; i++) {","for (int i = size(); i <= requiredSize; i++) {","org/apache/commons/beanutils/LazyDynaList.java"
"bean_1757",613,"for (int i = size(); i < requiredSize; i++) {","for (int i = size(); false; i++) {","org/apache/commons/beanutils/LazyDynaList.java"
"bean_1758",613,"for (int i = size(); i < requiredSize; i++) {","for (int i = size(); true; i++) {","org/apache/commons/beanutils/LazyDynaList.java"
"bean_1759",391,"growList(index + 1);","growList(index - 1);","org/apache/commons/beanutils/LazyDynaList.java"
"bean_1760",391,"growList(index + 1);","// removed call to growList()","org/apache/commons/beanutils/LazyDynaList.java"
"bean_1761",393,"return super.set(index, dynaBean);","return null;","org/apache/commons/beanutils/LazyDynaList.java"
"bean_1762",565,"if (elementDynaClass == null) {","if (false) {","org/apache/commons/beanutils/LazyDynaList.java"
"bean_1763",565,"if (elementDynaClass == null) {","if (true) {","org/apache/commons/beanutils/LazyDynaList.java"
"bean_1764",569,"if (size() > 0) {","if (size() >= 0) {","org/apache/commons/beanutils/LazyDynaList.java"
"bean_1765",569,"if (size() > 0) {","if (false) {","org/apache/commons/beanutils/LazyDynaList.java"
"bean_1766",569,"if (size() > 0) {","if (true) {","org/apache/commons/beanutils/LazyDynaList.java"
"bean_1767",577,"if (WrapDynaBean.class.isAssignableFrom(elementDynaBeanType)) {","if (false) {","org/apache/commons/beanutils/LazyDynaList.java"
"bean_1768",577,"if (WrapDynaBean.class.isAssignableFrom(elementDynaBeanType)) {","if (true) {","org/apache/commons/beanutils/LazyDynaList.java"
"bean_1769",580,"} else if (LazyDynaMap.class.isAssignableFrom(elementDynaBeanType)) {","} else if (false) {","org/apache/commons/beanutils/LazyDynaList.java"
"bean_1770",580,"} else if (LazyDynaMap.class.isAssignableFrom(elementDynaBeanType)) {","} else if (true) {","org/apache/commons/beanutils/LazyDynaList.java"
"bean_1771",512,"if (elementType == null) {","if (false) {","org/apache/commons/beanutils/LazyDynaList.java"
"bean_1772",512,"if (elementType == null) {","if (true) {","org/apache/commons/beanutils/LazyDynaList.java"
"bean_1773",516,"final boolean changeType = (this.elementType != null && !this.elementType.equals(elementType));","final boolean changeType = (false && !this.elementType.equals(elementType));","org/apache/commons/beanutils/LazyDynaList.java"
"bean_1774",516,"final boolean changeType = (this.elementType != null && !this.elementType.equals(elementType));","final boolean changeType = (true && !this.elementType.equals(elementType));","org/apache/commons/beanutils/LazyDynaList.java"
"bean_1775",516,"final boolean changeType = (this.elementType != null && !this.elementType.equals(elementType));","final boolean changeType = (this.elementType != null && false);","org/apache/commons/beanutils/LazyDynaList.java"
"bean_1776",516,"final boolean changeType = (this.elementType != null && !this.elementType.equals(elementType));","final boolean changeType = (this.elementType != null && true);","org/apache/commons/beanutils/LazyDynaList.java"
"bean_1777",517,"if (changeType && size() > 0) {","if (changeType && false) {","org/apache/commons/beanutils/LazyDynaList.java"
"bean_1778",517,"if (changeType && size() > 0) {","if (changeType && true) {","org/apache/commons/beanutils/LazyDynaList.java"
"bean_1779",517,"if (changeType && size() > 0) {","if (changeType && size() >= 0) {","org/apache/commons/beanutils/LazyDynaList.java"
"bean_1780",517,"if (changeType && size() > 0) {","if (changeType && false) {","org/apache/commons/beanutils/LazyDynaList.java"
"bean_1781",517,"if (changeType && size() > 0) {","if (changeType && true) {","org/apache/commons/beanutils/LazyDynaList.java"
"bean_1782",534,"if (Map.class.isAssignableFrom(elementType)) {","if (false) {","org/apache/commons/beanutils/LazyDynaList.java"
"bean_1783",534,"if (Map.class.isAssignableFrom(elementType)) {","if (true) {","org/apache/commons/beanutils/LazyDynaList.java"
"bean_1784",537,"} else if (DynaBean.class.isAssignableFrom(elementType)) {","} else if (false) {","org/apache/commons/beanutils/LazyDynaList.java"
"bean_1785",537,"} else if (DynaBean.class.isAssignableFrom(elementType)) {","} else if (true) {","org/apache/commons/beanutils/LazyDynaList.java"
"bean_1786",548,"if (WrapDynaBean.class.isAssignableFrom(elementDynaBeanType )) {","if (false) {","org/apache/commons/beanutils/LazyDynaList.java"
"bean_1787",548,"if (WrapDynaBean.class.isAssignableFrom(elementDynaBeanType )) {","if (true) {","org/apache/commons/beanutils/LazyDynaList.java"
"bean_1788",550,"} else if (LazyDynaMap.class.isAssignableFrom(elementDynaBeanType )) {","} else if (false) {","org/apache/commons/beanutils/LazyDynaList.java"
"bean_1789",550,"} else if (LazyDynaMap.class.isAssignableFrom(elementDynaBeanType )) {","} else if (true) {","org/apache/commons/beanutils/LazyDynaList.java"
"bean_1790",415,"if (size() == 0 && elementType == null) {","if (false && elementType == null) {","org/apache/commons/beanutils/LazyDynaList.java"
"bean_1791",415,"if (size() == 0 && elementType == null) {","if (true && elementType == null) {","org/apache/commons/beanutils/LazyDynaList.java"
"bean_1792",415,"if (size() == 0 && elementType == null) {","if (size() == 0 && false) {","org/apache/commons/beanutils/LazyDynaList.java"
"bean_1793",415,"if (size() == 0 && elementType == null) {","if (size() == 0 && true) {","org/apache/commons/beanutils/LazyDynaList.java"
"bean_1794",416,"return new LazyDynaBean[0];","return null;","org/apache/commons/beanutils/LazyDynaList.java"
"bean_1795",420,"for (int i = 0; i < size(); i++) {","for (int i = 0; i <= size(); i++) {","org/apache/commons/beanutils/LazyDynaList.java"
"bean_1796",420,"for (int i = 0; i < size(); i++) {","for (int i = 0; false; i++) {","org/apache/commons/beanutils/LazyDynaList.java"
"bean_1797",420,"for (int i = 0; i < size(); i++) {","for (int i = 0; true; i++) {","org/apache/commons/beanutils/LazyDynaList.java"
"bean_1798",421,"if (Map.class.isAssignableFrom(elementType)) {","if (false) {","org/apache/commons/beanutils/LazyDynaList.java"
"bean_1799",421,"if (Map.class.isAssignableFrom(elementType)) {","if (true) {","org/apache/commons/beanutils/LazyDynaList.java"
"bean_1800",423,"} else if (DynaBean.class.isAssignableFrom(elementType)) {","} else if (false) {","org/apache/commons/beanutils/LazyDynaList.java"
"bean_1801",423,"} else if (DynaBean.class.isAssignableFrom(elementType)) {","} else if (true) {","org/apache/commons/beanutils/LazyDynaList.java"
"bean_1802",429,"return array;","return null;","org/apache/commons/beanutils/LazyDynaList.java"
"bean_1803",444,"if ((DynaBean.class.isAssignableFrom(arrayType))","if (false)","org/apache/commons/beanutils/LazyDynaList.java"
"bean_1804",444,"if ((DynaBean.class.isAssignableFrom(arrayType))","if (true)","org/apache/commons/beanutils/LazyDynaList.java"
"bean_1805",445,"|| (size() == 0 && elementType == null)) {","|| (false && elementType == null)) {","org/apache/commons/beanutils/LazyDynaList.java"
"bean_1806",445,"|| (size() == 0 && elementType == null)) {","|| (true && elementType == null)) {","org/apache/commons/beanutils/LazyDynaList.java"
"bean_1807",445,"|| (size() == 0 && elementType == null)) {","|| (size() == 0 && false)) {","org/apache/commons/beanutils/LazyDynaList.java"
"bean_1808",445,"|| (size() == 0 && elementType == null)) {","|| (size() == 0 && true)) {","org/apache/commons/beanutils/LazyDynaList.java"
"bean_1809",446,"return super.toArray(model);","return null;","org/apache/commons/beanutils/LazyDynaList.java"
"bean_1810",449,"if ((arrayType.isAssignableFrom(elementType))) {","if (false) {","org/apache/commons/beanutils/LazyDynaList.java"
"bean_1811",449,"if ((arrayType.isAssignableFrom(elementType))) {","if (true) {","org/apache/commons/beanutils/LazyDynaList.java"
"bean_1812",451,"if (model.length >= size()) {","if (model.length > size()) {","org/apache/commons/beanutils/LazyDynaList.java"
"bean_1813",451,"if (model.length >= size()) {","if (false) {","org/apache/commons/beanutils/LazyDynaList.java"
"bean_1814",451,"if (model.length >= size()) {","if (true) {","org/apache/commons/beanutils/LazyDynaList.java"
"bean_1815",461,"for (int i = 0; i < size(); i++) {","for (int i = 0; i <= size(); i++) {","org/apache/commons/beanutils/LazyDynaList.java"
"bean_1816",461,"for (int i = 0; i < size(); i++) {","for (int i = 0; false; i++) {","org/apache/commons/beanutils/LazyDynaList.java"
"bean_1817",461,"for (int i = 0; i < size(); i++) {","for (int i = 0; true; i++) {","org/apache/commons/beanutils/LazyDynaList.java"
"bean_1818",463,"if (Map.class.isAssignableFrom(elementType)) {","if (false) {","org/apache/commons/beanutils/LazyDynaList.java"
"bean_1819",463,"if (Map.class.isAssignableFrom(elementType)) {","if (true) {","org/apache/commons/beanutils/LazyDynaList.java"
"bean_1820",465,"} else if (DynaBean.class.isAssignableFrom(elementType)) {","} else if (false) {","org/apache/commons/beanutils/LazyDynaList.java"
"bean_1821",465,"} else if (DynaBean.class.isAssignableFrom(elementType)) {","} else if (true) {","org/apache/commons/beanutils/LazyDynaList.java"
"bean_1822",470,"Array.set(array, i, elem);","// removed call to set()","org/apache/commons/beanutils/LazyDynaList.java"
"bean_1823",472,"return array;","return null;","org/apache/commons/beanutils/LazyDynaList.java"
"bean_1824",491,"if (size() == 0 && elementDynaBeanType == null) {","if (false && elementDynaBeanType == null) {","org/apache/commons/beanutils/LazyDynaList.java"
"bean_1825",491,"if (size() == 0 && elementDynaBeanType == null) {","if (true && elementDynaBeanType == null) {","org/apache/commons/beanutils/LazyDynaList.java"
"bean_1826",491,"if (size() == 0 && elementDynaBeanType == null) {","if (size() == 0 && false) {","org/apache/commons/beanutils/LazyDynaList.java"
"bean_1827",491,"if (size() == 0 && elementDynaBeanType == null) {","if (size() == 0 && true) {","org/apache/commons/beanutils/LazyDynaList.java"
"bean_1828",492,"return new LazyDynaBean[0];","return null;","org/apache/commons/beanutils/LazyDynaList.java"
"bean_1829",496,"for (int i = 0; i < size(); i++) {","for (int i = 0; i <= size(); i++) {","org/apache/commons/beanutils/LazyDynaList.java"
"bean_1830",496,"for (int i = 0; i < size(); i++) {","for (int i = 0; false; i++) {","org/apache/commons/beanutils/LazyDynaList.java"
"bean_1831",496,"for (int i = 0; i < size(); i++) {","for (int i = 0; true; i++) {","org/apache/commons/beanutils/LazyDynaList.java"
"bean_1832",499,"return array;","return null;","org/apache/commons/beanutils/LazyDynaList.java"
"bean_1833",639,"if (element == null) {","if (false) {","org/apache/commons/beanutils/LazyDynaList.java"
"bean_1834",639,"if (element == null) {","if (true) {","org/apache/commons/beanutils/LazyDynaList.java"
"bean_1835",643,"if (elementType == null) {","if (false) {","org/apache/commons/beanutils/LazyDynaList.java"
"bean_1836",643,"if (elementType == null) {","if (true) {","org/apache/commons/beanutils/LazyDynaList.java"
"bean_1837",644,"setElementDynaClass(new LazyDynaClass());","setElementDynaClass(new LazyDynaClass());  // removed call to setElementDynaClass()","org/apache/commons/beanutils/LazyDynaList.java"
"bean_1838",648,"if (getDynaClass() == null) {","if (false) {","org/apache/commons/beanutils/LazyDynaList.java"
"bean_1839",648,"if (getDynaClass() == null) {","if (true) {","org/apache/commons/beanutils/LazyDynaList.java"
"bean_1840",649,"setElementType(elementType);","// removed call to setElementType()","org/apache/commons/beanutils/LazyDynaList.java"
"bean_1841",666,"if (Map.class.isAssignableFrom(element.getClass())) {","if (false) {","org/apache/commons/beanutils/LazyDynaList.java"
"bean_1842",666,"if (Map.class.isAssignableFrom(element.getClass())) {","if (true) {","org/apache/commons/beanutils/LazyDynaList.java"
"bean_1843",668,"} else if (DynaBean.class.isAssignableFrom(element.getClass())) {","} else if (false) {","org/apache/commons/beanutils/LazyDynaList.java"
"bean_1844",668,"} else if (DynaBean.class.isAssignableFrom(element.getClass())) {","} else if (true) {","org/apache/commons/beanutils/LazyDynaList.java"
"bean_1845",680,"if (WrapDynaBean.class.isAssignableFrom(newDynaBeanType)) {","if (false) {","org/apache/commons/beanutils/LazyDynaList.java"
"bean_1846",680,"if (WrapDynaBean.class.isAssignableFrom(newDynaBeanType)) {","if (true) {","org/apache/commons/beanutils/LazyDynaList.java"
"bean_1847",682,"} else if (LazyDynaMap.class.isAssignableFrom(newDynaBeanType)) {","} else if (false) {","org/apache/commons/beanutils/LazyDynaList.java"
"bean_1848",682,"} else if (LazyDynaMap.class.isAssignableFrom(newDynaBeanType)) {","} else if (true) {","org/apache/commons/beanutils/LazyDynaList.java"
"bean_1849",688,"if (elementType != null && !newElementType.equals(elementType)) {","if (false && !newElementType.equals(elementType)) {","org/apache/commons/beanutils/LazyDynaList.java"
"bean_1850",688,"if (elementType != null && !newElementType.equals(elementType)) {","if (true && !newElementType.equals(elementType)) {","org/apache/commons/beanutils/LazyDynaList.java"
"bean_1851",688,"if (elementType != null && !newElementType.equals(elementType)) {","if (elementType != null && false) {","org/apache/commons/beanutils/LazyDynaList.java"
"bean_1852",688,"if (elementType != null && !newElementType.equals(elementType)) {","if (elementType != null && true) {","org/apache/commons/beanutils/LazyDynaList.java"
"bean_1853",693,"return dynaBean;","return null;","org/apache/commons/beanutils/LazyDynaList.java"
"bean_1854",227,"if (value instanceof Date) {","if (false) {","org/apache/commons/beanutils/converters/DateTimeConverter.java"
"bean_1855",227,"if (value instanceof Date) {","if (true) {","org/apache/commons/beanutils/converters/DateTimeConverter.java"
"bean_1856",229,"} else if (value instanceof Calendar) {","} else if (false) {","org/apache/commons/beanutils/converters/DateTimeConverter.java"
"bean_1857",229,"} else if (value instanceof Calendar) {","} else if (true) {","org/apache/commons/beanutils/converters/DateTimeConverter.java"
"bean_1858",231,"} else if (value instanceof Long) {","} else if (false) {","org/apache/commons/beanutils/converters/DateTimeConverter.java"
"bean_1859",231,"} else if (value instanceof Long) {","} else if (true) {","org/apache/commons/beanutils/converters/DateTimeConverter.java"
"bean_1860",236,"if (useLocaleFormat && date != null) {","if (useLocaleFormat && false) {","org/apache/commons/beanutils/converters/DateTimeConverter.java"
"bean_1861",236,"if (useLocaleFormat && date != null) {","if (useLocaleFormat && true) {","org/apache/commons/beanutils/converters/DateTimeConverter.java"
"bean_1862",236,"if (useLocaleFormat && date != null) {","if (false) {","org/apache/commons/beanutils/converters/DateTimeConverter.java"
"bean_1863",236,"if (useLocaleFormat && date != null) {","if (true) {","org/apache/commons/beanutils/converters/DateTimeConverter.java"
"bean_1864",238,"if (patterns != null && patterns.length > 0) {","if (false && patterns.length > 0) {","org/apache/commons/beanutils/converters/DateTimeConverter.java"
"bean_1865",238,"if (patterns != null && patterns.length > 0) {","if (true && patterns.length > 0) {","org/apache/commons/beanutils/converters/DateTimeConverter.java"
"bean_1866",238,"if (patterns != null && patterns.length > 0) {","if (patterns != null && patterns.length >= 0) {","org/apache/commons/beanutils/converters/DateTimeConverter.java"
"bean_1867",238,"if (patterns != null && patterns.length > 0) {","if (patterns != null && false) {","org/apache/commons/beanutils/converters/DateTimeConverter.java"
"bean_1868",238,"if (patterns != null && patterns.length > 0) {","if (patterns != null && true) {","org/apache/commons/beanutils/converters/DateTimeConverter.java"
"bean_1869",243,"logFormat(""Formatting"", format);","// removed call to logFormat()","org/apache/commons/beanutils/converters/DateTimeConverter.java"
"bean_1870",254,"return result;","return """";","org/apache/commons/beanutils/converters/DateTimeConverter.java"
"bean_1871",293,"if (value instanceof java.sql.Timestamp) {","if (false) {","org/apache/commons/beanutils/converters/DateTimeConverter.java"
"bean_1872",293,"if (value instanceof java.sql.Timestamp) {","if (true) {","org/apache/commons/beanutils/converters/DateTimeConverter.java"
"bean_1873",300,"long timeInMillis = ((timestamp.getTime() / 1000) * 1000);","long timeInMillis = ((timestamp.getTime() * 1000) * 1000);","org/apache/commons/beanutils/converters/DateTimeConverter.java"
"bean_1874",300,"long timeInMillis = ((timestamp.getTime() / 1000) * 1000);","long timeInMillis = ((timestamp.getTime() / 1000) / 1000);","org/apache/commons/beanutils/converters/DateTimeConverter.java"
"bean_1875",301,"timeInMillis += timestamp.getNanos() / 1000000;","timeInMillis += timestamp.getNanos() * 1000000;","org/apache/commons/beanutils/converters/DateTimeConverter.java"
"bean_1876",303,"return toDate(targetType, timeInMillis);","return null;","org/apache/commons/beanutils/converters/DateTimeConverter.java"
"bean_1877",307,"if (value instanceof Date) {","if (false) {","org/apache/commons/beanutils/converters/DateTimeConverter.java"
"bean_1878",307,"if (value instanceof Date) {","if (true) {","org/apache/commons/beanutils/converters/DateTimeConverter.java"
"bean_1879",309,"return toDate(targetType, date.getTime());","return null;","org/apache/commons/beanutils/converters/DateTimeConverter.java"
"bean_1880",313,"if (value instanceof Calendar) {","if (false) {","org/apache/commons/beanutils/converters/DateTimeConverter.java"
"bean_1881",313,"if (value instanceof Calendar) {","if (true) {","org/apache/commons/beanutils/converters/DateTimeConverter.java"
"bean_1882",315,"return toDate(targetType, calendar.getTime().getTime());","return null;","org/apache/commons/beanutils/converters/DateTimeConverter.java"
"bean_1883",319,"if (value instanceof Long) {","if (false) {","org/apache/commons/beanutils/converters/DateTimeConverter.java"
"bean_1884",319,"if (value instanceof Long) {","if (true) {","org/apache/commons/beanutils/converters/DateTimeConverter.java"
"bean_1885",321,"return toDate(targetType, longObj.longValue());","return null;","org/apache/commons/beanutils/converters/DateTimeConverter.java"
"bean_1886",326,"if (stringValue.length() == 0) {","if (false) {","org/apache/commons/beanutils/converters/DateTimeConverter.java"
"bean_1887",326,"if (stringValue.length() == 0) {","if (true) {","org/apache/commons/beanutils/converters/DateTimeConverter.java"
"bean_1888",327,"return handleMissing(targetType);","return null;","org/apache/commons/beanutils/converters/DateTimeConverter.java"
"bean_1889",331,"if (useLocaleFormat) {","if (false) {","org/apache/commons/beanutils/converters/DateTimeConverter.java"
"bean_1890",331,"if (useLocaleFormat) {","if (true) {","org/apache/commons/beanutils/converters/DateTimeConverter.java"
"bean_1891",333,"if (patterns != null && patterns.length > 0) {","if (false && patterns.length > 0) {","org/apache/commons/beanutils/converters/DateTimeConverter.java"
"bean_1892",333,"if (patterns != null && patterns.length > 0) {","if (true && patterns.length > 0) {","org/apache/commons/beanutils/converters/DateTimeConverter.java"
"bean_1893",333,"if (patterns != null && patterns.length > 0) {","if (patterns != null && patterns.length >= 0) {","org/apache/commons/beanutils/converters/DateTimeConverter.java"
"bean_1894",333,"if (patterns != null && patterns.length > 0) {","if (patterns != null && false) {","org/apache/commons/beanutils/converters/DateTimeConverter.java"
"bean_1895",333,"if (patterns != null && patterns.length > 0) {","if (patterns != null && true) {","org/apache/commons/beanutils/converters/DateTimeConverter.java"
"bean_1896",339,"if (Calendar.class.isAssignableFrom(targetType)) {","if (false) {","org/apache/commons/beanutils/converters/DateTimeConverter.java"
"bean_1897",339,"if (Calendar.class.isAssignableFrom(targetType)) {","if (true) {","org/apache/commons/beanutils/converters/DateTimeConverter.java"
"bean_1898",340,"return targetType.cast(calendar);","return null;","org/apache/commons/beanutils/converters/DateTimeConverter.java"
"bean_1899",342,"return toDate(targetType, calendar.getTime().getTime());","return null;","org/apache/commons/beanutils/converters/DateTimeConverter.java"
"bean_1900",347,"return toDate(targetType, stringValue);","return null;","org/apache/commons/beanutils/converters/DateTimeConverter.java"
"bean_1901",505,"if (timeZone != null) {","if (false) {","org/apache/commons/beanutils/converters/DateTimeConverter.java"
"bean_1902",505,"if (timeZone != null) {","if (true) {","org/apache/commons/beanutils/converters/DateTimeConverter.java"
"bean_1903",506,"format.setTimeZone(timeZone);","// removed call to setTimeZone()","org/apache/commons/beanutils/converters/DateTimeConverter.java"
"bean_1904",508,"return format;","return null;","org/apache/commons/beanutils/converters/DateTimeConverter.java"
"bean_1905",486,"if (locale == null) {","if (false) {","org/apache/commons/beanutils/converters/DateTimeConverter.java"
"bean_1906",486,"if (locale == null) {","if (true) {","org/apache/commons/beanutils/converters/DateTimeConverter.java"
"bean_1907",491,"if (timeZone != null) {","if (false) {","org/apache/commons/beanutils/converters/DateTimeConverter.java"
"bean_1908",491,"if (timeZone != null) {","if (true) {","org/apache/commons/beanutils/converters/DateTimeConverter.java"
"bean_1909",492,"format.setTimeZone(timeZone);","// removed call to setTimeZone()","org/apache/commons/beanutils/converters/DateTimeConverter.java"
"bean_1910",494,"return format;","return null;","org/apache/commons/beanutils/converters/DateTimeConverter.java"
"bean_1911",150,"return locale;","return null;","org/apache/commons/beanutils/converters/DateTimeConverter.java"
"bean_1912",183,"return patterns;","return null;","org/apache/commons/beanutils/converters/DateTimeConverter.java"
"bean_1913",131,"return timeZone;","return null;","org/apache/commons/beanutils/converters/DateTimeConverter.java"
"bean_1914",614,"if (format instanceof SimpleDateFormat) {","if (false) {","org/apache/commons/beanutils/converters/DateTimeConverter.java"
"bean_1915",614,"if (format instanceof SimpleDateFormat) {","if (true) {","org/apache/commons/beanutils/converters/DateTimeConverter.java"
"bean_1916",620,"if (locale == null) {","if (false) {","org/apache/commons/beanutils/converters/DateTimeConverter.java"
"bean_1917",620,"if (locale == null) {","if (true) {","org/apache/commons/beanutils/converters/DateTimeConverter.java"
"bean_1918",627,"if (timeZone != null) {","if (false) {","org/apache/commons/beanutils/converters/DateTimeConverter.java"
"bean_1919",627,"if (timeZone != null) {","if (true) {","org/apache/commons/beanutils/converters/DateTimeConverter.java"
"bean_1920",527,"return calendar;","return null;","org/apache/commons/beanutils/converters/DateTimeConverter.java"
"bean_1921",529,"if (firstEx == null) {","if (false) {","org/apache/commons/beanutils/converters/DateTimeConverter.java"
"bean_1922",529,"if (firstEx == null) {","if (true) {","org/apache/commons/beanutils/converters/DateTimeConverter.java"
"bean_1923",534,"if (patterns.length > 1) {","if (patterns.length >= 1) {","org/apache/commons/beanutils/converters/DateTimeConverter.java"
"bean_1924",534,"if (patterns.length > 1) {","if (false) {","org/apache/commons/beanutils/converters/DateTimeConverter.java"
"bean_1925",534,"if (patterns.length > 1) {","if (true) {","org/apache/commons/beanutils/converters/DateTimeConverter.java"
"bean_1926",555,"logFormat(""Parsing"", format);","// removed call to logFormat()","org/apache/commons/beanutils/converters/DateTimeConverter.java"
"bean_1927",556,"format.setLenient(false);","// removed call to setLenient()","org/apache/commons/beanutils/converters/DateTimeConverter.java"
"bean_1928",559,"if (pos.getErrorIndex() >= 0 || pos.getIndex() != value.length() || parsedDate == null) {","if (pos.getErrorIndex() > 0 || pos.getIndex() != value.length() || parsedDate == null) {","org/apache/commons/beanutils/converters/DateTimeConverter.java"
"bean_1929",559,"if (pos.getErrorIndex() >= 0 || pos.getIndex() != value.length() || parsedDate == null) {","if (false || pos.getIndex() != value.length() || parsedDate == null) {","org/apache/commons/beanutils/converters/DateTimeConverter.java"
"bean_1930",559,"if (pos.getErrorIndex() >= 0 || pos.getIndex() != value.length() || parsedDate == null) {","if (true || pos.getIndex() != value.length() || parsedDate == null) {","org/apache/commons/beanutils/converters/DateTimeConverter.java"
"bean_1931",559,"if (pos.getErrorIndex() >= 0 || pos.getIndex() != value.length() || parsedDate == null) {","if (pos.getErrorIndex() >= 0 || false || parsedDate == null) {","org/apache/commons/beanutils/converters/DateTimeConverter.java"
"bean_1932",559,"if (pos.getErrorIndex() >= 0 || pos.getIndex() != value.length() || parsedDate == null) {","if (pos.getErrorIndex() >= 0 || true || parsedDate == null) {","org/apache/commons/beanutils/converters/DateTimeConverter.java"
"bean_1933",559,"if (pos.getErrorIndex() >= 0 || pos.getIndex() != value.length() || parsedDate == null) {","if (pos.getErrorIndex() >= 0 || pos.getIndex() != value.length() || false) {","org/apache/commons/beanutils/converters/DateTimeConverter.java"
"bean_1934",559,"if (pos.getErrorIndex() >= 0 || pos.getIndex() != value.length() || parsedDate == null) {","if (pos.getErrorIndex() >= 0 || pos.getIndex() != value.length() || true) {","org/apache/commons/beanutils/converters/DateTimeConverter.java"
"bean_1935",561,"if (format instanceof SimpleDateFormat) {","if (false) {","org/apache/commons/beanutils/converters/DateTimeConverter.java"
"bean_1936",561,"if (format instanceof SimpleDateFormat) {","if (true) {","org/apache/commons/beanutils/converters/DateTimeConverter.java"
"bean_1937",570,"return calendar;","return null;","org/apache/commons/beanutils/converters/DateTimeConverter.java"
"bean_1938",160,"setUseLocaleFormat(true);","// removed call to setUseLocaleFormat()","org/apache/commons/beanutils/converters/DateTimeConverter.java"
"bean_1939",171,"setPatterns(new String[] {pattern});","// removed call to setPatterns()","org/apache/commons/beanutils/converters/DateTimeConverter.java"
"bean_1940",195,"if (patterns != null && patterns.length > 1) {","if (false && patterns.length > 1) {","org/apache/commons/beanutils/converters/DateTimeConverter.java"
"bean_1941",195,"if (patterns != null && patterns.length > 1) {","if (true && patterns.length > 1) {","org/apache/commons/beanutils/converters/DateTimeConverter.java"
"bean_1942",195,"if (patterns != null && patterns.length > 1) {","if (patterns != null && patterns.length >= 1) {","org/apache/commons/beanutils/converters/DateTimeConverter.java"
"bean_1943",195,"if (patterns != null && patterns.length > 1) {","if (patterns != null && false) {","org/apache/commons/beanutils/converters/DateTimeConverter.java"
"bean_1944",195,"if (patterns != null && patterns.length > 1) {","if (patterns != null && true) {","org/apache/commons/beanutils/converters/DateTimeConverter.java"
"bean_1945",197,"for (int i = 0; i < patterns.length; i++) {","for (int i = 0; i <= patterns.length; i++) {","org/apache/commons/beanutils/converters/DateTimeConverter.java"
"bean_1946",197,"for (int i = 0; i < patterns.length; i++) {","for (int i = 0; false; i++) {","org/apache/commons/beanutils/converters/DateTimeConverter.java"
"bean_1947",197,"for (int i = 0; i < patterns.length; i++) {","for (int i = 0; true; i++) {","org/apache/commons/beanutils/converters/DateTimeConverter.java"
"bean_1948",198,"if (i > 0) {","if (i >= 0) {","org/apache/commons/beanutils/converters/DateTimeConverter.java"
"bean_1949",198,"if (i > 0) {","if (false) {","org/apache/commons/beanutils/converters/DateTimeConverter.java"
"bean_1950",198,"if (i > 0) {","if (true) {","org/apache/commons/beanutils/converters/DateTimeConverter.java"
"bean_1951",205,"setUseLocaleFormat(true);","// removed call to setUseLocaleFormat()","org/apache/commons/beanutils/converters/DateTimeConverter.java"
"bean_1952",373,"if (type.equals(Date.class)) {","if (false) {","org/apache/commons/beanutils/converters/DateTimeConverter.java"
"bean_1953",373,"if (type.equals(Date.class)) {","if (true) {","org/apache/commons/beanutils/converters/DateTimeConverter.java"
"bean_1954",374,"return type.cast(new Date(value));","return null;","org/apache/commons/beanutils/converters/DateTimeConverter.java"
"bean_1955",378,"if (type.equals(java.sql.Date.class)) {","if (false) {","org/apache/commons/beanutils/converters/DateTimeConverter.java"
"bean_1956",378,"if (type.equals(java.sql.Date.class)) {","if (true) {","org/apache/commons/beanutils/converters/DateTimeConverter.java"
"bean_1957",379,"return type.cast(new java.sql.Date(value));","return null;","org/apache/commons/beanutils/converters/DateTimeConverter.java"
"bean_1958",383,"if (type.equals(java.sql.Time.class)) {","if (false) {","org/apache/commons/beanutils/converters/DateTimeConverter.java"
"bean_1959",383,"if (type.equals(java.sql.Time.class)) {","if (true) {","org/apache/commons/beanutils/converters/DateTimeConverter.java"
"bean_1960",384,"return type.cast(new java.sql.Time(value));","return null;","org/apache/commons/beanutils/converters/DateTimeConverter.java"
"bean_1961",388,"if (type.equals(java.sql.Timestamp.class)) {","if (false) {","org/apache/commons/beanutils/converters/DateTimeConverter.java"
"bean_1962",388,"if (type.equals(java.sql.Timestamp.class)) {","if (true) {","org/apache/commons/beanutils/converters/DateTimeConverter.java"
"bean_1963",389,"return type.cast(new java.sql.Timestamp(value));","return null;","org/apache/commons/beanutils/converters/DateTimeConverter.java"
"bean_1964",393,"if (type.equals(Calendar.class)) {","if (false) {","org/apache/commons/beanutils/converters/DateTimeConverter.java"
"bean_1965",393,"if (type.equals(Calendar.class)) {","if (true) {","org/apache/commons/beanutils/converters/DateTimeConverter.java"
"bean_1966",395,"if (locale == null && timeZone == null) {","if (false && timeZone == null) {","org/apache/commons/beanutils/converters/DateTimeConverter.java"
"bean_1967",395,"if (locale == null && timeZone == null) {","if (true && timeZone == null) {","org/apache/commons/beanutils/converters/DateTimeConverter.java"
"bean_1968",395,"if (locale == null && timeZone == null) {","if (locale == null && false) {","org/apache/commons/beanutils/converters/DateTimeConverter.java"
"bean_1969",395,"if (locale == null && timeZone == null) {","if (locale == null && true) {","org/apache/commons/beanutils/converters/DateTimeConverter.java"
"bean_1970",397,"} else if (locale == null) {","} else if (false) {","org/apache/commons/beanutils/converters/DateTimeConverter.java"
"bean_1971",397,"} else if (locale == null) {","} else if (true) {","org/apache/commons/beanutils/converters/DateTimeConverter.java"
"bean_1972",399,"} else if (timeZone == null) {","} else if (false) {","org/apache/commons/beanutils/converters/DateTimeConverter.java"
"bean_1973",399,"} else if (timeZone == null) {","} else if (true) {","org/apache/commons/beanutils/converters/DateTimeConverter.java"
"bean_1974",404,"calendar.setTime(new Date(value));","calendar.setTime(new Date(value));  // removed call to setTime()","org/apache/commons/beanutils/converters/DateTimeConverter.java"
"bean_1975",405,"calendar.setLenient(false);","// removed call to setLenient()","org/apache/commons/beanutils/converters/DateTimeConverter.java"
"bean_1976",406,"return type.cast(calendar);","return null;","org/apache/commons/beanutils/converters/DateTimeConverter.java"
"bean_1977",438,"if (type.equals(java.sql.Date.class)) {","if (false) {","org/apache/commons/beanutils/converters/DateTimeConverter.java"
"bean_1978",438,"if (type.equals(java.sql.Date.class)) {","if (true) {","org/apache/commons/beanutils/converters/DateTimeConverter.java"
"bean_1979",440,"return type.cast(java.sql.Date.valueOf(value));","return null;","org/apache/commons/beanutils/converters/DateTimeConverter.java"
"bean_1980",448,"if (type.equals(java.sql.Time.class)) {","if (false) {","org/apache/commons/beanutils/converters/DateTimeConverter.java"
"bean_1981",448,"if (type.equals(java.sql.Time.class)) {","if (true) {","org/apache/commons/beanutils/converters/DateTimeConverter.java"
"bean_1982",450,"return type.cast(java.sql.Time.valueOf(value));","return null;","org/apache/commons/beanutils/converters/DateTimeConverter.java"
"bean_1983",458,"if (type.equals(java.sql.Timestamp.class)) {","if (false) {","org/apache/commons/beanutils/converters/DateTimeConverter.java"
"bean_1984",458,"if (type.equals(java.sql.Timestamp.class)) {","if (true) {","org/apache/commons/beanutils/converters/DateTimeConverter.java"
"bean_1985",460,"return type.cast(java.sql.Timestamp.valueOf(value));","return null;","org/apache/commons/beanutils/converters/DateTimeConverter.java"
"bean_1986",586,"if (displayPatterns != null) {","if (false) {","org/apache/commons/beanutils/converters/DateTimeConverter.java"
"bean_1987",586,"if (displayPatterns != null) {","if (true) {","org/apache/commons/beanutils/converters/DateTimeConverter.java"
"bean_1988",591,"if (locale != null) {","if (false) {","org/apache/commons/beanutils/converters/DateTimeConverter.java"
"bean_1989",591,"if (locale != null) {","if (true) {","org/apache/commons/beanutils/converters/DateTimeConverter.java"
"bean_1990",595,"if (timeZone != null) {","if (false) {","org/apache/commons/beanutils/converters/DateTimeConverter.java"
"bean_1991",595,"if (timeZone != null) {","if (true) {","org/apache/commons/beanutils/converters/DateTimeConverter.java"
"bean_1992",600,"return buffer.toString();","return """";","org/apache/commons/beanutils/converters/DateTimeConverter.java"
"bean_1993",119,"if (value == null) {","if (false) {","org/apache/commons/beanutils/BasicDynaBean.java"
"bean_1994",119,"if (value == null) {","if (true) {","org/apache/commons/beanutils/BasicDynaBean.java"
"bean_1995",122,"} else if (value instanceof Map) {","} else if (false) {","org/apache/commons/beanutils/BasicDynaBean.java"
"bean_1996",122,"} else if (value instanceof Map) {","} else if (true) {","org/apache/commons/beanutils/BasicDynaBean.java"
"bean_1997",123,"return (((Map<?, ?>) value).containsKey(key));","return false;","org/apache/commons/beanutils/BasicDynaBean.java"
"bean_1998",123,"return (((Map<?, ?>) value).containsKey(key));","return true;","org/apache/commons/beanutils/BasicDynaBean.java"
"bean_1999",145,"if (value != null) {","if (false) {","org/apache/commons/beanutils/BasicDynaBean.java"
"bean_2000",145,"if (value != null) {","if (true) {","org/apache/commons/beanutils/BasicDynaBean.java"
"bean_2001",146,"return (value);","return null;","org/apache/commons/beanutils/BasicDynaBean.java"
"bean_2002",151,"if (!type.isPrimitive()) {","if (false) {","org/apache/commons/beanutils/BasicDynaBean.java"
"bean_2003",151,"if (!type.isPrimitive()) {","if (true) {","org/apache/commons/beanutils/BasicDynaBean.java"
"bean_2004",152,"return (value);","return null;","org/apache/commons/beanutils/BasicDynaBean.java"
"bean_2005",156,"if (type == Boolean.TYPE) {","if (false) {","org/apache/commons/beanutils/BasicDynaBean.java"
"bean_2006",156,"if (type == Boolean.TYPE) {","if (true) {","org/apache/commons/beanutils/BasicDynaBean.java"
"bean_2007",157,"return (Boolean.FALSE);","return null;","org/apache/commons/beanutils/BasicDynaBean.java"
"bean_2008",158,"} else if (type == Byte.TYPE) {","} else if (false) {","org/apache/commons/beanutils/BasicDynaBean.java"
"bean_2009",158,"} else if (type == Byte.TYPE) {","} else if (true) {","org/apache/commons/beanutils/BasicDynaBean.java"
"bean_2010",159,"return (new Byte((byte) 0));","return null;","org/apache/commons/beanutils/BasicDynaBean.java"
"bean_2011",160,"} else if (type == Character.TYPE) {","} else if (false) {","org/apache/commons/beanutils/BasicDynaBean.java"
"bean_2012",160,"} else if (type == Character.TYPE) {","} else if (true) {","org/apache/commons/beanutils/BasicDynaBean.java"
"bean_2013",161,"return (new Character((char) 0));","return null;","org/apache/commons/beanutils/BasicDynaBean.java"
"bean_2014",162,"} else if (type == Double.TYPE) {","} else if (false) {","org/apache/commons/beanutils/BasicDynaBean.java"
"bean_2015",162,"} else if (type == Double.TYPE) {","} else if (true) {","org/apache/commons/beanutils/BasicDynaBean.java"
"bean_2016",163,"return (new Double(0.0));","return null;","org/apache/commons/beanutils/BasicDynaBean.java"
"bean_2017",164,"} else if (type == Float.TYPE) {","} else if (false) {","org/apache/commons/beanutils/BasicDynaBean.java"
"bean_2018",164,"} else if (type == Float.TYPE) {","} else if (true) {","org/apache/commons/beanutils/BasicDynaBean.java"
"bean_2019",165,"return (new Float((float) 0.0));","return null;","org/apache/commons/beanutils/BasicDynaBean.java"
"bean_2020",166,"} else if (type == Integer.TYPE) {","} else if (false) {","org/apache/commons/beanutils/BasicDynaBean.java"
"bean_2021",166,"} else if (type == Integer.TYPE) {","} else if (true) {","org/apache/commons/beanutils/BasicDynaBean.java"
"bean_2022",167,"return (new Integer(0));","return null;","org/apache/commons/beanutils/BasicDynaBean.java"
"bean_2023",168,"} else if (type == Long.TYPE) {","} else if (false) {","org/apache/commons/beanutils/BasicDynaBean.java"
"bean_2024",168,"} else if (type == Long.TYPE) {","} else if (true) {","org/apache/commons/beanutils/BasicDynaBean.java"
"bean_2025",169,"return (new Long(0));","return null;","org/apache/commons/beanutils/BasicDynaBean.java"
"bean_2026",170,"} else if (type == Short.TYPE) {","} else if (false) {","org/apache/commons/beanutils/BasicDynaBean.java"
"bean_2027",170,"} else if (type == Short.TYPE) {","} else if (true) {","org/apache/commons/beanutils/BasicDynaBean.java"
"bean_2028",171,"return (new Short((short) 0));","return null;","org/apache/commons/beanutils/BasicDynaBean.java"
"bean_2029",198,"if (value == null) {","if (false) {","org/apache/commons/beanutils/BasicDynaBean.java"
"bean_2030",198,"if (value == null) {","if (true) {","org/apache/commons/beanutils/BasicDynaBean.java"
"bean_2031",201,"} else if (value.getClass().isArray()) {","} else if (false) {","org/apache/commons/beanutils/BasicDynaBean.java"
"bean_2032",201,"} else if (value.getClass().isArray()) {","} else if (true) {","org/apache/commons/beanutils/BasicDynaBean.java"
"bean_2033",202,"return (Array.get(value, index));","return null;","org/apache/commons/beanutils/BasicDynaBean.java"
"bean_2034",203,"} else if (value instanceof List) {","} else if (false) {","org/apache/commons/beanutils/BasicDynaBean.java"
"bean_2035",203,"} else if (value instanceof List) {","} else if (true) {","org/apache/commons/beanutils/BasicDynaBean.java"
"bean_2036",204,"return ((List<?>) value).get(index);","return null;","org/apache/commons/beanutils/BasicDynaBean.java"
"bean_2037",229,"if (value == null) {","if (false) {","org/apache/commons/beanutils/BasicDynaBean.java"
"bean_2038",229,"if (value == null) {","if (true) {","org/apache/commons/beanutils/BasicDynaBean.java"
"bean_2039",232,"} else if (value instanceof Map) {","} else if (false) {","org/apache/commons/beanutils/BasicDynaBean.java"
"bean_2040",232,"} else if (value instanceof Map) {","} else if (true) {","org/apache/commons/beanutils/BasicDynaBean.java"
"bean_2041",233,"return (((Map<?, ?>) value).get(key));","return null;","org/apache/commons/beanutils/BasicDynaBean.java"
"bean_2042",250,"return (this.dynaClass);","return null;","org/apache/commons/beanutils/BasicDynaBean.java"
"bean_2043",408,"if (descriptor == null) {","if (false) {","org/apache/commons/beanutils/BasicDynaBean.java"
"bean_2044",408,"if (descriptor == null) {","if (true) {","org/apache/commons/beanutils/BasicDynaBean.java"
"bean_2045",412,"return (descriptor);","return null;","org/apache/commons/beanutils/BasicDynaBean.java"
"bean_2046",94,"if (mapDecorator == null) {","if (false) {","org/apache/commons/beanutils/BasicDynaBean.java"
"bean_2047",94,"if (mapDecorator == null) {","if (true) {","org/apache/commons/beanutils/BasicDynaBean.java"
"bean_2048",97,"return mapDecorator;","return Collections.emptyMap();","org/apache/commons/beanutils/BasicDynaBean.java"
"bean_2049",427,"if (dest.isAssignableFrom(source) ||","if (false) ||","org/apache/commons/beanutils/BasicDynaBean.java"
"bean_2050",427,"if (dest.isAssignableFrom(source) ||","if (true) ||","org/apache/commons/beanutils/BasicDynaBean.java"
"bean_2051",427,"if (dest.isAssignableFrom(source) ||","if (false) ||","org/apache/commons/beanutils/BasicDynaBean.java"
"bean_2052",427,"if (dest.isAssignableFrom(source) ||","if (true) ||","org/apache/commons/beanutils/BasicDynaBean.java"
"bean_2053",427,"if (dest.isAssignableFrom(source) ||","if (false) ||","org/apache/commons/beanutils/BasicDynaBean.java"
"bean_2054",427,"if (dest.isAssignableFrom(source) ||","if (true) ||","org/apache/commons/beanutils/BasicDynaBean.java"
"bean_2055",427,"if (dest.isAssignableFrom(source) ||","if (false) ||","org/apache/commons/beanutils/BasicDynaBean.java"
"bean_2056",427,"if (dest.isAssignableFrom(source) ||","if (true) ||","org/apache/commons/beanutils/BasicDynaBean.java"
"bean_2057",427,"if (dest.isAssignableFrom(source) ||","if (false) ||","org/apache/commons/beanutils/BasicDynaBean.java"
"bean_2058",427,"if (dest.isAssignableFrom(source) ||","if (true) ||","org/apache/commons/beanutils/BasicDynaBean.java"
"bean_2059",427,"if (dest.isAssignableFrom(source) ||","if (false) ||","org/apache/commons/beanutils/BasicDynaBean.java"
"bean_2060",427,"if (dest.isAssignableFrom(source) ||","if (true) ||","org/apache/commons/beanutils/BasicDynaBean.java"
"bean_2061",427,"if (dest.isAssignableFrom(source) ||","if (false) ||","org/apache/commons/beanutils/BasicDynaBean.java"
"bean_2062",427,"if (dest.isAssignableFrom(source) ||","if (true) ||","org/apache/commons/beanutils/BasicDynaBean.java"
"bean_2063",427,"if (dest.isAssignableFrom(source) ||","if (false) ||","org/apache/commons/beanutils/BasicDynaBean.java"
"bean_2064",427,"if (dest.isAssignableFrom(source) ||","if (true) ||","org/apache/commons/beanutils/BasicDynaBean.java"
"bean_2065",427,"if (dest.isAssignableFrom(source) ||","if (false) ||","org/apache/commons/beanutils/BasicDynaBean.java"
"bean_2066",427,"if (dest.isAssignableFrom(source) ||","if (true) ||","org/apache/commons/beanutils/BasicDynaBean.java"
"bean_2067",427,"if (dest.isAssignableFrom(source) ||","if (false) ||","org/apache/commons/beanutils/BasicDynaBean.java"
"bean_2068",427,"if (dest.isAssignableFrom(source) ||","if (true) ||","org/apache/commons/beanutils/BasicDynaBean.java"
"bean_2069",427,"if (dest.isAssignableFrom(source) ||","if (false) ||","org/apache/commons/beanutils/BasicDynaBean.java"
"bean_2070",427,"if (dest.isAssignableFrom(source) ||","if (true) ||","org/apache/commons/beanutils/BasicDynaBean.java"
"bean_2071",427,"if (dest.isAssignableFrom(source) ||","if (false) ||","org/apache/commons/beanutils/BasicDynaBean.java"
"bean_2072",427,"if (dest.isAssignableFrom(source) ||","if (true) ||","org/apache/commons/beanutils/BasicDynaBean.java"
"bean_2073",427,"if (dest.isAssignableFrom(source) ||","if (false) ||","org/apache/commons/beanutils/BasicDynaBean.java"
"bean_2074",427,"if (dest.isAssignableFrom(source) ||","if (true) ||","org/apache/commons/beanutils/BasicDynaBean.java"
"bean_2075",427,"if (dest.isAssignableFrom(source) ||","if (false) ||","org/apache/commons/beanutils/BasicDynaBean.java"
"bean_2076",427,"if (dest.isAssignableFrom(source) ||","if (true) ||","org/apache/commons/beanutils/BasicDynaBean.java"
"bean_2077",427,"if (dest.isAssignableFrom(source) ||","if (false) ||","org/apache/commons/beanutils/BasicDynaBean.java"
"bean_2078",427,"if (dest.isAssignableFrom(source) ||","if (true) ||","org/apache/commons/beanutils/BasicDynaBean.java"
"bean_2079",427,"if (dest.isAssignableFrom(source) ||","if (false) ||","org/apache/commons/beanutils/BasicDynaBean.java"
"bean_2080",427,"if (dest.isAssignableFrom(source) ||","if (true) ||","org/apache/commons/beanutils/BasicDynaBean.java"
"bean_2081",427,"if (dest.isAssignableFrom(source) ||","if (false) ||","org/apache/commons/beanutils/BasicDynaBean.java"
"bean_2082",427,"if (dest.isAssignableFrom(source) ||","if (true) ||","org/apache/commons/beanutils/BasicDynaBean.java"
"bean_2083",436,"return (true);","return false;","org/apache/commons/beanutils/BasicDynaBean.java"
"bean_2084",438,"return (false);","return true;","org/apache/commons/beanutils/BasicDynaBean.java"
"bean_2085",269,"if (value == null) {","if (false) {","org/apache/commons/beanutils/BasicDynaBean.java"
"bean_2086",269,"if (value == null) {","if (true) {","org/apache/commons/beanutils/BasicDynaBean.java"
"bean_2087",272,"} else if (value instanceof Map) {","} else if (false) {","org/apache/commons/beanutils/BasicDynaBean.java"
"bean_2088",272,"} else if (value instanceof Map) {","} else if (true) {","org/apache/commons/beanutils/BasicDynaBean.java"
"bean_2089",334,"if (prop == null) {","if (false) {","org/apache/commons/beanutils/BasicDynaBean.java"
"bean_2090",334,"if (prop == null) {","if (true) {","org/apache/commons/beanutils/BasicDynaBean.java"
"bean_2091",337,"} else if (prop.getClass().isArray()) {","} else if (false) {","org/apache/commons/beanutils/BasicDynaBean.java"
"bean_2092",337,"} else if (prop.getClass().isArray()) {","} else if (true) {","org/apache/commons/beanutils/BasicDynaBean.java"
"bean_2093",338,"Array.set(prop, index, value);","// removed call to set()","org/apache/commons/beanutils/BasicDynaBean.java"
"bean_2094",339,"} else if (prop instanceof List) {","} else if (false) {","org/apache/commons/beanutils/BasicDynaBean.java"
"bean_2095",339,"} else if (prop instanceof List) {","} else if (true) {","org/apache/commons/beanutils/BasicDynaBean.java"
"bean_2096",298,"if (value == null) {","if (false) {","org/apache/commons/beanutils/BasicDynaBean.java"
"bean_2097",298,"if (value == null) {","if (true) {","org/apache/commons/beanutils/BasicDynaBean.java"
"bean_2098",299,"if (descriptor.getType().isPrimitive()) {","if (false) {","org/apache/commons/beanutils/BasicDynaBean.java"
"bean_2099",299,"if (descriptor.getType().isPrimitive()) {","if (true) {","org/apache/commons/beanutils/BasicDynaBean.java"
"bean_2100",303,"} else if (!isAssignable(descriptor.getType(), value.getClass())) {","} else if (false) {","org/apache/commons/beanutils/BasicDynaBean.java"
"bean_2101",303,"} else if (!isAssignable(descriptor.getType(), value.getClass())) {","} else if (true) {","org/apache/commons/beanutils/BasicDynaBean.java"
"bean_2102",375,"if (prop == null) {","if (false) {","org/apache/commons/beanutils/BasicDynaBean.java"
"bean_2103",375,"if (prop == null) {","if (true) {","org/apache/commons/beanutils/BasicDynaBean.java"
"bean_2104",378,"} else if (prop instanceof Map) {","} else if (false) {","org/apache/commons/beanutils/BasicDynaBean.java"
"bean_2105",378,"} else if (prop instanceof Map) {","} else if (true) {","org/apache/commons/beanutils/BasicDynaBean.java"
"bean_2106",92,"if (type != null && type.isArray()) {","if (false && type.isArray()) {","org/apache/commons/beanutils/DynaProperty.java"
"bean_2107",92,"if (type != null && type.isArray()) {","if (true && type.isArray()) {","org/apache/commons/beanutils/DynaProperty.java"
"bean_2108",92,"if (type != null && type.isArray()) {","if (type != null && false) {","org/apache/commons/beanutils/DynaProperty.java"
"bean_2109",92,"if (type != null && type.isArray()) {","if (type != null && true) {","org/apache/commons/beanutils/DynaProperty.java"
"bean_2110",216,"result = (obj == this);","result = (true);","org/apache/commons/beanutils/DynaProperty.java"
"bean_2111",218,"if ((!result) && obj instanceof DynaProperty) {","if ((!result) && false) {","org/apache/commons/beanutils/DynaProperty.java"
"bean_2112",218,"if ((!result) && obj instanceof DynaProperty) {","if ((!result) && true) {","org/apache/commons/beanutils/DynaProperty.java"
"bean_2113",218,"if ((!result) && obj instanceof DynaProperty) {","if (false) {","org/apache/commons/beanutils/DynaProperty.java"
"bean_2114",218,"if ((!result) && obj instanceof DynaProperty) {","if (true) {","org/apache/commons/beanutils/DynaProperty.java"
"bean_2115",221,"((this.name == null) ? (that.name == null) : (this.name.equals(that.name))) &&","((false) ? (that.name == null) : (this.name.equals(that.name))) &&","org/apache/commons/beanutils/DynaProperty.java"
"bean_2116",221,"((this.name == null) ? (that.name == null) : (this.name.equals(that.name))) &&","((true) ? (that.name == null) : (this.name.equals(that.name))) &&","org/apache/commons/beanutils/DynaProperty.java"
"bean_2117",221,"((this.name == null) ? (that.name == null) : (this.name.equals(that.name))) &&","((this.name == null) ? (false) : (this.name.equals(that.name))) &&","org/apache/commons/beanutils/DynaProperty.java"
"bean_2118",221,"((this.name == null) ? (that.name == null) : (this.name.equals(that.name))) &&","((this.name == null) ? (true) : (this.name.equals(that.name))) &&","org/apache/commons/beanutils/DynaProperty.java"
"bean_2119",221,"((this.name == null) ? (that.name == null) : (this.name.equals(that.name))) &&","((this.name == null) ? (that.name == null) : (false)) &&","org/apache/commons/beanutils/DynaProperty.java"
"bean_2120",221,"((this.name == null) ? (that.name == null) : (this.name.equals(that.name))) &&","((this.name == null) ? (that.name == null) : (true)) &&","org/apache/commons/beanutils/DynaProperty.java"
"bean_2121",222,"((this.type == null) ? (that.type == null) : (this.type.equals(that.type))) &&","((false) ? (that.type == null) : (this.type.equals(that.type))) &&","org/apache/commons/beanutils/DynaProperty.java"
"bean_2122",222,"((this.type == null) ? (that.type == null) : (this.type.equals(that.type))) &&","((true) ? (that.type == null) : (this.type.equals(that.type))) &&","org/apache/commons/beanutils/DynaProperty.java"
"bean_2123",222,"((this.type == null) ? (that.type == null) : (this.type.equals(that.type))) &&","((this.type == null) ? (false) : (this.type.equals(that.type))) &&","org/apache/commons/beanutils/DynaProperty.java"
"bean_2124",222,"((this.type == null) ? (that.type == null) : (this.type.equals(that.type))) &&","((this.type == null) ? (true) : (this.type.equals(that.type))) &&","org/apache/commons/beanutils/DynaProperty.java"
"bean_2125",222,"((this.type == null) ? (that.type == null) : (this.type.equals(that.type))) &&","((this.type == null) ? (that.type == null) : (false)) &&","org/apache/commons/beanutils/DynaProperty.java"
"bean_2126",222,"((this.type == null) ? (that.type == null) : (this.type.equals(that.type))) &&","((this.type == null) ? (that.type == null) : (true)) &&","org/apache/commons/beanutils/DynaProperty.java"
"bean_2127",223,"((this.contentType == null) ? (that.contentType == null) : (this.contentType.equals(that.contentType)));","((false) ? (that.contentType == null) : (this.contentType.equals(that.contentType)));","org/apache/commons/beanutils/DynaProperty.java"
"bean_2128",223,"((this.contentType == null) ? (that.contentType == null) : (this.contentType.equals(that.contentType)));","((true) ? (that.contentType == null) : (this.contentType.equals(that.contentType)));","org/apache/commons/beanutils/DynaProperty.java"
"bean_2129",226,"return result;","return false;","org/apache/commons/beanutils/DynaProperty.java"
"bean_2130",226,"return result;","return true;","org/apache/commons/beanutils/DynaProperty.java"
"bean_2131",160,"return contentType;","return null;","org/apache/commons/beanutils/DynaProperty.java"
"bean_2132",124,"return (this.name);","return """";","org/apache/commons/beanutils/DynaProperty.java"
"bean_2133",142,"return (this.type);","return null;","org/apache/commons/beanutils/DynaProperty.java"
"bean_2134",239,"result = result * 31 + ((name == null) ? 0 : name.hashCode());","result = result / 31 + ((name == null) ? 0 : name.hashCode());","org/apache/commons/beanutils/DynaProperty.java"
"bean_2135",239,"result = result * 31 + ((name == null) ? 0 : name.hashCode());","result = result * 31 + ((false) ? 0 : name.hashCode());","org/apache/commons/beanutils/DynaProperty.java"
"bean_2136",239,"result = result * 31 + ((name == null) ? 0 : name.hashCode());","result = result * 31 + ((true) ? 0 : name.hashCode());","org/apache/commons/beanutils/DynaProperty.java"
"bean_2137",239,"result = result * 31 + ((name == null) ? 0 : name.hashCode());","result = result * 31 - ((name == null) ? 0 : name.hashCode());","org/apache/commons/beanutils/DynaProperty.java"
"bean_2138",240,"result = result * 31 + ((type == null) ? 0 : type.hashCode());","result = result / 31 + ((type == null) ? 0 : type.hashCode());","org/apache/commons/beanutils/DynaProperty.java"
"bean_2139",240,"result = result * 31 + ((type == null) ? 0 : type.hashCode());","result = result * 31 + ((false) ? 0 : type.hashCode());","org/apache/commons/beanutils/DynaProperty.java"
"bean_2140",240,"result = result * 31 + ((type == null) ? 0 : type.hashCode());","result = result * 31 + ((true) ? 0 : type.hashCode());","org/apache/commons/beanutils/DynaProperty.java"
"bean_2141",240,"result = result * 31 + ((type == null) ? 0 : type.hashCode());","result = result * 31 - ((type == null) ? 0 : type.hashCode());","org/apache/commons/beanutils/DynaProperty.java"
"bean_2142",241,"result = result * 31 + ((contentType == null) ? 0 : contentType.hashCode());","result = result / 31 + ((contentType == null) ? 0 : contentType.hashCode());","org/apache/commons/beanutils/DynaProperty.java"
"bean_2143",241,"result = result * 31 + ((contentType == null) ? 0 : contentType.hashCode());","result = result * 31 + ((false) ? 0 : contentType.hashCode());","org/apache/commons/beanutils/DynaProperty.java"
"bean_2144",241,"result = result * 31 + ((contentType == null) ? 0 : contentType.hashCode());","result = result * 31 + ((true) ? 0 : contentType.hashCode());","org/apache/commons/beanutils/DynaProperty.java"
"bean_2145",241,"result = result * 31 + ((contentType == null) ? 0 : contentType.hashCode());","result = result * 31 - ((contentType == null) ? 0 : contentType.hashCode());","org/apache/commons/beanutils/DynaProperty.java"
"bean_2146",243,"return result;","return 0;","org/apache/commons/beanutils/DynaProperty.java"
"bean_2147",174,"if (type == null) {","if (false) {","org/apache/commons/beanutils/DynaProperty.java"
"bean_2148",174,"if (type == null) {","if (true) {","org/apache/commons/beanutils/DynaProperty.java"
"bean_2149",175,"return (false);","return true;","org/apache/commons/beanutils/DynaProperty.java"
"bean_2150",176,"} else if (type.isArray()) {","} else if (false) {","org/apache/commons/beanutils/DynaProperty.java"
"bean_2151",176,"} else if (type.isArray()) {","} else if (true) {","org/apache/commons/beanutils/DynaProperty.java"
"bean_2152",177,"return (true);","return false;","org/apache/commons/beanutils/DynaProperty.java"
"bean_2153",178,"} else if (List.class.isAssignableFrom(type)) {","} else if (false) {","org/apache/commons/beanutils/DynaProperty.java"
"bean_2154",178,"} else if (List.class.isAssignableFrom(type)) {","} else if (true) {","org/apache/commons/beanutils/DynaProperty.java"
"bean_2155",179,"return (true);","return false;","org/apache/commons/beanutils/DynaProperty.java"
"bean_2156",181,"return (false);","return true;","org/apache/commons/beanutils/DynaProperty.java"
"bean_2157",195,"if (type == null) {","if (false) {","org/apache/commons/beanutils/DynaProperty.java"
"bean_2158",195,"if (type == null) {","if (true) {","org/apache/commons/beanutils/DynaProperty.java"
"bean_2159",196,"return (false);","return true;","org/apache/commons/beanutils/DynaProperty.java"
"bean_2160",198,"return (Map.class.isAssignableFrom(type));","return false;","org/apache/commons/beanutils/DynaProperty.java"
"bean_2161",198,"return (Map.class.isAssignableFrom(type));","return true;","org/apache/commons/beanutils/DynaProperty.java"
"bean_2162",346,"if (in.readBoolean()) {","if (false) {","org/apache/commons/beanutils/DynaProperty.java"
"bean_2163",346,"if (in.readBoolean()) {","if (true) {","org/apache/commons/beanutils/DynaProperty.java"
"bean_2164",348,"switch (in.readInt()) {","switch (in.readInt()) { // switch default changed to first case","org/apache/commons/beanutils/DynaProperty.java"
"bean_2165",350,"case BOOLEAN_TYPE: return   Boolean.TYPE;","case BOOLEAN_TYPE: return null;","org/apache/commons/beanutils/DynaProperty.java"
"bean_2166",351,"case BYTE_TYPE:    return      Byte.TYPE;","case BYTE_TYPE:    return null;","org/apache/commons/beanutils/DynaProperty.java"
"bean_2167",352,"case CHAR_TYPE:    return Character.TYPE;","case CHAR_TYPE:    return null;","org/apache/commons/beanutils/DynaProperty.java"
"bean_2168",353,"case DOUBLE_TYPE:  return    Double.TYPE;","case DOUBLE_TYPE:  return null;","org/apache/commons/beanutils/DynaProperty.java"
"bean_2169",354,"case FLOAT_TYPE:   return     Float.TYPE;","case FLOAT_TYPE:   return null;","org/apache/commons/beanutils/DynaProperty.java"
"bean_2170",355,"case INT_TYPE:     return   Integer.TYPE;","case INT_TYPE:     return null;","org/apache/commons/beanutils/DynaProperty.java"
"bean_2171",356,"case LONG_TYPE:    return      Long.TYPE;","case LONG_TYPE:    return null;","org/apache/commons/beanutils/DynaProperty.java"
"bean_2172",357,"case SHORT_TYPE:   return     Short.TYPE;","case SHORT_TYPE:   return null;","org/apache/commons/beanutils/DynaProperty.java"
"bean_2173",368,"return ((Class<?>) in.readObject());","return null;","org/apache/commons/beanutils/DynaProperty.java"
"bean_2174",332,"if (isMapped() || isIndexed()) {","if (isMapped() || false) {","org/apache/commons/beanutils/DynaProperty.java"
"bean_2175",332,"if (isMapped() || isIndexed()) {","if (isMapped() || true) {","org/apache/commons/beanutils/DynaProperty.java"
"bean_2176",332,"if (isMapped() || isIndexed()) {","if (false) {","org/apache/commons/beanutils/DynaProperty.java"
"bean_2177",332,"if (isMapped() || isIndexed()) {","if (true) {","org/apache/commons/beanutils/DynaProperty.java"
"bean_2178",337,"in.defaultReadObject();","// removed call to defaultReadObject()","org/apache/commons/beanutils/DynaProperty.java"
"bean_2179",257,"if (isMapped() || isIndexed()) {","if (isMapped() || false) {","org/apache/commons/beanutils/DynaProperty.java"
"bean_2180",257,"if (isMapped() || isIndexed()) {","if (isMapped() || true) {","org/apache/commons/beanutils/DynaProperty.java"
"bean_2181",257,"if (isMapped() || isIndexed()) {","if (false) {","org/apache/commons/beanutils/DynaProperty.java"
"bean_2182",257,"if (isMapped() || isIndexed()) {","if (true) {","org/apache/commons/beanutils/DynaProperty.java"
"bean_2183",261,"return (sb.toString());","return """";","org/apache/commons/beanutils/DynaProperty.java"
"bean_2184",291,"if (Boolean.TYPE.equals(clazz)) {","if (false) {","org/apache/commons/beanutils/DynaProperty.java"
"bean_2185",291,"if (Boolean.TYPE.equals(clazz)) {","if (true) {","org/apache/commons/beanutils/DynaProperty.java"
"bean_2186",293,"} else if (Byte.TYPE.equals(clazz)) {","} else if (false) {","org/apache/commons/beanutils/DynaProperty.java"
"bean_2187",293,"} else if (Byte.TYPE.equals(clazz)) {","} else if (true) {","org/apache/commons/beanutils/DynaProperty.java"
"bean_2188",295,"} else if (Character.TYPE.equals(clazz)) {","} else if (false) {","org/apache/commons/beanutils/DynaProperty.java"
"bean_2189",295,"} else if (Character.TYPE.equals(clazz)) {","} else if (true) {","org/apache/commons/beanutils/DynaProperty.java"
"bean_2190",297,"} else if (Double.TYPE.equals(clazz)) {","} else if (false) {","org/apache/commons/beanutils/DynaProperty.java"
"bean_2191",297,"} else if (Double.TYPE.equals(clazz)) {","} else if (true) {","org/apache/commons/beanutils/DynaProperty.java"
"bean_2192",299,"} else if (Float.TYPE.equals(clazz)) {","} else if (false) {","org/apache/commons/beanutils/DynaProperty.java"
"bean_2193",299,"} else if (Float.TYPE.equals(clazz)) {","} else if (true) {","org/apache/commons/beanutils/DynaProperty.java"
"bean_2194",301,"} else if (Integer.TYPE.equals(clazz)) {","} else if (false) {","org/apache/commons/beanutils/DynaProperty.java"
"bean_2195",301,"} else if (Integer.TYPE.equals(clazz)) {","} else if (true) {","org/apache/commons/beanutils/DynaProperty.java"
"bean_2196",303,"} else if (Long.TYPE.equals(clazz)) {","} else if (false) {","org/apache/commons/beanutils/DynaProperty.java"
"bean_2197",303,"} else if (Long.TYPE.equals(clazz)) {","} else if (true) {","org/apache/commons/beanutils/DynaProperty.java"
"bean_2198",305,"} else if (Short.TYPE.equals(clazz)) {","} else if (false) {","org/apache/commons/beanutils/DynaProperty.java"
"bean_2199",305,"} else if (Short.TYPE.equals(clazz)) {","} else if (true) {","org/apache/commons/beanutils/DynaProperty.java"
"bean_2200",309,"if (primitiveType == 0) {","if (false) {","org/apache/commons/beanutils/DynaProperty.java"
"bean_2201",309,"if (primitiveType == 0) {","if (true) {","org/apache/commons/beanutils/DynaProperty.java"
"bean_2202",311,"out.writeBoolean(false);","// removed call to writeBoolean()","org/apache/commons/beanutils/DynaProperty.java"
"bean_2203",312,"out.writeObject(clazz);","// removed call to writeObject()","org/apache/commons/beanutils/DynaProperty.java"
"bean_2204",315,"out.writeBoolean(true);","// removed call to writeBoolean()","org/apache/commons/beanutils/DynaProperty.java"
"bean_2205",316,"out.writeInt(primitiveType);","// removed call to writeInt()","org/apache/commons/beanutils/DynaProperty.java"
"bean_2206",275,"writeAnyClass(this.type,out);","// removed call to writeAnyClass()","org/apache/commons/beanutils/DynaProperty.java"
"bean_2207",277,"if (isMapped() || isIndexed()) {","if (isMapped() || false) {","org/apache/commons/beanutils/DynaProperty.java"
"bean_2208",277,"if (isMapped() || isIndexed()) {","if (isMapped() || true) {","org/apache/commons/beanutils/DynaProperty.java"
"bean_2209",277,"if (isMapped() || isIndexed()) {","if (false) {","org/apache/commons/beanutils/DynaProperty.java"
"bean_2210",277,"if (isMapped() || isIndexed()) {","if (true) {","org/apache/commons/beanutils/DynaProperty.java"
"bean_2211",278,"writeAnyClass(this.contentType,out);","// removed call to writeAnyClass()","org/apache/commons/beanutils/DynaProperty.java"
"bean_2212",282,"out.defaultWriteObject();","// removed call to defaultWriteObject()","org/apache/commons/beanutils/DynaProperty.java"
"bean_2213",920,"while (resolver.hasNested(name)) {","while (false) {","org/apache/commons/beanutils/locale/LocaleBeanUtilsBean.java"
"bean_2214",920,"while (resolver.hasNested(name)) {","while (true) {","org/apache/commons/beanutils/locale/LocaleBeanUtilsBean.java"
"bean_2215",938,"return new Descriptor(target, name, propName, key, index);","return null;","org/apache/commons/beanutils/locale/LocaleBeanUtilsBean.java"
"bean_2216",821,"if (type.isArray() && (index < 0)) { // Scalar value into array","if (false) { // Scalar value into array","org/apache/commons/beanutils/locale/LocaleBeanUtilsBean.java"
"bean_2217",821,"if (type.isArray() && (index < 0)) { // Scalar value into array","if (true) { // Scalar value into array","org/apache/commons/beanutils/locale/LocaleBeanUtilsBean.java"
"bean_2218",821,"if (type.isArray() && (index < 0)) { // Scalar value into array","if (type.isArray() && (index <= 0)) { // Scalar value into array","org/apache/commons/beanutils/locale/LocaleBeanUtilsBean.java"
"bean_2219",821,"if (type.isArray() && (index < 0)) { // Scalar value into array","if (type.isArray() && (false)) { // Scalar value into array","org/apache/commons/beanutils/locale/LocaleBeanUtilsBean.java"
"bean_2220",821,"if (type.isArray() && (index < 0)) { // Scalar value into array","if (type.isArray() && (true)) { // Scalar value into array","org/apache/commons/beanutils/locale/LocaleBeanUtilsBean.java"
"bean_2221",822,"if (value instanceof String) {","if (false) {","org/apache/commons/beanutils/locale/LocaleBeanUtilsBean.java"
"bean_2222",822,"if (value instanceof String) {","if (true) {","org/apache/commons/beanutils/locale/LocaleBeanUtilsBean.java"
"bean_2223",827,"else if (value instanceof String[]) {","else if (false[]) {","org/apache/commons/beanutils/locale/LocaleBeanUtilsBean.java"
"bean_2224",827,"else if (value instanceof String[]) {","else if (true[]) {","org/apache/commons/beanutils/locale/LocaleBeanUtilsBean.java"
"bean_2225",834,"else if (type.isArray()) {         // Indexed value into array","else if (false) {         // Indexed value into array","org/apache/commons/beanutils/locale/LocaleBeanUtilsBean.java"
"bean_2226",834,"else if (type.isArray()) {         // Indexed value into array","else if (true) {         // Indexed value into array","org/apache/commons/beanutils/locale/LocaleBeanUtilsBean.java"
"bean_2227",835,"if (value instanceof String) {","if (false) {","org/apache/commons/beanutils/locale/LocaleBeanUtilsBean.java"
"bean_2228",835,"if (value instanceof String) {","if (true) {","org/apache/commons/beanutils/locale/LocaleBeanUtilsBean.java"
"bean_2229",839,"else if (value instanceof String[]) {","else if (false[]) {","org/apache/commons/beanutils/locale/LocaleBeanUtilsBean.java"
"bean_2230",839,"else if (value instanceof String[]) {","else if (true[]) {","org/apache/commons/beanutils/locale/LocaleBeanUtilsBean.java"
"bean_2231",848,"if (value instanceof String) {","if (false) {","org/apache/commons/beanutils/locale/LocaleBeanUtilsBean.java"
"bean_2232",848,"if (value instanceof String) {","if (true) {","org/apache/commons/beanutils/locale/LocaleBeanUtilsBean.java"
"bean_2233",851,"else if (value instanceof String[]) {","else if (false[]) {","org/apache/commons/beanutils/locale/LocaleBeanUtilsBean.java"
"bean_2234",851,"else if (value instanceof String[]) {","else if (true[]) {","org/apache/commons/beanutils/locale/LocaleBeanUtilsBean.java"
"bean_2235",859,"return newValue;","return null;","org/apache/commons/beanutils/locale/LocaleBeanUtilsBean.java"
"bean_2236",768,"if (type.isArray() && (index < 0)) { // Scalar value into array","if (false) { // Scalar value into array","org/apache/commons/beanutils/locale/LocaleBeanUtilsBean.java"
"bean_2237",768,"if (type.isArray() && (index < 0)) { // Scalar value into array","if (true) { // Scalar value into array","org/apache/commons/beanutils/locale/LocaleBeanUtilsBean.java"
"bean_2238",768,"if (type.isArray() && (index < 0)) { // Scalar value into array","if (type.isArray() && (index <= 0)) { // Scalar value into array","org/apache/commons/beanutils/locale/LocaleBeanUtilsBean.java"
"bean_2239",768,"if (type.isArray() && (index < 0)) { // Scalar value into array","if (type.isArray() && (false)) { // Scalar value into array","org/apache/commons/beanutils/locale/LocaleBeanUtilsBean.java"
"bean_2240",768,"if (type.isArray() && (index < 0)) { // Scalar value into array","if (type.isArray() && (true)) { // Scalar value into array","org/apache/commons/beanutils/locale/LocaleBeanUtilsBean.java"
"bean_2241",769,"if (value instanceof String) {","if (false) {","org/apache/commons/beanutils/locale/LocaleBeanUtilsBean.java"
"bean_2242",769,"if (value instanceof String) {","if (true) {","org/apache/commons/beanutils/locale/LocaleBeanUtilsBean.java"
"bean_2243",774,"else if (value instanceof String[]) {","else if (false[]) {","org/apache/commons/beanutils/locale/LocaleBeanUtilsBean.java"
"bean_2244",774,"else if (value instanceof String[]) {","else if (true[]) {","org/apache/commons/beanutils/locale/LocaleBeanUtilsBean.java"
"bean_2245",781,"else if (type.isArray()) {         // Indexed value into array","else if (false) {         // Indexed value into array","org/apache/commons/beanutils/locale/LocaleBeanUtilsBean.java"
"bean_2246",781,"else if (type.isArray()) {         // Indexed value into array","else if (true) {         // Indexed value into array","org/apache/commons/beanutils/locale/LocaleBeanUtilsBean.java"
"bean_2247",782,"if (value instanceof String) {","if (false) {","org/apache/commons/beanutils/locale/LocaleBeanUtilsBean.java"
"bean_2248",782,"if (value instanceof String) {","if (true) {","org/apache/commons/beanutils/locale/LocaleBeanUtilsBean.java"
"bean_2249",786,"else if (value instanceof String[]) {","else if (false[]) {","org/apache/commons/beanutils/locale/LocaleBeanUtilsBean.java"
"bean_2250",786,"else if (value instanceof String[]) {","else if (true[]) {","org/apache/commons/beanutils/locale/LocaleBeanUtilsBean.java"
"bean_2251",795,"if (value instanceof String) {","if (false) {","org/apache/commons/beanutils/locale/LocaleBeanUtilsBean.java"
"bean_2252",795,"if (value instanceof String) {","if (true) {","org/apache/commons/beanutils/locale/LocaleBeanUtilsBean.java"
"bean_2253",798,"else if (value instanceof String[]) {","else if (false[]) {","org/apache/commons/beanutils/locale/LocaleBeanUtilsBean.java"
"bean_2254",798,"else if (value instanceof String[]) {","else if (true[]) {","org/apache/commons/beanutils/locale/LocaleBeanUtilsBean.java"
"bean_2255",806,"return newValue;","return null;","org/apache/commons/beanutils/locale/LocaleBeanUtilsBean.java"
"bean_2256",715,"if (target instanceof DynaBean) {","if (false) {","org/apache/commons/beanutils/locale/LocaleBeanUtilsBean.java"
"bean_2257",715,"if (target instanceof DynaBean) {","if (true) {","org/apache/commons/beanutils/locale/LocaleBeanUtilsBean.java"
"bean_2258",718,"if (dynaProperty == null) {","if (false) {","org/apache/commons/beanutils/locale/LocaleBeanUtilsBean.java"
"bean_2259",718,"if (dynaProperty == null) {","if (true) {","org/apache/commons/beanutils/locale/LocaleBeanUtilsBean.java"
"bean_2260",728,"if (descriptor == null) {","if (false) {","org/apache/commons/beanutils/locale/LocaleBeanUtilsBean.java"
"bean_2261",728,"if (descriptor == null) {","if (true) {","org/apache/commons/beanutils/locale/LocaleBeanUtilsBean.java"
"bean_2262",735,"if (descriptor instanceof MappedPropertyDescriptor) {","if (false) {","org/apache/commons/beanutils/locale/LocaleBeanUtilsBean.java"
"bean_2263",735,"if (descriptor instanceof MappedPropertyDescriptor) {","if (true) {","org/apache/commons/beanutils/locale/LocaleBeanUtilsBean.java"
"bean_2264",739,"else if (descriptor instanceof IndexedPropertyDescriptor) {","else if (false) {","org/apache/commons/beanutils/locale/LocaleBeanUtilsBean.java"
"bean_2265",739,"else if (descriptor instanceof IndexedPropertyDescriptor) {","else if (true) {","org/apache/commons/beanutils/locale/LocaleBeanUtilsBean.java"
"bean_2266",747,"return type;","return null;","org/apache/commons/beanutils/locale/LocaleBeanUtilsBean.java"
"bean_2267",163,"return getLocaleConvertUtils().getApplyLocalized();","return false;","org/apache/commons/beanutils/locale/LocaleBeanUtilsBean.java"
"bean_2268",163,"return getLocaleConvertUtils().getApplyLocalized();","return true;","org/apache/commons/beanutils/locale/LocaleBeanUtilsBean.java"
"bean_2269",140,"return getLocaleConvertUtils().getDefaultLocale();","return null;","org/apache/commons/beanutils/locale/LocaleBeanUtilsBean.java"
"bean_2270",242,"return getIndexedProperty(bean, name, null);","return """";","org/apache/commons/beanutils/locale/LocaleBeanUtilsBean.java"
"bean_2271",297,"return getIndexedProperty(bean, name, index, null);","return """";","org/apache/commons/beanutils/locale/LocaleBeanUtilsBean.java"
"bean_2272",270,"return getLocaleConvertUtils().convert(value, pattern);","return """";","org/apache/commons/beanutils/locale/LocaleBeanUtilsBean.java"
"bean_2273",211,"return getLocaleConvertUtils().convert(value, pattern);","return """";","org/apache/commons/beanutils/locale/LocaleBeanUtilsBean.java"
"bean_2274",68,"return LOCALE_BEANS_BY_CLASSLOADER.get();","return null;","org/apache/commons/beanutils/locale/LocaleBeanUtilsBean.java"
"bean_2275",131,"return localeConvertUtils;","return null;","org/apache/commons/beanutils/locale/LocaleBeanUtilsBean.java"
"bean_2276",473,"return getMappedPropertyLocale(bean, name, null);","return """";","org/apache/commons/beanutils/locale/LocaleBeanUtilsBean.java"
"bean_2277",406,"return getMappedProperty(bean, name, key, null);","return """";","org/apache/commons/beanutils/locale/LocaleBeanUtilsBean.java"
"bean_2278",379,"return getLocaleConvertUtils().convert(value, pattern);","return """";","org/apache/commons/beanutils/locale/LocaleBeanUtilsBean.java"
"bean_2279",441,"return getLocaleConvertUtils().convert(value, pattern);","return """";","org/apache/commons/beanutils/locale/LocaleBeanUtilsBean.java"
"bean_2280",533,"return getNestedProperty(bean, name, null);","return """";","org/apache/commons/beanutils/locale/LocaleBeanUtilsBean.java"
"bean_2281",505,"return getLocaleConvertUtils().convert(value, pattern);","return """";","org/apache/commons/beanutils/locale/LocaleBeanUtilsBean.java"
"bean_2282",588,"return getNestedProperty(bean, name);","return """";","org/apache/commons/beanutils/locale/LocaleBeanUtilsBean.java"
"bean_2283",560,"return getNestedProperty(bean, name, pattern);","return """";","org/apache/commons/beanutils/locale/LocaleBeanUtilsBean.java"
"bean_2284",346,"return getSimpleProperty(bean, name, null);","return """";","org/apache/commons/beanutils/locale/LocaleBeanUtilsBean.java"
"bean_2285",322,"return getLocaleConvertUtils().convert(value, pattern);","return """";","org/apache/commons/beanutils/locale/LocaleBeanUtilsBean.java"
"bean_2286",880,"if (index >= 0) {","if (index > 0) {","org/apache/commons/beanutils/locale/LocaleBeanUtilsBean.java"
"bean_2287",880,"if (index >= 0) {","if (false) {","org/apache/commons/beanutils/locale/LocaleBeanUtilsBean.java"
"bean_2288",880,"if (index >= 0) {","if (true) {","org/apache/commons/beanutils/locale/LocaleBeanUtilsBean.java"
"bean_2289",881,"getPropertyUtils().setIndexedProperty(target, propName,","getPropertyUtils().setIndexedProperty(target, propName,  // removed call to setIndexedProperty()","org/apache/commons/beanutils/locale/LocaleBeanUtilsBean.java"
"bean_2290",884,"else if (key != null) {","else if (false) {","org/apache/commons/beanutils/locale/LocaleBeanUtilsBean.java"
"bean_2291",884,"else if (key != null) {","else if (true) {","org/apache/commons/beanutils/locale/LocaleBeanUtilsBean.java"
"bean_2292",885,"getPropertyUtils().setMappedProperty(target, propName,","getPropertyUtils().setMappedProperty(target, propName,  // removed call to setMappedProperty()","org/apache/commons/beanutils/locale/LocaleBeanUtilsBean.java"
"bean_2293",889,"getPropertyUtils().setProperty(target, propName, newValue);","getPropertyUtils().  // removed call to setProperty()","org/apache/commons/beanutils/locale/LocaleBeanUtilsBean.java"
"bean_2294",175,"getLocaleConvertUtils().setApplyLocalized(newApplyLocalized);","getLocaleConvertUtils().  // removed call to setApplyLocalized()","org/apache/commons/beanutils/locale/LocaleBeanUtilsBean.java"
"bean_2295",151,"getLocaleConvertUtils().setDefaultLocale(locale);","getLocaleConvertUtils().  // removed call to setDefaultLocale()","org/apache/commons/beanutils/locale/LocaleBeanUtilsBean.java"
"bean_2296",79,"LOCALE_BEANS_BY_CLASSLOADER.set(newInstance);","// removed call to set()","org/apache/commons/beanutils/locale/LocaleBeanUtilsBean.java"
"bean_2297",611,"setProperty(bean, name, value, null);","// removed call to setProperty()","org/apache/commons/beanutils/locale/LocaleBeanUtilsBean.java"
"bean_2298",645,"if (value == null) {","if (false) {","org/apache/commons/beanutils/locale/LocaleBeanUtilsBean.java"
"bean_2299",645,"if (value == null) {","if (true) {","org/apache/commons/beanutils/locale/LocaleBeanUtilsBean.java"
"bean_2300",648,"else if (value instanceof String) {","else if (false) {","org/apache/commons/beanutils/locale/LocaleBeanUtilsBean.java"
"bean_2301",648,"else if (value instanceof String) {","else if (true) {","org/apache/commons/beanutils/locale/LocaleBeanUtilsBean.java"
"bean_2302",651,"else if (value instanceof String[]) {","else if (false[]) {","org/apache/commons/beanutils/locale/LocaleBeanUtilsBean.java"
"bean_2303",651,"else if (value instanceof String[]) {","else if (true[]) {","org/apache/commons/beanutils/locale/LocaleBeanUtilsBean.java"
"bean_2304",654,"for (int i = 0; i < values.length; i++) {","for (int i = 0; i <= values.length; i++) {","org/apache/commons/beanutils/locale/LocaleBeanUtilsBean.java"
"bean_2305",654,"for (int i = 0; i < values.length; i++) {","for (int i = 0; false; i++) {","org/apache/commons/beanutils/locale/LocaleBeanUtilsBean.java"
"bean_2306",654,"for (int i = 0; i < values.length; i++) {","for (int i = 0; true; i++) {","org/apache/commons/beanutils/locale/LocaleBeanUtilsBean.java"
"bean_2307",655,"if (i > 0) {","if (i >= 0) {","org/apache/commons/beanutils/locale/LocaleBeanUtilsBean.java"
"bean_2308",655,"if (i > 0) {","if (false) {","org/apache/commons/beanutils/locale/LocaleBeanUtilsBean.java"
"bean_2309",655,"if (i > 0) {","if (true) {","org/apache/commons/beanutils/locale/LocaleBeanUtilsBean.java"
"bean_2310",672,"while (resolver.hasNested(name)) {","while (false) {","org/apache/commons/beanutils/locale/LocaleBeanUtilsBean.java"
"bean_2311",672,"while (resolver.hasNested(name)) {","while (true) {","org/apache/commons/beanutils/locale/LocaleBeanUtilsBean.java"
"bean_2312",691,"if (type != null) {","if (false) {","org/apache/commons/beanutils/locale/LocaleBeanUtilsBean.java"
"bean_2313",691,"if (type != null) {","if (true) {","org/apache/commons/beanutils/locale/LocaleBeanUtilsBean.java"
"bean_2314",693,"invokeSetter(target, propName, key, index, newValue);","// removed call to invokeSetter()","org/apache/commons/beanutils/locale/LocaleBeanUtilsBean.java"
"bean_2315",58,"return new LocaleBeanUtilsBean();","return null;","org/apache/commons/beanutils/locale/LocaleBeanUtilsBean.java"
"bean_2316",966,"setTarget(target);","// removed call to setTarget()","org/apache/commons/beanutils/locale/LocaleBeanUtilsBean.java"
"bean_2317",967,"setName(name);","// removed call to setName()","org/apache/commons/beanutils/locale/LocaleBeanUtilsBean.java"
"bean_2318",968,"setPropName(propName);","// removed call to setPropName()","org/apache/commons/beanutils/locale/LocaleBeanUtilsBean.java"
"bean_2319",969,"setKey(key);","// removed call to setKey()","org/apache/commons/beanutils/locale/LocaleBeanUtilsBean.java"
"bean_2320",970,"setIndex(index);","// removed call to setIndex()","org/apache/commons/beanutils/locale/LocaleBeanUtilsBean.java"
"bean_2321",1015,"return index;","return 0;","org/apache/commons/beanutils/locale/LocaleBeanUtilsBean.java"
"bean_2322",997,"return key;","return """";","org/apache/commons/beanutils/locale/LocaleBeanUtilsBean.java"
"bean_2323",1033,"return name;","return """";","org/apache/commons/beanutils/locale/LocaleBeanUtilsBean.java"
"bean_2324",1051,"return propName;","return """";","org/apache/commons/beanutils/locale/LocaleBeanUtilsBean.java"
"bean_2325",979,"return target;","return null;","org/apache/commons/beanutils/locale/LocaleBeanUtilsBean.java"
"bean_2326",314,"if (fast) {","if (false) {","org/apache/commons/beanutils/WeakFastHashMap.java"
"bean_2327",314,"if (fast) {","if (true) {","org/apache/commons/beanutils/WeakFastHashMap.java"
"bean_2328",320,"map.clear();","// removed call to clear()","org/apache/commons/beanutils/WeakFastHashMap.java"
"bean_2329",425,"if (fast) {","if (false) {","org/apache/commons/beanutils/WeakFastHashMap.java"
"bean_2330",425,"if (fast) {","if (true) {","org/apache/commons/beanutils/WeakFastHashMap.java"
"bean_2331",432,"results.setFast(getFast());","results.setFast(getFast());  // removed call to setFast()","org/apache/commons/beanutils/WeakFastHashMap.java"
"bean_2332",433,"return (results);","return null;","org/apache/commons/beanutils/WeakFastHashMap.java"
"bean_2333",487,"return createMap(map);","return Collections.emptyMap();","org/apache/commons/beanutils/WeakFastHashMap.java"
"bean_2334",207,"if (fast) {","if (false) {","org/apache/commons/beanutils/WeakFastHashMap.java"
"bean_2335",207,"if (fast) {","if (true) {","org/apache/commons/beanutils/WeakFastHashMap.java"
"bean_2336",208,"return (map.containsKey(key));","return false;","org/apache/commons/beanutils/WeakFastHashMap.java"
"bean_2337",208,"return (map.containsKey(key));","return true;","org/apache/commons/beanutils/WeakFastHashMap.java"
"bean_2338",211,"return (map.containsKey(key));","return false;","org/apache/commons/beanutils/WeakFastHashMap.java"
"bean_2339",211,"return (map.containsKey(key));","return true;","org/apache/commons/beanutils/WeakFastHashMap.java"
"bean_2340",225,"if (fast) {","if (false) {","org/apache/commons/beanutils/WeakFastHashMap.java"
"bean_2341",225,"if (fast) {","if (true) {","org/apache/commons/beanutils/WeakFastHashMap.java"
"bean_2342",226,"return (map.containsValue(value));","return false;","org/apache/commons/beanutils/WeakFastHashMap.java"
"bean_2343",226,"return (map.containsValue(value));","return true;","org/apache/commons/beanutils/WeakFastHashMap.java"
"bean_2344",229,"return (map.containsValue(value));","return false;","org/apache/commons/beanutils/WeakFastHashMap.java"
"bean_2345",229,"return (map.containsValue(value));","return true;","org/apache/commons/beanutils/WeakFastHashMap.java"
"bean_2346",471,"return new WeakHashMap<K, V>();","return Collections.emptyMap();","org/apache/commons/beanutils/WeakFastHashMap.java"
"bean_2347",475,"return new WeakHashMap<K, V>(capacity);","return Collections.emptyMap();","org/apache/commons/beanutils/WeakFastHashMap.java"
"bean_2348",479,"return new WeakHashMap<K, V>(capacity, factor);","return Collections.emptyMap();","org/apache/commons/beanutils/WeakFastHashMap.java"
"bean_2349",483,"return new WeakHashMap<K, V>(map);","return Collections.emptyMap();","org/apache/commons/beanutils/WeakFastHashMap.java"
"bean_2350",446,"return new EntrySet();","return Collections.emptySet();","org/apache/commons/beanutils/WeakFastHashMap.java"
"bean_2351",340,"if (o == this) {","if (true) {","org/apache/commons/beanutils/WeakFastHashMap.java"
"bean_2352",341,"return (true);","return false;","org/apache/commons/beanutils/WeakFastHashMap.java"
"bean_2353",342,"} else if (!(o instanceof Map)) {","} else if (!(false)) {","org/apache/commons/beanutils/WeakFastHashMap.java"
"bean_2354",342,"} else if (!(o instanceof Map)) {","} else if (!(true)) {","org/apache/commons/beanutils/WeakFastHashMap.java"
"bean_2355",343,"return (false);","return true;","org/apache/commons/beanutils/WeakFastHashMap.java"
"bean_2356",348,"if (fast) {","if (false) {","org/apache/commons/beanutils/WeakFastHashMap.java"
"bean_2357",348,"if (fast) {","if (true) {","org/apache/commons/beanutils/WeakFastHashMap.java"
"bean_2358",349,"if (mo.size() != map.size()) {","if (false) {","org/apache/commons/beanutils/WeakFastHashMap.java"
"bean_2359",349,"if (mo.size() != map.size()) {","if (true) {","org/apache/commons/beanutils/WeakFastHashMap.java"
"bean_2360",350,"return (false);","return true;","org/apache/commons/beanutils/WeakFastHashMap.java"
"bean_2361",355,"if (value == null) {","if (false) {","org/apache/commons/beanutils/WeakFastHashMap.java"
"bean_2362",355,"if (value == null) {","if (true) {","org/apache/commons/beanutils/WeakFastHashMap.java"
"bean_2363",356,"if (!(mo.get(key) == null && mo.containsKey(key))) {","if (!(false && mo.containsKey(key))) {","org/apache/commons/beanutils/WeakFastHashMap.java"
"bean_2364",356,"if (!(mo.get(key) == null && mo.containsKey(key))) {","if (!(true && mo.containsKey(key))) {","org/apache/commons/beanutils/WeakFastHashMap.java"
"bean_2365",356,"if (!(mo.get(key) == null && mo.containsKey(key))) {","if (!(mo.get(key) == null && false)) {","org/apache/commons/beanutils/WeakFastHashMap.java"
"bean_2366",356,"if (!(mo.get(key) == null && mo.containsKey(key))) {","if (!(mo.get(key) == null && true)) {","org/apache/commons/beanutils/WeakFastHashMap.java"
"bean_2367",357,"return (false);","return true;","org/apache/commons/beanutils/WeakFastHashMap.java"
"bean_2368",360,"if (!value.equals(mo.get(key))) {","if (false) {","org/apache/commons/beanutils/WeakFastHashMap.java"
"bean_2369",360,"if (!value.equals(mo.get(key))) {","if (true) {","org/apache/commons/beanutils/WeakFastHashMap.java"
"bean_2370",361,"return (false);","return true;","org/apache/commons/beanutils/WeakFastHashMap.java"
"bean_2371",365,"return (true);","return false;","org/apache/commons/beanutils/WeakFastHashMap.java"
"bean_2372",369,"if (mo.size() != map.size()) {","if (false) {","org/apache/commons/beanutils/WeakFastHashMap.java"
"bean_2373",369,"if (mo.size() != map.size()) {","if (true) {","org/apache/commons/beanutils/WeakFastHashMap.java"
"bean_2374",370,"return (false);","return false;","org/apache/commons/beanutils/WeakFastHashMap.java"
"bean_2375",370,"return (false);","return true;","org/apache/commons/beanutils/WeakFastHashMap.java"
"bean_2376",375,"if (value == null) {","if (false) {","org/apache/commons/beanutils/WeakFastHashMap.java"
"bean_2377",375,"if (value == null) {","if (true) {","org/apache/commons/beanutils/WeakFastHashMap.java"
"bean_2378",376,"if (!(mo.get(key) == null && mo.containsKey(key))) {","if (!(false && mo.containsKey(key))) {","org/apache/commons/beanutils/WeakFastHashMap.java"
"bean_2379",376,"if (!(mo.get(key) == null && mo.containsKey(key))) {","if (!(true && mo.containsKey(key))) {","org/apache/commons/beanutils/WeakFastHashMap.java"
"bean_2380",376,"if (!(mo.get(key) == null && mo.containsKey(key))) {","if (!(mo.get(key) == null && false)) {","org/apache/commons/beanutils/WeakFastHashMap.java"
"bean_2381",376,"if (!(mo.get(key) == null && mo.containsKey(key))) {","if (!(mo.get(key) == null && true)) {","org/apache/commons/beanutils/WeakFastHashMap.java"
"bean_2382",377,"return (false);","return false;","org/apache/commons/beanutils/WeakFastHashMap.java"
"bean_2383",377,"return (false);","return true;","org/apache/commons/beanutils/WeakFastHashMap.java"
"bean_2384",380,"if (!value.equals(mo.get(key))) {","if (false) {","org/apache/commons/beanutils/WeakFastHashMap.java"
"bean_2385",380,"if (!value.equals(mo.get(key))) {","if (true) {","org/apache/commons/beanutils/WeakFastHashMap.java"
"bean_2386",381,"return (false);","return false;","org/apache/commons/beanutils/WeakFastHashMap.java"
"bean_2387",381,"return (false);","return true;","org/apache/commons/beanutils/WeakFastHashMap.java"
"bean_2388",385,"return (true);","return false;","org/apache/commons/beanutils/WeakFastHashMap.java"
"bean_2389",385,"return (true);","return true;","org/apache/commons/beanutils/WeakFastHashMap.java"
"bean_2390",157,"if (fast) {","if (false) {","org/apache/commons/beanutils/WeakFastHashMap.java"
"bean_2391",157,"if (fast) {","if (true) {","org/apache/commons/beanutils/WeakFastHashMap.java"
"bean_2392",158,"return (map.get(key));","return null;","org/apache/commons/beanutils/WeakFastHashMap.java"
"bean_2393",161,"return (map.get(key));","return null;","org/apache/commons/beanutils/WeakFastHashMap.java"
"bean_2394",128,"return (this.fast);","return false;","org/apache/commons/beanutils/WeakFastHashMap.java"
"bean_2395",128,"return (this.fast);","return true;","org/apache/commons/beanutils/WeakFastHashMap.java"
"bean_2396",399,"if (fast) {","if (false) {","org/apache/commons/beanutils/WeakFastHashMap.java"
"bean_2397",399,"if (fast) {","if (true) {","org/apache/commons/beanutils/WeakFastHashMap.java"
"bean_2398",404,"return (h);","return 0;","org/apache/commons/beanutils/WeakFastHashMap.java"
"bean_2399",411,"return (h);","return 0;","org/apache/commons/beanutils/WeakFastHashMap.java"
"bean_2400",189,"if (fast) {","if (false) {","org/apache/commons/beanutils/WeakFastHashMap.java"
"bean_2401",189,"if (fast) {","if (true) {","org/apache/commons/beanutils/WeakFastHashMap.java"
"bean_2402",190,"return (map.isEmpty());","return false;","org/apache/commons/beanutils/WeakFastHashMap.java"
"bean_2403",190,"return (map.isEmpty());","return true;","org/apache/commons/beanutils/WeakFastHashMap.java"
"bean_2404",193,"return (map.isEmpty());","return false;","org/apache/commons/beanutils/WeakFastHashMap.java"
"bean_2405",193,"return (map.isEmpty());","return true;","org/apache/commons/beanutils/WeakFastHashMap.java"
"bean_2406",455,"return new KeySet();","return Collections.emptySet();","org/apache/commons/beanutils/WeakFastHashMap.java"
"bean_2407",251,"if (fast) {","if (false) {","org/apache/commons/beanutils/WeakFastHashMap.java"
"bean_2408",251,"if (fast) {","if (true) {","org/apache/commons/beanutils/WeakFastHashMap.java"
"bean_2409",256,"return (result);","return null;","org/apache/commons/beanutils/WeakFastHashMap.java"
"bean_2410",260,"return (map.put(key, value));","return null;","org/apache/commons/beanutils/WeakFastHashMap.java"
"bean_2411",273,"if (fast) {","if (false) {","org/apache/commons/beanutils/WeakFastHashMap.java"
"bean_2412",273,"if (fast) {","if (true) {","org/apache/commons/beanutils/WeakFastHashMap.java"
"bean_2413",276,"temp.putAll(in);","// removed call to putAll()","org/apache/commons/beanutils/WeakFastHashMap.java"
"bean_2414",281,"map.putAll(in);","// removed call to putAll()","org/apache/commons/beanutils/WeakFastHashMap.java"
"bean_2415",295,"if (fast) {","if (false) {","org/apache/commons/beanutils/WeakFastHashMap.java"
"bean_2416",295,"if (fast) {","if (true) {","org/apache/commons/beanutils/WeakFastHashMap.java"
"bean_2417",300,"return (result);","return null;","org/apache/commons/beanutils/WeakFastHashMap.java"
"bean_2418",304,"return (map.remove(key));","return null;","org/apache/commons/beanutils/WeakFastHashMap.java"
"bean_2419",173,"if (fast) {","if (false) {","org/apache/commons/beanutils/WeakFastHashMap.java"
"bean_2420",173,"if (fast) {","if (true) {","org/apache/commons/beanutils/WeakFastHashMap.java"
"bean_2421",174,"return (map.size());","return 0;","org/apache/commons/beanutils/WeakFastHashMap.java"
"bean_2422",177,"return (map.size());","return 0;","org/apache/commons/beanutils/WeakFastHashMap.java"
"bean_2423",464,"return new Values();","return Collections.emptyList();","org/apache/commons/beanutils/WeakFastHashMap.java"
"bean_2424",508,"if (fast) {","if (false) {","org/apache/commons/beanutils/WeakFastHashMap.java"
"bean_2425",508,"if (fast) {","if (true) {","org/apache/commons/beanutils/WeakFastHashMap.java"
"bean_2426",514,"get(map).clear();","get(map).  // removed call to clear()","org/apache/commons/beanutils/WeakFastHashMap.java"
"bean_2427",586,"if (fast) {","if (false) {","org/apache/commons/beanutils/WeakFastHashMap.java"
"bean_2428",586,"if (fast) {","if (true) {","org/apache/commons/beanutils/WeakFastHashMap.java"
"bean_2429",587,"return get(map).contains(o);","return false;","org/apache/commons/beanutils/WeakFastHashMap.java"
"bean_2430",587,"return get(map).contains(o);","return true;","org/apache/commons/beanutils/WeakFastHashMap.java"
"bean_2431",590,"return get(map).contains(o);","return false;","org/apache/commons/beanutils/WeakFastHashMap.java"
"bean_2432",590,"return get(map).contains(o);","return true;","org/apache/commons/beanutils/WeakFastHashMap.java"
"bean_2433",596,"if (fast) {","if (false) {","org/apache/commons/beanutils/WeakFastHashMap.java"
"bean_2434",596,"if (fast) {","if (true) {","org/apache/commons/beanutils/WeakFastHashMap.java"
"bean_2435",597,"return get(map).containsAll(o);","return false;","org/apache/commons/beanutils/WeakFastHashMap.java"
"bean_2436",597,"return get(map).containsAll(o);","return true;","org/apache/commons/beanutils/WeakFastHashMap.java"
"bean_2437",600,"return get(map).containsAll(o);","return false;","org/apache/commons/beanutils/WeakFastHashMap.java"
"bean_2438",600,"return get(map).containsAll(o);","return true;","org/apache/commons/beanutils/WeakFastHashMap.java"
"bean_2439",628,"if (o == this) {","if (true) {","org/apache/commons/beanutils/WeakFastHashMap.java"
"bean_2440",629,"return true;","return false;","org/apache/commons/beanutils/WeakFastHashMap.java"
"bean_2441",631,"if (fast) {","if (false) {","org/apache/commons/beanutils/WeakFastHashMap.java"
"bean_2442",631,"if (fast) {","if (true) {","org/apache/commons/beanutils/WeakFastHashMap.java"
"bean_2443",632,"return get(map).equals(o);","return false;","org/apache/commons/beanutils/WeakFastHashMap.java"
"bean_2444",632,"return get(map).equals(o);","return true;","org/apache/commons/beanutils/WeakFastHashMap.java"
"bean_2445",635,"return get(map).equals(o);","return false;","org/apache/commons/beanutils/WeakFastHashMap.java"
"bean_2446",635,"return get(map).equals(o);","return true;","org/apache/commons/beanutils/WeakFastHashMap.java"
"bean_2447",642,"if (fast) {","if (false) {","org/apache/commons/beanutils/WeakFastHashMap.java"
"bean_2448",642,"if (fast) {","if (true) {","org/apache/commons/beanutils/WeakFastHashMap.java"
"bean_2449",643,"return get(map).hashCode();","return 0;","org/apache/commons/beanutils/WeakFastHashMap.java"
"bean_2450",646,"return get(map).hashCode();","return 0;","org/apache/commons/beanutils/WeakFastHashMap.java"
"bean_2451",576,"if (fast) {","if (false) {","org/apache/commons/beanutils/WeakFastHashMap.java"
"bean_2452",576,"if (fast) {","if (true) {","org/apache/commons/beanutils/WeakFastHashMap.java"
"bean_2453",577,"return get(map).isEmpty();","return false;","org/apache/commons/beanutils/WeakFastHashMap.java"
"bean_2454",577,"return get(map).isEmpty();","return true;","org/apache/commons/beanutils/WeakFastHashMap.java"
"bean_2455",580,"return get(map).isEmpty();","return false;","org/apache/commons/beanutils/WeakFastHashMap.java"
"bean_2456",580,"return get(map).isEmpty();","return true;","org/apache/commons/beanutils/WeakFastHashMap.java"
"bean_2457",660,"return new CollectionViewIterator();","return null;","org/apache/commons/beanutils/WeakFastHashMap.java"
"bean_2458",520,"if (fast) {","if (false) {","org/apache/commons/beanutils/WeakFastHashMap.java"
"bean_2459",520,"if (fast) {","if (true) {","org/apache/commons/beanutils/WeakFastHashMap.java"
"bean_2460",525,"return r;","return false;","org/apache/commons/beanutils/WeakFastHashMap.java"
"bean_2461",525,"return r;","return true;","org/apache/commons/beanutils/WeakFastHashMap.java"
"bean_2462",529,"return get(map).remove(o);","return false;","org/apache/commons/beanutils/WeakFastHashMap.java"
"bean_2463",529,"return get(map).remove(o);","return true;","org/apache/commons/beanutils/WeakFastHashMap.java"
"bean_2464",535,"if (fast) {","if (false) {","org/apache/commons/beanutils/WeakFastHashMap.java"
"bean_2465",535,"if (fast) {","if (true) {","org/apache/commons/beanutils/WeakFastHashMap.java"
"bean_2466",540,"return r;","return false;","org/apache/commons/beanutils/WeakFastHashMap.java"
"bean_2467",540,"return r;","return true;","org/apache/commons/beanutils/WeakFastHashMap.java"
"bean_2468",544,"return get(map).removeAll(o);","return false;","org/apache/commons/beanutils/WeakFastHashMap.java"
"bean_2469",544,"return get(map).removeAll(o);","return true;","org/apache/commons/beanutils/WeakFastHashMap.java"
"bean_2470",550,"if (fast) {","if (false) {","org/apache/commons/beanutils/WeakFastHashMap.java"
"bean_2471",550,"if (fast) {","if (true) {","org/apache/commons/beanutils/WeakFastHashMap.java"
"bean_2472",555,"return r;","return false;","org/apache/commons/beanutils/WeakFastHashMap.java"
"bean_2473",555,"return r;","return true;","org/apache/commons/beanutils/WeakFastHashMap.java"
"bean_2474",559,"return get(map).retainAll(o);","return false;","org/apache/commons/beanutils/WeakFastHashMap.java"
"bean_2475",559,"return get(map).retainAll(o);","return true;","org/apache/commons/beanutils/WeakFastHashMap.java"
"bean_2476",565,"if (fast) {","if (false) {","org/apache/commons/beanutils/WeakFastHashMap.java"
"bean_2477",565,"if (fast) {","if (true) {","org/apache/commons/beanutils/WeakFastHashMap.java"
"bean_2478",566,"return get(map).size();","return 0;","org/apache/commons/beanutils/WeakFastHashMap.java"
"bean_2479",569,"return get(map).size();","return 0;","org/apache/commons/beanutils/WeakFastHashMap.java"
"bean_2480",616,"if (fast) {","if (false) {","org/apache/commons/beanutils/WeakFastHashMap.java"
"bean_2481",616,"if (fast) {","if (true) {","org/apache/commons/beanutils/WeakFastHashMap.java"
"bean_2482",617,"return get(map).toArray();","return null;","org/apache/commons/beanutils/WeakFastHashMap.java"
"bean_2483",620,"return get(map).toArray();","return null;","org/apache/commons/beanutils/WeakFastHashMap.java"
"bean_2484",606,"if (fast) {","if (false) {","org/apache/commons/beanutils/WeakFastHashMap.java"
"bean_2485",606,"if (fast) {","if (true) {","org/apache/commons/beanutils/WeakFastHashMap.java"
"bean_2486",607,"return get(map).toArray(o);","return null;","org/apache/commons/beanutils/WeakFastHashMap.java"
"bean_2487",610,"return get(map).toArray(o);","return null;","org/apache/commons/beanutils/WeakFastHashMap.java"
"bean_2488",675,"if (expected != map) {","if (false) {","org/apache/commons/beanutils/WeakFastHashMap.java"
"bean_2489",675,"if (expected != map) {","if (true) {","org/apache/commons/beanutils/WeakFastHashMap.java"
"bean_2490",678,"return iterator.hasNext();","return false;","org/apache/commons/beanutils/WeakFastHashMap.java"
"bean_2491",678,"return iterator.hasNext();","return true;","org/apache/commons/beanutils/WeakFastHashMap.java"
"bean_2492",682,"if (expected != map) {","if (false) {","org/apache/commons/beanutils/WeakFastHashMap.java"
"bean_2493",682,"if (expected != map) {","if (true) {","org/apache/commons/beanutils/WeakFastHashMap.java"
"bean_2494",686,"return iteratorNext(lastReturned);","return null;","org/apache/commons/beanutils/WeakFastHashMap.java"
"bean_2495",690,"if (lastReturned == null) {","if (false) {","org/apache/commons/beanutils/WeakFastHashMap.java"
"bean_2496",690,"if (lastReturned == null) {","if (true) {","org/apache/commons/beanutils/WeakFastHashMap.java"
"bean_2497",693,"if (fast) {","if (false) {","org/apache/commons/beanutils/WeakFastHashMap.java"
"bean_2498",693,"if (fast) {","if (true) {","org/apache/commons/beanutils/WeakFastHashMap.java"
"bean_2499",695,"if (expected != map) {","if (false) {","org/apache/commons/beanutils/WeakFastHashMap.java"
"bean_2500",695,"if (expected != map) {","if (true) {","org/apache/commons/beanutils/WeakFastHashMap.java"
"bean_2501",703,"iterator.remove();","// removed call to remove()","org/apache/commons/beanutils/WeakFastHashMap.java"
"bean_2502",750,"return map.entrySet();","return Collections.emptyList();","org/apache/commons/beanutils/WeakFastHashMap.java"
"bean_2503",755,"return entry;","return null;","org/apache/commons/beanutils/WeakFastHashMap.java"
"bean_2504",717,"return map.keySet();","return Collections.emptyList();","org/apache/commons/beanutils/WeakFastHashMap.java"
"bean_2505",722,"return entry.getKey();","return null;","org/apache/commons/beanutils/WeakFastHashMap.java"
"bean_2506",734,"return map.values();","return Collections.emptyList();","org/apache/commons/beanutils/WeakFastHashMap.java"
"bean_2507",739,"return entry.getValue();","return null;","org/apache/commons/beanutils/WeakFastHashMap.java"
"bean_2508",218,"initialise();","// removed call to initialise()","org/apache/commons/beanutils/BeanMap.java"
"bean_2509",342,"if(bean == null) {","if(false) {","org/apache/commons/beanutils/BeanMap.java"
"bean_2510",342,"if(bean == null) {","if(true) {","org/apache/commons/beanutils/BeanMap.java"
"bean_2511",264,"if(bean == null) {","if(false) {","org/apache/commons/beanutils/BeanMap.java"
"bean_2512",264,"if(bean == null) {","if(true) {","org/apache/commons/beanutils/BeanMap.java"
"bean_2513",267,"return newMap;","return null;","org/apache/commons/beanutils/BeanMap.java"
"bean_2514",284,"newMap.setBean(newBean);","// removed call to setBean()","org/apache/commons/beanutils/BeanMap.java"
"bean_2515",298,"while(readableKeys.hasNext()) {","while(false) {","org/apache/commons/beanutils/BeanMap.java"
"bean_2516",298,"while(readableKeys.hasNext()) {","while(true) {","org/apache/commons/beanutils/BeanMap.java"
"bean_2517",300,"if(getWriteMethod(key) != null) {","if(false) {","org/apache/commons/beanutils/BeanMap.java"
"bean_2518",300,"if(getWriteMethod(key) != null) {","if(true) {","org/apache/commons/beanutils/BeanMap.java"
"bean_2519",312,"return newMap;","return null;","org/apache/commons/beanutils/BeanMap.java"
"bean_2520",377,"return method != null;","return false;","org/apache/commons/beanutils/BeanMap.java"
"bean_2521",377,"return method != null;","return true;","org/apache/commons/beanutils/BeanMap.java"
"bean_2522",377,"return method != null;","return true;","org/apache/commons/beanutils/BeanMap.java"
"bean_2523",391,"return super.containsValue(value);","return false;","org/apache/commons/beanutils/BeanMap.java"
"bean_2524",391,"return super.containsValue(value);","return true;","org/apache/commons/beanutils/BeanMap.java"
"bean_2525",875,"return constructor.newInstance( arguments );","return null;","org/apache/commons/beanutils/BeanMap.java"
"bean_2526",880,"if ( transformer != null ) {","if ( false ) {","org/apache/commons/beanutils/BeanMap.java"
"bean_2527",880,"if ( transformer != null ) {","if ( true ) {","org/apache/commons/beanutils/BeanMap.java"
"bean_2528",881,"return transformer.transform( value );","return null;","org/apache/commons/beanutils/BeanMap.java"
"bean_2529",883,"return value;","return null;","org/apache/commons/beanutils/BeanMap.java"
"bean_2530",807,"if ( value != null ) {","if ( false ) {","org/apache/commons/beanutils/BeanMap.java"
"bean_2531",807,"if ( value != null ) {","if ( true ) {","org/apache/commons/beanutils/BeanMap.java"
"bean_2532",809,"if ( types != null && types.length > 0 ) {","if ( false && types.length > 0 ) {","org/apache/commons/beanutils/BeanMap.java"
"bean_2533",809,"if ( types != null && types.length > 0 ) {","if ( true && types.length > 0 ) {","org/apache/commons/beanutils/BeanMap.java"
"bean_2534",809,"if ( types != null && types.length > 0 ) {","if ( types != null && types.length >= 0 ) {","org/apache/commons/beanutils/BeanMap.java"
"bean_2535",809,"if ( types != null && types.length > 0 ) {","if ( types != null && false ) {","org/apache/commons/beanutils/BeanMap.java"
"bean_2536",809,"if ( types != null && types.length > 0 ) {","if ( types != null && true ) {","org/apache/commons/beanutils/BeanMap.java"
"bean_2537",811,"if ( ! paramType.isAssignableFrom( value.getClass() ) ) {","if (false) {","org/apache/commons/beanutils/BeanMap.java"
"bean_2538",811,"if ( ! paramType.isAssignableFrom( value.getClass() ) ) {","if (true) {","org/apache/commons/beanutils/BeanMap.java"
"bean_2539",817,"return answer;","return null;","org/apache/commons/beanutils/BeanMap.java"
"bean_2540",821,"if (BeanUtils.initCause(iae, e) == false) {","if (false) {","org/apache/commons/beanutils/BeanMap.java"
"bean_2541",821,"if (BeanUtils.initCause(iae, e) == false) {","if (true) {","org/apache/commons/beanutils/BeanMap.java"
"bean_2542",822,"logInfo(e);","// removed call to logInfo()","org/apache/commons/beanutils/BeanMap.java"
"bean_2543",828,"if (BeanUtils.initCause(iae, e) == false) {","if (false) {","org/apache/commons/beanutils/BeanMap.java"
"bean_2544",828,"if (BeanUtils.initCause(iae, e) == false) {","if (true) {","org/apache/commons/beanutils/BeanMap.java"
"bean_2545",829,"logInfo(e);","// removed call to logInfo()","org/apache/commons/beanutils/BeanMap.java"
"bean_2546",600,"return new Iterator<Map.Entry<Object, Object>>() {","return null;","org/apache/commons/beanutils/BeanMap.java"
"bean_2547",519,"return Collections.unmodifiableSet(new AbstractSet<Map.Entry<Object, Object>>() {","return Collections.emptySet();","org/apache/commons/beanutils/BeanMap.java"
"bean_2548",411,"if ( bean != null ) {","if ( false ) {","org/apache/commons/beanutils/BeanMap.java"
"bean_2549",411,"if ( bean != null ) {","if ( true ) {","org/apache/commons/beanutils/BeanMap.java"
"bean_2550",413,"if ( method != null ) {","if ( false ) {","org/apache/commons/beanutils/BeanMap.java"
"bean_2551",413,"if ( method != null ) {","if ( true ) {","org/apache/commons/beanutils/BeanMap.java"
"bean_2552",415,"return method.invoke( bean, NULL_ARGUMENTS );","return null;","org/apache/commons/beanutils/BeanMap.java"
"bean_2553",418,"logWarn( e );","// removed call to logWarn()","org/apache/commons/beanutils/BeanMap.java"
"bean_2554",421,"logWarn(  e );","// removed call to logWarn()","org/apache/commons/beanutils/BeanMap.java"
"bean_2555",424,"logWarn(  e );","// removed call to logWarn()","org/apache/commons/beanutils/BeanMap.java"
"bean_2556",427,"logWarn(  e );","// removed call to logWarn()","org/apache/commons/beanutils/BeanMap.java"
"bean_2557",631,"return bean;","return null;","org/apache/commons/beanutils/BeanMap.java"
"bean_2558",678,"return readMethods.get( name );","return null;","org/apache/commons/beanutils/BeanMap.java"
"bean_2559",652,"return readMethods.get(name);","return null;","org/apache/commons/beanutils/BeanMap.java"
"bean_2560",558,"return types.get( name );","return null;","org/apache/commons/beanutils/BeanMap.java"
"bean_2561",895,"return typeTransformers.get( aType );","return null;","org/apache/commons/beanutils/BeanMap.java"
"bean_2562",690,"return writeMethods.get( name );","return null;","org/apache/commons/beanutils/BeanMap.java"
"bean_2563",662,"return writeMethods.get(name);","return null;","org/apache/commons/beanutils/BeanMap.java"
"bean_2564",705,"if(getBean() == null) {","if(false) {","org/apache/commons/beanutils/BeanMap.java"
"bean_2565",705,"if(getBean() == null) {","if(true) {","org/apache/commons/beanutils/BeanMap.java"
"bean_2566",714,"if ( propertyDescriptors != null ) {","if ( false ) {","org/apache/commons/beanutils/BeanMap.java"
"bean_2567",714,"if ( propertyDescriptors != null ) {","if ( true ) {","org/apache/commons/beanutils/BeanMap.java"
"bean_2568",716,"if ( propertyDescriptor != null ) {","if ( false ) {","org/apache/commons/beanutils/BeanMap.java"
"bean_2569",716,"if ( propertyDescriptor != null ) {","if ( true ) {","org/apache/commons/beanutils/BeanMap.java"
"bean_2570",722,"if ( readMethod != null ) {","if ( false ) {","org/apache/commons/beanutils/BeanMap.java"
"bean_2571",722,"if ( readMethod != null ) {","if ( true ) {","org/apache/commons/beanutils/BeanMap.java"
"bean_2572",725,"if ( writeMethod != null ) {","if ( false ) {","org/apache/commons/beanutils/BeanMap.java"
"bean_2573",725,"if ( writeMethod != null ) {","if ( true ) {","org/apache/commons/beanutils/BeanMap.java"
"bean_2574",734,"logWarn(  e );","// removed call to logWarn()","org/apache/commons/beanutils/BeanMap.java"
"bean_2575",569,"return readMethods.keySet().iterator();","return null;","org/apache/commons/beanutils/BeanMap.java"
"bean_2576",507,"return Collections.unmodifiableSet((Set) readMethods.keySet());","return Collections.emptySet();","org/apache/commons/beanutils/BeanMap.java"
"bean_2577",906,"System.out.println( ""INFO: Exception: "" + ex );","// removed call to println()","org/apache/commons/beanutils/BeanMap.java"
"bean_2578",917,"System.out.println( ""WARN: Exception: "" + ex );","// removed call to println()","org/apache/commons/beanutils/BeanMap.java"
"bean_2579",918,"ex.printStackTrace();","// removed call to printStackTrace()","org/apache/commons/beanutils/BeanMap.java"
"bean_2580",448,"if ( bean != null ) {","if ( false ) {","org/apache/commons/beanutils/BeanMap.java"
"bean_2581",448,"if ( bean != null ) {","if ( true ) {","org/apache/commons/beanutils/BeanMap.java"
"bean_2582",451,"if ( method == null ) {","if ( false ) {","org/apache/commons/beanutils/BeanMap.java"
"bean_2583",451,"if ( method == null ) {","if ( true ) {","org/apache/commons/beanutils/BeanMap.java"
"bean_2584",460,"firePropertyChange( name, oldValue, newValue );","// removed call to firePropertyChange()","org/apache/commons/beanutils/BeanMap.java"
"bean_2585",464,"if (BeanUtils.initCause(iae, e) == false) {","if (false) {","org/apache/commons/beanutils/BeanMap.java"
"bean_2586",464,"if (BeanUtils.initCause(iae, e) == false) {","if (true) {","org/apache/commons/beanutils/BeanMap.java"
"bean_2587",465,"logInfo(e);","// removed call to logInfo()","org/apache/commons/beanutils/BeanMap.java"
"bean_2588",471,"if (BeanUtils.initCause(iae, e) == false) {","if (false) {","org/apache/commons/beanutils/BeanMap.java"
"bean_2589",471,"if (BeanUtils.initCause(iae, e) == false) {","if (true) {","org/apache/commons/beanutils/BeanMap.java"
"bean_2590",472,"logInfo(e);","// removed call to logInfo()","org/apache/commons/beanutils/BeanMap.java"
"bean_2591",476,"return oldValue;","return null;","org/apache/commons/beanutils/BeanMap.java"
"bean_2592",323,"while (readableKeys.hasNext()) {","while (false) {","org/apache/commons/beanutils/BeanMap.java"
"bean_2593",323,"while (readableKeys.hasNext()) {","while (true) {","org/apache/commons/beanutils/BeanMap.java"
"bean_2594",325,"if (getWriteMethod(key) != null) {","if (false) {","org/apache/commons/beanutils/BeanMap.java"
"bean_2595",325,"if (getWriteMethod(key) != null) {","if (true) {","org/apache/commons/beanutils/BeanMap.java"
"bean_2596",698,"readMethods.clear();","// removed call to clear()","org/apache/commons/beanutils/BeanMap.java"
"bean_2597",699,"writeMethods.clear();","// removed call to clear()","org/apache/commons/beanutils/BeanMap.java"
"bean_2598",700,"types.clear();","// removed call to clear()","org/apache/commons/beanutils/BeanMap.java"
"bean_2599",701,"initialise();","// removed call to initialise()","org/apache/commons/beanutils/BeanMap.java"
"bean_2600",642,"reinitialise();","// removed call to reinitialise()","org/apache/commons/beanutils/BeanMap.java"
"bean_2601",488,"return readMethods.size();","return 0;","org/apache/commons/beanutils/BeanMap.java"
"bean_2602",230,"return ""BeanMap<"" + String.valueOf(bean) + "">"";","return """";","org/apache/commons/beanutils/BeanMap.java"
"bean_2603",579,"return new Iterator<Object>() {","return null;","org/apache/commons/beanutils/BeanMap.java"
"bean_2604",543,"return Collections.unmodifiableList(answer);","return Collections.emptyList();","org/apache/commons/beanutils/BeanMap.java"
"bean_2605",85,"return typeTransformers.containsKey(key);","return false;","org/apache/commons/beanutils/BeanMap.java"
"bean_2606",85,"return typeTransformers.containsKey(key);","return true;","org/apache/commons/beanutils/BeanMap.java"
"bean_2607",89,"return typeTransformers.containsValue(value);","return false;","org/apache/commons/beanutils/BeanMap.java"
"bean_2608",89,"return typeTransformers.containsValue(value);","return true;","org/apache/commons/beanutils/BeanMap.java"
"bean_2609",93,"return typeTransformers.entrySet();","return Collections.emptySet();","org/apache/commons/beanutils/BeanMap.java"
"bean_2610",97,"return typeTransformers.get(key);","return null;","org/apache/commons/beanutils/BeanMap.java"
"bean_2611",101,"return false;","return true;","org/apache/commons/beanutils/BeanMap.java"
"bean_2612",105,"return typeTransformers.keySet();","return Collections.emptySet();","org/apache/commons/beanutils/BeanMap.java"
"bean_2613",121,"return typeTransformers.size();","return 0;","org/apache/commons/beanutils/BeanMap.java"
"bean_2614",125,"return typeTransformers.values();","return Collections.emptyList();","org/apache/commons/beanutils/BeanMap.java"
"bean_2615",522,"return entryIterator();","return null;","org/apache/commons/beanutils/BeanMap.java"
"bean_2616",526,"return BeanMap.this.readMethods.size();","return 0;","org/apache/commons/beanutils/BeanMap.java"
"bean_2617",581,"return iter.hasNext();","return false;","org/apache/commons/beanutils/BeanMap.java"
"bean_2618",581,"return iter.hasNext();","return true;","org/apache/commons/beanutils/BeanMap.java"
"bean_2619",585,"return get(key);","return null;","org/apache/commons/beanutils/BeanMap.java"
"bean_2620",602,"return iter.hasNext();","return false;","org/apache/commons/beanutils/BeanMap.java"
"bean_2621",602,"return iter.hasNext();","return true;","org/apache/commons/beanutils/BeanMap.java"
"bean_2622",612,"return tmpEntry;","return null;","org/apache/commons/beanutils/BeanMap.java"
"bean_2623",136,"return Boolean.valueOf( input.toString() );","return null;","org/apache/commons/beanutils/BeanMap.java"
"bean_2624",144,"return new Character( input.toString().charAt( 0 ) );","return null;","org/apache/commons/beanutils/BeanMap.java"
"bean_2625",152,"return Byte.valueOf( input.toString() );","return null;","org/apache/commons/beanutils/BeanMap.java"
"bean_2626",160,"return Short.valueOf( input.toString() );","return null;","org/apache/commons/beanutils/BeanMap.java"
"bean_2627",168,"return Integer.valueOf( input.toString() );","return null;","org/apache/commons/beanutils/BeanMap.java"
"bean_2628",176,"return Long.valueOf( input.toString() );","return null;","org/apache/commons/beanutils/BeanMap.java"
"bean_2629",184,"return Float.valueOf( input.toString() );","return null;","org/apache/commons/beanutils/BeanMap.java"
"bean_2630",192,"return Double.valueOf( input.toString() );","return null;","org/apache/commons/beanutils/BeanMap.java"
"bean_2631",785,"return oldValue;","return null;","org/apache/commons/beanutils/BeanMap.java"
"bean_2632",102,"setDefaultValue(defaultValue);","// removed call to setDefaultValue()","org/apache/commons/beanutils/converters/AbstractConverter.java"
"bean_2633",474,"return new ConversionException(""Can't convert value '"" + value","return null;","org/apache/commons/beanutils/converters/AbstractConverter.java"
"bean_2634",132,"if (type == null) {","if (false) {","org/apache/commons/beanutils/converters/AbstractConverter.java"
"bean_2635",132,"if (type == null) {","if (true) {","org/apache/commons/beanutils/converters/AbstractConverter.java"
"bean_2636",133,"return convertToDefaultType(type, value);","return null;","org/apache/commons/beanutils/converters/AbstractConverter.java"
"bean_2637",136,"Class<?> sourceType  = value == null ? null : value.getClass();","false?> sourceType  = value == null ? null : value.getClass();","org/apache/commons/beanutils/converters/AbstractConverter.java"
"bean_2638",136,"Class<?> sourceType  = value == null ? null : value.getClass();","true?> sourceType  = value == null ? null : value.getClass();","org/apache/commons/beanutils/converters/AbstractConverter.java"
"bean_2639",141,"+ (value == null ? """" : "" '"" + toString(sourceType) + ""'"")","+ (false ? """" : "" '"" + toString(sourceType) + ""'"")","org/apache/commons/beanutils/converters/AbstractConverter.java"
"bean_2640",141,"+ (value == null ? """" : "" '"" + toString(sourceType) + ""'"")","+ (true ? """" : "" '"" + toString(sourceType) + ""'"")","org/apache/commons/beanutils/converters/AbstractConverter.java"
"bean_2641",148,"if (value == null) {","if (false) {","org/apache/commons/beanutils/converters/AbstractConverter.java"
"bean_2642",148,"if (value == null) {","if (true) {","org/apache/commons/beanutils/converters/AbstractConverter.java"
"bean_2643",149,"return handleMissing(targetType);","return null;","org/apache/commons/beanutils/converters/AbstractConverter.java"
"bean_2644",156,"if (targetType.equals(String.class)) {","if (false) {","org/apache/commons/beanutils/converters/AbstractConverter.java"
"bean_2645",156,"if (targetType.equals(String.class)) {","if (true) {","org/apache/commons/beanutils/converters/AbstractConverter.java"
"bean_2646",157,"return targetType.cast(convertToString(value));","return null;","org/apache/commons/beanutils/converters/AbstractConverter.java"
"bean_2647",160,"} else if (targetType.equals(sourceType)) {","} else if (false) {","org/apache/commons/beanutils/converters/AbstractConverter.java"
"bean_2648",160,"} else if (targetType.equals(sourceType)) {","} else if (true) {","org/apache/commons/beanutils/converters/AbstractConverter.java"
"bean_2649",165,"return targetType.cast(value);","return null;","org/apache/commons/beanutils/converters/AbstractConverter.java"
"bean_2650",174,"return targetType.cast(result);","return null;","org/apache/commons/beanutils/converters/AbstractConverter.java"
"bean_2651",177,"return handleError(targetType, value, t);","return null;","org/apache/commons/beanutils/converters/AbstractConverter.java"
"bean_2652",224,"if (value == null) {","if (false) {","org/apache/commons/beanutils/converters/AbstractConverter.java"
"bean_2653",224,"if (value == null) {","if (true) {","org/apache/commons/beanutils/converters/AbstractConverter.java"
"bean_2654",227,"if (value.getClass().isArray()) {","if (false) {","org/apache/commons/beanutils/converters/AbstractConverter.java"
"bean_2655",227,"if (value.getClass().isArray()) {","if (true) {","org/apache/commons/beanutils/converters/AbstractConverter.java"
"bean_2656",228,"if (Array.getLength(value) > 0) {","if (Array.getLength(value) >= 0) {","org/apache/commons/beanutils/converters/AbstractConverter.java"
"bean_2657",228,"if (Array.getLength(value) > 0) {","if (false) {","org/apache/commons/beanutils/converters/AbstractConverter.java"
"bean_2658",228,"if (Array.getLength(value) > 0) {","if (true) {","org/apache/commons/beanutils/converters/AbstractConverter.java"
"bean_2659",229,"return Array.get(value, 0);","return null;","org/apache/commons/beanutils/converters/AbstractConverter.java"
"bean_2660",234,"if (value instanceof Collection) {","if (false) {","org/apache/commons/beanutils/converters/AbstractConverter.java"
"bean_2661",234,"if (value instanceof Collection) {","if (true) {","org/apache/commons/beanutils/converters/AbstractConverter.java"
"bean_2662",236,"if (collection.size() > 0) {","if (collection.size() >= 0) {","org/apache/commons/beanutils/converters/AbstractConverter.java"
"bean_2663",236,"if (collection.size() > 0) {","if (false) {","org/apache/commons/beanutils/converters/AbstractConverter.java"
"bean_2664",236,"if (collection.size() > 0) {","if (true) {","org/apache/commons/beanutils/converters/AbstractConverter.java"
"bean_2665",237,"return collection.iterator().next();","return null;","org/apache/commons/beanutils/converters/AbstractConverter.java"
"bean_2666",242,"return value;","return null;","org/apache/commons/beanutils/converters/AbstractConverter.java"
"bean_2667",461,"return result;","return null;","org/apache/commons/beanutils/converters/AbstractConverter.java"
"bean_2668",195,"return value.toString();","return """";","org/apache/commons/beanutils/converters/AbstractConverter.java"
"bean_2669",377,"if (type.equals(String.class)) {","if (false) {","org/apache/commons/beanutils/converters/AbstractConverter.java"
"bean_2670",377,"if (type.equals(String.class)) {","if (true) {","org/apache/commons/beanutils/converters/AbstractConverter.java"
"bean_2671",380,"return defaultValue;","return null;","org/apache/commons/beanutils/converters/AbstractConverter.java"
"bean_2672",261,"if (cause instanceof ConversionException) {","if (false) {","org/apache/commons/beanutils/converters/AbstractConverter.java"
"bean_2673",261,"if (cause instanceof ConversionException) {","if (true) {","org/apache/commons/beanutils/converters/AbstractConverter.java"
"bean_2674",268,"if (useDefault) {","if (false) {","org/apache/commons/beanutils/converters/AbstractConverter.java"
"bean_2675",268,"if (useDefault) {","if (true) {","org/apache/commons/beanutils/converters/AbstractConverter.java"
"bean_2676",269,"return handleMissing(type);","return null;","org/apache/commons/beanutils/converters/AbstractConverter.java"
"bean_2677",273,"if (cause instanceof ConversionException) {","if (false) {","org/apache/commons/beanutils/converters/AbstractConverter.java"
"bean_2678",273,"if (cause instanceof ConversionException) {","if (true) {","org/apache/commons/beanutils/converters/AbstractConverter.java"
"bean_2679",308,"if (useDefault || type.equals(String.class)) {","if (useDefault || false) {","org/apache/commons/beanutils/converters/AbstractConverter.java"
"bean_2680",308,"if (useDefault || type.equals(String.class)) {","if (useDefault || true) {","org/apache/commons/beanutils/converters/AbstractConverter.java"
"bean_2681",308,"if (useDefault || type.equals(String.class)) {","if (false) {","org/apache/commons/beanutils/converters/AbstractConverter.java"
"bean_2682",308,"if (useDefault || type.equals(String.class)) {","if (true) {","org/apache/commons/beanutils/converters/AbstractConverter.java"
"bean_2683",310,"if (useDefault && value != null && !(type.equals(value.getClass()))) {","if (useDefault && false && !(type.equals(value.getClass()))) {","org/apache/commons/beanutils/converters/AbstractConverter.java"
"bean_2684",310,"if (useDefault && value != null && !(type.equals(value.getClass()))) {","if (useDefault && true && !(type.equals(value.getClass()))) {","org/apache/commons/beanutils/converters/AbstractConverter.java"
"bean_2685",310,"if (useDefault && value != null && !(type.equals(value.getClass()))) {","if (useDefault && value != null && !(false)) {","org/apache/commons/beanutils/converters/AbstractConverter.java"
"bean_2686",310,"if (useDefault && value != null && !(type.equals(value.getClass()))) {","if (useDefault && value != null && !(true)) {","org/apache/commons/beanutils/converters/AbstractConverter.java"
"bean_2687",310,"if (useDefault && value != null && !(type.equals(value.getClass()))) {","if (false) {","org/apache/commons/beanutils/converters/AbstractConverter.java"
"bean_2688",310,"if (useDefault && value != null && !(type.equals(value.getClass()))) {","if (true) {","org/apache/commons/beanutils/converters/AbstractConverter.java"
"bean_2689",320,"+ (value == null ? """" : toString(value.getClass()) + "" "")","+ (false ? """" : toString(value.getClass()) + "" "")","org/apache/commons/beanutils/converters/AbstractConverter.java"
"bean_2690",320,"+ (value == null ? """" : toString(value.getClass()) + "" "")","+ (true ? """" : toString(value.getClass()) + "" "")","org/apache/commons/beanutils/converters/AbstractConverter.java"
"bean_2691",324,"return type.cast(value);","return null;","org/apache/commons/beanutils/converters/AbstractConverter.java"
"bean_2692",116,"return useDefault;","return false;","org/apache/commons/beanutils/converters/AbstractConverter.java"
"bean_2693",116,"return useDefault;","return true;","org/apache/commons/beanutils/converters/AbstractConverter.java"
"bean_2694",407,"if (log == null) {","if (false) {","org/apache/commons/beanutils/converters/AbstractConverter.java"
"bean_2695",407,"if (log == null) {","if (true) {","org/apache/commons/beanutils/converters/AbstractConverter.java"
"bean_2696",410,"return log;","return null;","org/apache/commons/beanutils/converters/AbstractConverter.java"
"bean_2697",355,"if (defaultValue == null) {","if (false) {","org/apache/commons/beanutils/converters/AbstractConverter.java"
"bean_2698",355,"if (defaultValue == null) {","if (true) {","org/apache/commons/beanutils/converters/AbstractConverter.java"
"bean_2699",391,"return toString(getClass()) + ""[UseDefault="" + useDefault + ""]"";","return """";","org/apache/commons/beanutils/converters/AbstractConverter.java"
"bean_2700",420,"if (type == null) {","if (false) {","org/apache/commons/beanutils/converters/AbstractConverter.java"
"bean_2701",420,"if (type == null) {","if (true) {","org/apache/commons/beanutils/converters/AbstractConverter.java"
"bean_2702",422,"} else if (type.isArray()) {","} else if (false) {","org/apache/commons/beanutils/converters/AbstractConverter.java"
"bean_2703",422,"} else if (type.isArray()) {","} else if (true) {","org/apache/commons/beanutils/converters/AbstractConverter.java"
"bean_2704",425,"while (elementType.isArray()) {","while (false) {","org/apache/commons/beanutils/converters/AbstractConverter.java"
"bean_2705",425,"while (elementType.isArray()) {","while (true) {","org/apache/commons/beanutils/converters/AbstractConverter.java"
"bean_2706",427,"count++;","count--;","org/apache/commons/beanutils/converters/AbstractConverter.java"
"bean_2707",430,"for (int i = 0; i < count; i++) {","for (int i = 0; i <= count; i++) {","org/apache/commons/beanutils/converters/AbstractConverter.java"
"bean_2708",430,"for (int i = 0; i < count; i++) {","for (int i = 0; false; i++) {","org/apache/commons/beanutils/converters/AbstractConverter.java"
"bean_2709",430,"for (int i = 0; i < count; i++) {","for (int i = 0; true; i++) {","org/apache/commons/beanutils/converters/AbstractConverter.java"
"bean_2710",436,"if (typeName.startsWith(""java.lang."") ||","if (false) ||","org/apache/commons/beanutils/converters/AbstractConverter.java"
"bean_2711",436,"if (typeName.startsWith(""java.lang."") ||","if (true) ||","org/apache/commons/beanutils/converters/AbstractConverter.java"
"bean_2712",440,"} else if (typeName.startsWith(PACKAGE)) {","} else if (false) {","org/apache/commons/beanutils/converters/AbstractConverter.java"
"bean_2713",440,"} else if (typeName.startsWith(PACKAGE)) {","} else if (true) {","org/apache/commons/beanutils/converters/AbstractConverter.java"
"bean_2714",443,"return typeName;","return """";","org/apache/commons/beanutils/converters/AbstractConverter.java"
"bean_2715",151,"if (defaultType == null) {","if (false) {","org/apache/commons/beanutils/converters/ArrayConverter.java"
"bean_2716",151,"if (defaultType == null) {","if (true) {","org/apache/commons/beanutils/converters/ArrayConverter.java"
"bean_2717",154,"if (!defaultType.isArray()) {","if (false) {","org/apache/commons/beanutils/converters/ArrayConverter.java"
"bean_2718",154,"if (!defaultType.isArray()) {","if (true) {","org/apache/commons/beanutils/converters/ArrayConverter.java"
"bean_2719",157,"if (elementConverter == null) {","if (false) {","org/apache/commons/beanutils/converters/ArrayConverter.java"
"bean_2720",157,"if (elementConverter == null) {","if (true) {","org/apache/commons/beanutils/converters/ArrayConverter.java"
"bean_2721",180,"if (defaultSize >= 0) {","if (defaultSize > 0) {","org/apache/commons/beanutils/converters/ArrayConverter.java"
"bean_2722",180,"if (defaultSize >= 0) {","if (false) {","org/apache/commons/beanutils/converters/ArrayConverter.java"
"bean_2723",180,"if (defaultSize >= 0) {","if (true) {","org/apache/commons/beanutils/converters/ArrayConverter.java"
"bean_2724",183,"setDefaultValue(defaultValue);","// removed call to setDefaultValue()","org/apache/commons/beanutils/converters/ArrayConverter.java"
"bean_2725",332,"return value;","return null;","org/apache/commons/beanutils/converters/ArrayConverter.java"
"bean_2726",357,"if (value instanceof Collection) {","if (false) {","org/apache/commons/beanutils/converters/ArrayConverter.java"
"bean_2727",357,"if (value instanceof Collection) {","if (true) {","org/apache/commons/beanutils/converters/ArrayConverter.java"
"bean_2728",358,"return (Collection<?>)value;","return Collections.emptyList();","org/apache/commons/beanutils/converters/ArrayConverter.java"
"bean_2729",360,"if (value instanceof Number ||","if (false ||","org/apache/commons/beanutils/converters/ArrayConverter.java"
"bean_2730",360,"if (value instanceof Number ||","if (true ||","org/apache/commons/beanutils/converters/ArrayConverter.java"
"bean_2731",365,"return list;","return Collections.emptyList();","org/apache/commons/beanutils/converters/ArrayConverter.java"
"bean_2732",368,"return parseElements(type, value.toString());","return Collections.emptyList();","org/apache/commons/beanutils/converters/ArrayConverter.java"
"bean_2733",241,"if (type.isArray()) {","if (false) {","org/apache/commons/beanutils/converters/ArrayConverter.java"
"bean_2734",241,"if (type.isArray()) {","if (true) {","org/apache/commons/beanutils/converters/ArrayConverter.java"
"bean_2735",249,"if (size == 0) {","if (false) {","org/apache/commons/beanutils/converters/ArrayConverter.java"
"bean_2736",249,"if (size == 0) {","if (true) {","org/apache/commons/beanutils/converters/ArrayConverter.java"
"bean_2737",250,"return (String)getDefault(String.class);","return """";","org/apache/commons/beanutils/converters/ArrayConverter.java"
"bean_2738",253,"if (onlyFirstToString) {","if (false) {","org/apache/commons/beanutils/converters/ArrayConverter.java"
"bean_2739",253,"if (onlyFirstToString) {","if (true) {","org/apache/commons/beanutils/converters/ArrayConverter.java"
"bean_2740",259,"for (int i = 0; i < size; i++) {","for (int i = 0; i <= size; i++) {","org/apache/commons/beanutils/converters/ArrayConverter.java"
"bean_2741",259,"for (int i = 0; i < size; i++) {","for (int i = 0; false; i++) {","org/apache/commons/beanutils/converters/ArrayConverter.java"
"bean_2742",259,"for (int i = 0; i < size; i++) {","for (int i = 0; true; i++) {","org/apache/commons/beanutils/converters/ArrayConverter.java"
"bean_2743",260,"if (i > 0) {","if (i >= 0) {","org/apache/commons/beanutils/converters/ArrayConverter.java"
"bean_2744",260,"if (i > 0) {","if (false) {","org/apache/commons/beanutils/converters/ArrayConverter.java"
"bean_2745",260,"if (i > 0) {","if (true) {","org/apache/commons/beanutils/converters/ArrayConverter.java"
"bean_2746",263,"Object element = iterator == null ? Array.get(value, i) : iterator.next();","Object element = false ? Array.get(value, i) : iterator.next();","org/apache/commons/beanutils/converters/ArrayConverter.java"
"bean_2747",263,"Object element = iterator == null ? Array.get(value, i) : iterator.next();","Object element = true ? Array.get(value, i) : iterator.next();","org/apache/commons/beanutils/converters/ArrayConverter.java"
"bean_2748",265,"if (element != null) {","if (false) {","org/apache/commons/beanutils/converters/ArrayConverter.java"
"bean_2749",265,"if (element != null) {","if (true) {","org/apache/commons/beanutils/converters/ArrayConverter.java"
"bean_2750",270,"return buffer.toString();","return """";","org/apache/commons/beanutils/converters/ArrayConverter.java"
"bean_2751",286,"if (!type.isArray()) {","if (false) {","org/apache/commons/beanutils/converters/ArrayConverter.java"
"bean_2752",286,"if (!type.isArray()) {","if (true) {","org/apache/commons/beanutils/converters/ArrayConverter.java"
"bean_2753",295,"if (value.getClass().isArray()) {","if (false) {","org/apache/commons/beanutils/converters/ArrayConverter.java"
"bean_2754",295,"if (value.getClass().isArray()) {","if (true) {","org/apache/commons/beanutils/converters/ArrayConverter.java"
"bean_2755",308,"for (int i = 0; i < size; i++) {","for (int i = 0; i <= size; i++) {","org/apache/commons/beanutils/converters/ArrayConverter.java"
"bean_2756",308,"for (int i = 0; i < size; i++) {","for (int i = 0; false; i++) {","org/apache/commons/beanutils/converters/ArrayConverter.java"
"bean_2757",308,"for (int i = 0; i < size; i++) {","for (int i = 0; true; i++) {","org/apache/commons/beanutils/converters/ArrayConverter.java"
"bean_2758",309,"Object element = iterator == null ? Array.get(value, i) : iterator.next();","Object element = false ? Array.get(value, i) : iterator.next();","org/apache/commons/beanutils/converters/ArrayConverter.java"
"bean_2759",309,"Object element = iterator == null ? Array.get(value, i) : iterator.next();","Object element = true ? Array.get(value, i) : iterator.next();","org/apache/commons/beanutils/converters/ArrayConverter.java"
"bean_2760",313,"Array.set(newArray, i, element);","// removed call to set()","org/apache/commons/beanutils/converters/ArrayConverter.java"
"bean_2761",321,"return result;","return null;","org/apache/commons/beanutils/converters/ArrayConverter.java"
"bean_2762",379,"if (type.equals(String.class)) {","if (false) {","org/apache/commons/beanutils/converters/ArrayConverter.java"
"bean_2763",379,"if (type.equals(String.class)) {","if (true) {","org/apache/commons/beanutils/converters/ArrayConverter.java"
"bean_2764",384,"if (defaultValue == null) {","if (false) {","org/apache/commons/beanutils/converters/ArrayConverter.java"
"bean_2765",384,"if (defaultValue == null) {","if (true) {","org/apache/commons/beanutils/converters/ArrayConverter.java"
"bean_2766",388,"if (defaultValue.getClass().equals(type)) {","if (false) {","org/apache/commons/beanutils/converters/ArrayConverter.java"
"bean_2767",388,"if (defaultValue.getClass().equals(type)) {","if (true) {","org/apache/commons/beanutils/converters/ArrayConverter.java"
"bean_2768",389,"return defaultValue;","return null;","org/apache/commons/beanutils/converters/ArrayConverter.java"
"bean_2769",391,"return Array.newInstance(type.getComponentType(), defaultSize);","return null;","org/apache/commons/beanutils/converters/ArrayConverter.java"
"bean_2770",225,"return defaultType;","return null;","org/apache/commons/beanutils/converters/ArrayConverter.java"
"bean_2771",443,"if (value.startsWith(""{"") && value.endsWith(""}"")) {","if (value.startsWith(""{"") && false) {","org/apache/commons/beanutils/converters/ArrayConverter.java"
"bean_2772",443,"if (value.startsWith(""{"") && value.endsWith(""}"")) {","if (value.startsWith(""{"") && true) {","org/apache/commons/beanutils/converters/ArrayConverter.java"
"bean_2773",443,"if (value.startsWith(""{"") && value.endsWith(""}"")) {","if (false) {","org/apache/commons/beanutils/converters/ArrayConverter.java"
"bean_2774",443,"if (value.startsWith(""{"") && value.endsWith(""}"")) {","if (true) {","org/apache/commons/beanutils/converters/ArrayConverter.java"
"bean_2775",444,"value = value.substring(1, value.length() - 1);","value = value.substring(1, value.length() + 1);","org/apache/commons/beanutils/converters/ArrayConverter.java"
"bean_2776",451,"st.whitespaceChars(delimiter , delimiter); // Set the delimiters","// Set the delimiters  // removed call to whitespaceChars()","org/apache/commons/beanutils/converters/ArrayConverter.java"
"bean_2777",452,"st.ordinaryChars('0', '9');  // Needed to turn off numeric flag","// Needed to turn off numeric flag  // removed call to ordinaryChars()","org/apache/commons/beanutils/converters/ArrayConverter.java"
"bean_2778",453,"st.wordChars('0', '9');      // Needed to make part of tokens","// Needed to make part of tokens  // removed call to wordChars()","org/apache/commons/beanutils/converters/ArrayConverter.java"
"bean_2779",455,"st.ordinaryChars(allowedChar, allowedChar);","// removed call to ordinaryChars()","org/apache/commons/beanutils/converters/ArrayConverter.java"
"bean_2780",456,"st.wordChars(allowedChar, allowedChar);","// removed call to wordChars()","org/apache/commons/beanutils/converters/ArrayConverter.java"
"bean_2781",463,"if ((ttype == StreamTokenizer.TT_WORD) || (ttype > 0)) {","if ((false) || (ttype > 0)) {","org/apache/commons/beanutils/converters/ArrayConverter.java"
"bean_2782",463,"if ((ttype == StreamTokenizer.TT_WORD) || (ttype > 0)) {","if ((true) || (ttype > 0)) {","org/apache/commons/beanutils/converters/ArrayConverter.java"
"bean_2783",463,"if ((ttype == StreamTokenizer.TT_WORD) || (ttype > 0)) {","if ((ttype == StreamTokenizer.TT_WORD) || (ttype >= 0)) {","org/apache/commons/beanutils/converters/ArrayConverter.java"
"bean_2784",463,"if ((ttype == StreamTokenizer.TT_WORD) || (ttype > 0)) {","if ((ttype == StreamTokenizer.TT_WORD) || (false)) {","org/apache/commons/beanutils/converters/ArrayConverter.java"
"bean_2785",463,"if ((ttype == StreamTokenizer.TT_WORD) || (ttype > 0)) {","if ((ttype == StreamTokenizer.TT_WORD) || (true)) {","org/apache/commons/beanutils/converters/ArrayConverter.java"
"bean_2786",464,"if (st.sval != null) {","if (false) {","org/apache/commons/beanutils/converters/ArrayConverter.java"
"bean_2787",464,"if (st.sval != null) {","if (true) {","org/apache/commons/beanutils/converters/ArrayConverter.java"
"bean_2788",465,"if (list == null) {","if (false) {","org/apache/commons/beanutils/converters/ArrayConverter.java"
"bean_2789",465,"if (list == null) {","if (true) {","org/apache/commons/beanutils/converters/ArrayConverter.java"
"bean_2790",470,"} else if (ttype == StreamTokenizer.TT_EOF) {","} else if (false) {","org/apache/commons/beanutils/converters/ArrayConverter.java"
"bean_2791",470,"} else if (ttype == StreamTokenizer.TT_EOF) {","} else if (true) {","org/apache/commons/beanutils/converters/ArrayConverter.java"
"bean_2792",478,"if (list == null) {","if (false) {","org/apache/commons/beanutils/converters/ArrayConverter.java"
"bean_2793",478,"if (list == null) {","if (true) {","org/apache/commons/beanutils/converters/ArrayConverter.java"
"bean_2794",410,"return buffer.toString();","return """";","org/apache/commons/beanutils/converters/ArrayConverter.java"
"bean_2795",91,"if (propertyName == null || propertyName.length() == 0) {","if (false || propertyName.length() == 0) {","org/apache/commons/beanutils/MappedPropertyDescriptor.java"
"bean_2796",91,"if (propertyName == null || propertyName.length() == 0) {","if (true || propertyName.length() == 0) {","org/apache/commons/beanutils/MappedPropertyDescriptor.java"
"bean_2797",91,"if (propertyName == null || propertyName.length() == 0) {","if (propertyName == null || false) {","org/apache/commons/beanutils/MappedPropertyDescriptor.java"
"bean_2798",91,"if (propertyName == null || propertyName.length() == 0) {","if (propertyName == null || true) {","org/apache/commons/beanutils/MappedPropertyDescriptor.java"
"bean_2799",96,"setName(propertyName);","// removed call to setName()","org/apache/commons/beanutils/MappedPropertyDescriptor.java"
"bean_2800",119,"if (mappedReadMethod == null) {","if (false) {","org/apache/commons/beanutils/MappedPropertyDescriptor.java"
"bean_2801",119,"if (mappedReadMethod == null) {","if (true) {","org/apache/commons/beanutils/MappedPropertyDescriptor.java"
"bean_2802",123,"if ((mappedReadMethod == null) && (mappedWriteMethod == null)) {","if ((false) && (mappedWriteMethod == null)) {","org/apache/commons/beanutils/MappedPropertyDescriptor.java"
"bean_2803",123,"if ((mappedReadMethod == null) && (mappedWriteMethod == null)) {","if ((true) && (mappedWriteMethod == null)) {","org/apache/commons/beanutils/MappedPropertyDescriptor.java"
"bean_2804",123,"if ((mappedReadMethod == null) && (mappedWriteMethod == null)) {","if ((mappedReadMethod == null) && (false)) {","org/apache/commons/beanutils/MappedPropertyDescriptor.java"
"bean_2805",123,"if ((mappedReadMethod == null) && (mappedWriteMethod == null)) {","if ((mappedReadMethod == null) && (true)) {","org/apache/commons/beanutils/MappedPropertyDescriptor.java"
"bean_2806",131,"findMappedPropertyType();","// removed call to findMappedPropertyType()","org/apache/commons/beanutils/MappedPropertyDescriptor.java"
"bean_2807",158,"if (propertyName == null || propertyName.length() == 0) {","if (false || propertyName.length() == 0) {","org/apache/commons/beanutils/MappedPropertyDescriptor.java"
"bean_2808",158,"if (propertyName == null || propertyName.length() == 0) {","if (true || propertyName.length() == 0) {","org/apache/commons/beanutils/MappedPropertyDescriptor.java"
"bean_2809",158,"if (propertyName == null || propertyName.length() == 0) {","if (propertyName == null || false) {","org/apache/commons/beanutils/MappedPropertyDescriptor.java"
"bean_2810",158,"if (propertyName == null || propertyName.length() == 0) {","if (propertyName == null || true) {","org/apache/commons/beanutils/MappedPropertyDescriptor.java"
"bean_2811",162,"setName(propertyName);","// removed call to setName()","org/apache/commons/beanutils/MappedPropertyDescriptor.java"
"bean_2812",170,"if (mappedReadMethod != null) {","if (false) {","org/apache/commons/beanutils/MappedPropertyDescriptor.java"
"bean_2813",170,"if (mappedReadMethod != null) {","if (true) {","org/apache/commons/beanutils/MappedPropertyDescriptor.java"
"bean_2814",181,"findMappedPropertyType();","// removed call to findMappedPropertyType()","org/apache/commons/beanutils/MappedPropertyDescriptor.java"
"bean_2815",204,"if (propertyName == null || propertyName.length() == 0) {","if (false || propertyName.length() == 0) {","org/apache/commons/beanutils/MappedPropertyDescriptor.java"
"bean_2816",204,"if (propertyName == null || propertyName.length() == 0) {","if (true || propertyName.length() == 0) {","org/apache/commons/beanutils/MappedPropertyDescriptor.java"
"bean_2817",204,"if (propertyName == null || propertyName.length() == 0) {","if (propertyName == null || false) {","org/apache/commons/beanutils/MappedPropertyDescriptor.java"
"bean_2818",204,"if (propertyName == null || propertyName.length() == 0) {","if (propertyName == null || true) {","org/apache/commons/beanutils/MappedPropertyDescriptor.java"
"bean_2819",209,"setName(propertyName);","// removed call to setName()","org/apache/commons/beanutils/MappedPropertyDescriptor.java"
"bean_2820",212,"findMappedPropertyType();","// removed call to findMappedPropertyType()","org/apache/commons/beanutils/MappedPropertyDescriptor.java"
"bean_2821",327,"if (s.length() == 0) {","if (false) {","org/apache/commons/beanutils/MappedPropertyDescriptor.java"
"bean_2822",327,"if (s.length() == 0) {","if (true) {","org/apache/commons/beanutils/MappedPropertyDescriptor.java"
"bean_2823",328,"return s;","return """";","org/apache/commons/beanutils/MappedPropertyDescriptor.java"
"bean_2824",333,"return new String(chars);","return """";","org/apache/commons/beanutils/MappedPropertyDescriptor.java"
"bean_2825",288,"if (mappedReadMethod != null) {","if (false) {","org/apache/commons/beanutils/MappedPropertyDescriptor.java"
"bean_2826",288,"if (mappedReadMethod != null) {","if (true) {","org/apache/commons/beanutils/MappedPropertyDescriptor.java"
"bean_2827",289,"if (mappedReadMethod.getParameterTypes().length != 1) {","if (false) {","org/apache/commons/beanutils/MappedPropertyDescriptor.java"
"bean_2828",289,"if (mappedReadMethod.getParameterTypes().length != 1) {","if (true) {","org/apache/commons/beanutils/MappedPropertyDescriptor.java"
"bean_2829",294,"if (mappedPropertyType == Void.TYPE) {","if (false) {","org/apache/commons/beanutils/MappedPropertyDescriptor.java"
"bean_2830",294,"if (mappedPropertyType == Void.TYPE) {","if (true) {","org/apache/commons/beanutils/MappedPropertyDescriptor.java"
"bean_2831",301,"if (mappedWriteMethod != null) {","if (false) {","org/apache/commons/beanutils/MappedPropertyDescriptor.java"
"bean_2832",301,"if (mappedWriteMethod != null) {","if (true) {","org/apache/commons/beanutils/MappedPropertyDescriptor.java"
"bean_2833",303,"if (params.length != 2) {","if (false) {","org/apache/commons/beanutils/MappedPropertyDescriptor.java"
"bean_2834",303,"if (params.length != 2) {","if (true) {","org/apache/commons/beanutils/MappedPropertyDescriptor.java"
"bean_2835",307,"if (mappedPropertyType != null &&","if (false &&","org/apache/commons/beanutils/MappedPropertyDescriptor.java"
"bean_2836",307,"if (mappedPropertyType != null &&","if (true &&","org/apache/commons/beanutils/MappedPropertyDescriptor.java"
"bean_2837",228,"return mappedPropertyTypeRef.get();","return null;","org/apache/commons/beanutils/MappedPropertyDescriptor.java"
"bean_2838",238,"return mappedReadMethodRef.get();","return null;","org/apache/commons/beanutils/MappedPropertyDescriptor.java"
"bean_2839",261,"return mappedWriteMethodRef.get();","return null;","org/apache/commons/beanutils/MappedPropertyDescriptor.java"
"bean_2840",381,"if (methodName == null) {","if (false) {","org/apache/commons/beanutils/MappedPropertyDescriptor.java"
"bean_2841",381,"if (methodName == null) {","if (true) {","org/apache/commons/beanutils/MappedPropertyDescriptor.java"
"bean_2842",386,"if (method != null) {","if (false) {","org/apache/commons/beanutils/MappedPropertyDescriptor.java"
"bean_2843",386,"if (method != null) {","if (true) {","org/apache/commons/beanutils/MappedPropertyDescriptor.java"
"bean_2844",387,"return method;","return null;","org/apache/commons/beanutils/MappedPropertyDescriptor.java"
"bean_2845",400,"if (methodName == null) {","if (false) {","org/apache/commons/beanutils/MappedPropertyDescriptor.java"
"bean_2846",400,"if (methodName == null) {","if (true) {","org/apache/commons/beanutils/MappedPropertyDescriptor.java"
"bean_2847",405,"if (method != null) {","if (false) {","org/apache/commons/beanutils/MappedPropertyDescriptor.java"
"bean_2848",405,"if (method != null) {","if (true) {","org/apache/commons/beanutils/MappedPropertyDescriptor.java"
"bean_2849",406,"return method;","return null;","org/apache/commons/beanutils/MappedPropertyDescriptor.java"
"bean_2850",409,"final int parameterCount = (parameterTypes == null) ? 0 : parameterTypes.length;","final int parameterCount = (false) ? 0 : parameterTypes.length;","org/apache/commons/beanutils/MappedPropertyDescriptor.java"
"bean_2851",409,"final int parameterCount = (parameterTypes == null) ? 0 : parameterTypes.length;","final int parameterCount = (true) ? 0 : parameterTypes.length;","org/apache/commons/beanutils/MappedPropertyDescriptor.java"
"bean_2852",343,"for (Class<?> clazz = initial; clazz != null; clazz = clazz.getSuperclass()) {","for (false?> clazz = initial; clazz != null; clazz = clazz.getSuperclass()) {","org/apache/commons/beanutils/MappedPropertyDescriptor.java"
"bean_2853",343,"for (Class<?> clazz = initial; clazz != null; clazz = clazz.getSuperclass()) {","for (true?> clazz = initial; clazz != null; clazz = clazz.getSuperclass()) {","org/apache/commons/beanutils/MappedPropertyDescriptor.java"
"bean_2854",346,"if (method == null) {","if (false) {","org/apache/commons/beanutils/MappedPropertyDescriptor.java"
"bean_2855",346,"if (method == null) {","if (true) {","org/apache/commons/beanutils/MappedPropertyDescriptor.java"
"bean_2856",351,"if (!Modifier.isPublic(mods) ||","if (false) ||","org/apache/commons/beanutils/MappedPropertyDescriptor.java"
"bean_2857",351,"if (!Modifier.isPublic(mods) ||","if (true) ||","org/apache/commons/beanutils/MappedPropertyDescriptor.java"
"bean_2858",355,"if (method.getName().equals(methodName) &&","if (false &&","org/apache/commons/beanutils/MappedPropertyDescriptor.java"
"bean_2859",355,"if (method.getName().equals(methodName) &&","if (true &&","org/apache/commons/beanutils/MappedPropertyDescriptor.java"
"bean_2860",356,"method.getParameterTypes().length == parameterCount) {","false) {","org/apache/commons/beanutils/MappedPropertyDescriptor.java"
"bean_2861",356,"method.getParameterTypes().length == parameterCount) {","true) {","org/apache/commons/beanutils/MappedPropertyDescriptor.java"
"bean_2862",357,"return method;","return null;","org/apache/commons/beanutils/MappedPropertyDescriptor.java"
"bean_2863",368,"if (method != null) {","if (false) {","org/apache/commons/beanutils/MappedPropertyDescriptor.java"
"bean_2864",368,"if (method != null) {","if (true) {","org/apache/commons/beanutils/MappedPropertyDescriptor.java"
"bean_2865",369,"return method;","return null;","org/apache/commons/beanutils/MappedPropertyDescriptor.java"
"bean_2866",251,"findMappedPropertyType();","// removed call to findMappedPropertyType()","org/apache/commons/beanutils/MappedPropertyDescriptor.java"
"bean_2867",274,"findMappedPropertyType();","// removed call to findMappedPropertyType()","org/apache/commons/beanutils/MappedPropertyDescriptor.java"
"bean_2868",433,"if (m != null) {","if (false) {","org/apache/commons/beanutils/MappedPropertyDescriptor.java"
"bean_2869",433,"if (m != null) {","if (true) {","org/apache/commons/beanutils/MappedPropertyDescriptor.java"
"bean_2870",439,"if (types.length == 2) {","if (false) {","org/apache/commons/beanutils/MappedPropertyDescriptor.java"
"bean_2871",439,"if (types.length == 2) {","if (true) {","org/apache/commons/beanutils/MappedPropertyDescriptor.java"
"bean_2872",449,"if (methodRef == null) {","if (false) {","org/apache/commons/beanutils/MappedPropertyDescriptor.java"
"bean_2873",449,"if (methodRef == null) {","if (true) {","org/apache/commons/beanutils/MappedPropertyDescriptor.java"
"bean_2874",453,"if (m == null) {","if (false) {","org/apache/commons/beanutils/MappedPropertyDescriptor.java"
"bean_2875",453,"if (m == null) {","if (true) {","org/apache/commons/beanutils/MappedPropertyDescriptor.java"
"bean_2876",455,"if (clazz == null) {","if (false) {","org/apache/commons/beanutils/MappedPropertyDescriptor.java"
"bean_2877",455,"if (clazz == null) {","if (true) {","org/apache/commons/beanutils/MappedPropertyDescriptor.java"
"bean_2878",457,"if (clazz != null) {","if (false) {","org/apache/commons/beanutils/MappedPropertyDescriptor.java"
"bean_2879",457,"if (clazz != null) {","if (true) {","org/apache/commons/beanutils/MappedPropertyDescriptor.java"
"bean_2880",461,"if (clazz == null) {","if (false) {","org/apache/commons/beanutils/MappedPropertyDescriptor.java"
"bean_2881",461,"if (clazz == null) {","if (true) {","org/apache/commons/beanutils/MappedPropertyDescriptor.java"
"bean_2882",466,"if (writeParamClassNames != null) {","if (false) {","org/apache/commons/beanutils/MappedPropertyDescriptor.java"
"bean_2883",466,"if (writeParamClassNames != null) {","if (true) {","org/apache/commons/beanutils/MappedPropertyDescriptor.java"
"bean_2884",469,"if (paramTypes[0] == null) {","if (false) {","org/apache/commons/beanutils/MappedPropertyDescriptor.java"
"bean_2885",469,"if (paramTypes[0] == null) {","if (true) {","org/apache/commons/beanutils/MappedPropertyDescriptor.java"
"bean_2886",471,"if (paramTypes[0] != null) {","if (false) {","org/apache/commons/beanutils/MappedPropertyDescriptor.java"
"bean_2887",471,"if (paramTypes[0] != null) {","if (true) {","org/apache/commons/beanutils/MappedPropertyDescriptor.java"
"bean_2888",476,"if (paramTypes[1] == null) {","if (false) {","org/apache/commons/beanutils/MappedPropertyDescriptor.java"
"bean_2889",476,"if (paramTypes[1] == null) {","if (true) {","org/apache/commons/beanutils/MappedPropertyDescriptor.java"
"bean_2890",478,"if (paramTypes[1] != null) {","if (false) {","org/apache/commons/beanutils/MappedPropertyDescriptor.java"
"bean_2891",478,"if (paramTypes[1] != null) {","if (true) {","org/apache/commons/beanutils/MappedPropertyDescriptor.java"
"bean_2892",495,"return m;","return null;","org/apache/commons/beanutils/MappedPropertyDescriptor.java"
"bean_2893",502,"return reLoadClass(className);","return null;","org/apache/commons/beanutils/MappedPropertyDescriptor.java"
"bean_2894",513,"if (classLoader != null) {","if (false) {","org/apache/commons/beanutils/MappedPropertyDescriptor.java"
"bean_2895",513,"if (classLoader != null) {","if (true) {","org/apache/commons/beanutils/MappedPropertyDescriptor.java"
"bean_2896",515,"return classLoader.loadClass(name);","return null;","org/apache/commons/beanutils/MappedPropertyDescriptor.java"
"bean_2897",524,"return classLoader.loadClass(name);","return null;","org/apache/commons/beanutils/MappedPropertyDescriptor.java"
"bean_2898",234,"return ConvertUtilsBean.getInstance().convert(value);","return """";","org/apache/commons/beanutils/ConvertUtils.java"
"bean_2899",282,"return ConvertUtilsBean.getInstance().convert(value, targetType);","return null;","org/apache/commons/beanutils/ConvertUtils.java"
"bean_2900",251,"return ConvertUtilsBean.getInstance().convert(value, clazz);","return null;","org/apache/commons/beanutils/ConvertUtils.java"
"bean_2901",268,"return ConvertUtilsBean.getInstance().convert(values, clazz);","return null;","org/apache/commons/beanutils/ConvertUtils.java"
"bean_2902",294,"ConvertUtilsBean.getInstance().deregister();","ConvertUtilsBean.getInstance().  // removed call to deregister()","org/apache/commons/beanutils/ConvertUtils.java"
"bean_2903",308,"ConvertUtilsBean.getInstance().deregister(clazz);","ConvertUtilsBean.getInstance().  // removed call to deregister()","org/apache/commons/beanutils/ConvertUtils.java"
"bean_2904",45,"return (ConvertUtilsBean.getInstance().getDefaultBoolean());","return false;","org/apache/commons/beanutils/ConvertUtils.java"
"bean_2905",45,"return (ConvertUtilsBean.getInstance().getDefaultBoolean());","return true;","org/apache/commons/beanutils/ConvertUtils.java"
"bean_2906",68,"return ConvertUtilsBean.getInstance().getDefaultByte();","return 0;","org/apache/commons/beanutils/ConvertUtils.java"
"bean_2907",91,"return ConvertUtilsBean.getInstance().getDefaultCharacter();","return 0;","org/apache/commons/beanutils/ConvertUtils.java"
"bean_2908",114,"return ConvertUtilsBean.getInstance().getDefaultDouble();","return 0.0d();","org/apache/commons/beanutils/ConvertUtils.java"
"bean_2909",137,"return ConvertUtilsBean.getInstance().getDefaultFloat();","return 0.0f();","org/apache/commons/beanutils/ConvertUtils.java"
"bean_2910",160,"return ConvertUtilsBean.getInstance().getDefaultInteger();","return 0;","org/apache/commons/beanutils/ConvertUtils.java"
"bean_2911",183,"return (ConvertUtilsBean.getInstance().getDefaultLong());","return 0;","org/apache/commons/beanutils/ConvertUtils.java"
"bean_2912",206,"return ConvertUtilsBean.getInstance().getDefaultShort();","return 0;","org/apache/commons/beanutils/ConvertUtils.java"
"bean_2913",324,"return ConvertUtilsBean.getInstance().lookup(clazz);","return null;","org/apache/commons/beanutils/ConvertUtils.java"
"bean_2914",337,"return ConvertUtilsBean.getInstance().lookup(sourceType, targetType);","return null;","org/apache/commons/beanutils/ConvertUtils.java"
"bean_2915",370,"if (type == null || !type.isPrimitive()) {","if (false || !type.isPrimitive()) {","org/apache/commons/beanutils/ConvertUtils.java"
"bean_2916",370,"if (type == null || !type.isPrimitive()) {","if (true || !type.isPrimitive()) {","org/apache/commons/beanutils/ConvertUtils.java"
"bean_2917",370,"if (type == null || !type.isPrimitive()) {","if (type == null || !false) {","org/apache/commons/beanutils/ConvertUtils.java"
"bean_2918",370,"if (type == null || !type.isPrimitive()) {","if (type == null || !true) {","org/apache/commons/beanutils/ConvertUtils.java"
"bean_2919",371,"return type;","return null;","org/apache/commons/beanutils/ConvertUtils.java"
"bean_2920",374,"if (type == Integer.TYPE) {","if (false) {","org/apache/commons/beanutils/ConvertUtils.java"
"bean_2921",374,"if (type == Integer.TYPE) {","if (true) {","org/apache/commons/beanutils/ConvertUtils.java"
"bean_2922",375,"return (Class<T>) Integer.class;","return null;","org/apache/commons/beanutils/ConvertUtils.java"
"bean_2923",376,"} else if (type == Double.TYPE) {","} else if (false) {","org/apache/commons/beanutils/ConvertUtils.java"
"bean_2924",376,"} else if (type == Double.TYPE) {","} else if (true) {","org/apache/commons/beanutils/ConvertUtils.java"
"bean_2925",377,"return (Class<T>) Double.class;","return null;","org/apache/commons/beanutils/ConvertUtils.java"
"bean_2926",378,"} else if (type == Long.TYPE) {","} else if (false) {","org/apache/commons/beanutils/ConvertUtils.java"
"bean_2927",378,"} else if (type == Long.TYPE) {","} else if (true) {","org/apache/commons/beanutils/ConvertUtils.java"
"bean_2928",379,"return (Class<T>) Long.class;","return null;","org/apache/commons/beanutils/ConvertUtils.java"
"bean_2929",380,"} else if (type == Boolean.TYPE) {","} else if (false) {","org/apache/commons/beanutils/ConvertUtils.java"
"bean_2930",380,"} else if (type == Boolean.TYPE) {","} else if (true) {","org/apache/commons/beanutils/ConvertUtils.java"
"bean_2931",381,"return (Class<T>) Boolean.class;","return null;","org/apache/commons/beanutils/ConvertUtils.java"
"bean_2932",382,"} else if (type == Float.TYPE) {","} else if (false) {","org/apache/commons/beanutils/ConvertUtils.java"
"bean_2933",382,"} else if (type == Float.TYPE) {","} else if (true) {","org/apache/commons/beanutils/ConvertUtils.java"
"bean_2934",383,"return (Class<T>) Float.class;","return null;","org/apache/commons/beanutils/ConvertUtils.java"
"bean_2935",384,"} else if (type == Short.TYPE) {","} else if (false) {","org/apache/commons/beanutils/ConvertUtils.java"
"bean_2936",384,"} else if (type == Short.TYPE) {","} else if (true) {","org/apache/commons/beanutils/ConvertUtils.java"
"bean_2937",385,"return (Class<T>) Short.class;","return null;","org/apache/commons/beanutils/ConvertUtils.java"
"bean_2938",386,"} else if (type == Byte.TYPE) {","} else if (false) {","org/apache/commons/beanutils/ConvertUtils.java"
"bean_2939",386,"} else if (type == Byte.TYPE) {","} else if (true) {","org/apache/commons/beanutils/ConvertUtils.java"
"bean_2940",387,"return (Class<T>) Byte.class;","return null;","org/apache/commons/beanutils/ConvertUtils.java"
"bean_2941",388,"} else if (type == Character.TYPE) {","} else if (false) {","org/apache/commons/beanutils/ConvertUtils.java"
"bean_2942",388,"} else if (type == Character.TYPE) {","} else if (true) {","org/apache/commons/beanutils/ConvertUtils.java"
"bean_2943",389,"return (Class<T>) Character.class;","return null;","org/apache/commons/beanutils/ConvertUtils.java"
"bean_2944",391,"return type;","return null;","org/apache/commons/beanutils/ConvertUtils.java"
"bean_2945",352,"ConvertUtilsBean.getInstance().register(converter, clazz);","ConvertUtilsBean.getInstance().  // removed call to register()","org/apache/commons/beanutils/ConvertUtils.java"
"bean_2946",56,"ConvertUtilsBean.getInstance().setDefaultBoolean(newDefaultBoolean);","ConvertUtilsBean.getInstance().  // removed call to setDefaultBoolean()","org/apache/commons/beanutils/ConvertUtils.java"
"bean_2947",79,"ConvertUtilsBean.getInstance().setDefaultByte(newDefaultByte);","ConvertUtilsBean.getInstance().  // removed call to setDefaultByte()","org/apache/commons/beanutils/ConvertUtils.java"
"bean_2948",102,"ConvertUtilsBean.getInstance().setDefaultCharacter(newDefaultCharacter);","ConvertUtilsBean.getInstance().  // removed call to setDefaultCharacter()","org/apache/commons/beanutils/ConvertUtils.java"
"bean_2949",125,"ConvertUtilsBean.getInstance().setDefaultDouble(newDefaultDouble);","ConvertUtilsBean.getInstance().  // removed call to setDefaultDouble()","org/apache/commons/beanutils/ConvertUtils.java"
"bean_2950",148,"ConvertUtilsBean.getInstance().setDefaultFloat(newDefaultFloat);","ConvertUtilsBean.getInstance().  // removed call to setDefaultFloat()","org/apache/commons/beanutils/ConvertUtils.java"
"bean_2951",171,"ConvertUtilsBean.getInstance().setDefaultInteger(newDefaultInteger);","ConvertUtilsBean.getInstance().  // removed call to setDefaultInteger()","org/apache/commons/beanutils/ConvertUtils.java"
"bean_2952",194,"ConvertUtilsBean.getInstance().setDefaultLong(newDefaultLong);","ConvertUtilsBean.getInstance().  // removed call to setDefaultLong()","org/apache/commons/beanutils/ConvertUtils.java"
"bean_2953",217,"ConvertUtilsBean.getInstance().setDefaultShort(newDefaultShort);","ConvertUtilsBean.getInstance().  // removed call to setDefaultShort()","org/apache/commons/beanutils/ConvertUtils.java"
"bean_2954",104,"this.name      = name   == null ? ""LazyDynaMap"" : name;","this.name      = false ? ""LazyDynaMap"" : name;","org/apache/commons/beanutils/LazyDynaMap.java"
"bean_2955",104,"this.name      = name   == null ? ""LazyDynaMap"" : name;","this.name      = true ? ""LazyDynaMap"" : name;","org/apache/commons/beanutils/LazyDynaMap.java"
"bean_2956",105,"this.values    = values == null ? newMap()      : values;","this.values    = false ? newMap()      : values;","org/apache/commons/beanutils/LazyDynaMap.java"
"bean_2957",105,"this.values    = values == null ? newMap()      : values;","this.values    = true ? newMap()      : values;","org/apache/commons/beanutils/LazyDynaMap.java"
"bean_2958",126,"if (properties != null) {","if (false) {","org/apache/commons/beanutils/LazyDynaMap.java"
"bean_2959",126,"if (properties != null) {","if (true) {","org/apache/commons/beanutils/LazyDynaMap.java"
"bean_2960",128,"add(propertie);","// removed call to add()","org/apache/commons/beanutils/LazyDynaMap.java"
"bean_2961",330,"add(name, null);","// removed call to add()","org/apache/commons/beanutils/LazyDynaMap.java"
"bean_2962",347,"if (name == null) {","if (false) {","org/apache/commons/beanutils/LazyDynaMap.java"
"bean_2963",347,"if (name == null) {","if (true) {","org/apache/commons/beanutils/LazyDynaMap.java"
"bean_2964",351,"if (isRestricted()) {","if (false) {","org/apache/commons/beanutils/LazyDynaMap.java"
"bean_2965",351,"if (isRestricted()) {","if (true) {","org/apache/commons/beanutils/LazyDynaMap.java"
"bean_2966",358,"if (value == null) {","if (false) {","org/apache/commons/beanutils/LazyDynaMap.java"
"bean_2967",358,"if (value == null) {","if (true) {","org/apache/commons/beanutils/LazyDynaMap.java"
"bean_2968",359,"values.put(name, type == null ? null : createProperty(name, type));","values.put(name, false ? null : createProperty(name, type));","org/apache/commons/beanutils/LazyDynaMap.java"
"bean_2969",359,"values.put(name, type == null ? null : createProperty(name, type));","values.put(name, true ? null : createProperty(name, type));","org/apache/commons/beanutils/LazyDynaMap.java"
"bean_2970",397,"add(property.getName(), property.getType());","add(property.getName(), property.getType());  // removed call to add()","org/apache/commons/beanutils/LazyDynaMap.java"
"bean_2971",257,"properties[i++] = new DynaProperty(name, value == null ? null","properties[i--] = new DynaProperty(name, value == null ? null","org/apache/commons/beanutils/LazyDynaMap.java"
"bean_2972",257,"properties[i++] = new DynaProperty(name, value == null ? null","properties[i++] = new DynaProperty(name, false ? null","org/apache/commons/beanutils/LazyDynaMap.java"
"bean_2973",257,"properties[i++] = new DynaProperty(name, value == null ? null","properties[i++] = new DynaProperty(name, true ? null","org/apache/commons/beanutils/LazyDynaMap.java"
"bean_2974",261,"return properties;","return null;","org/apache/commons/beanutils/LazyDynaMap.java"
"bean_2975",220,"if (name == null) {","if (false) {","org/apache/commons/beanutils/LazyDynaMap.java"
"bean_2976",220,"if (name == null) {","if (true) {","org/apache/commons/beanutils/LazyDynaMap.java"
"bean_2977",226,"if (!values.containsKey(name) && isReturnNull()) {","if (!values.containsKey(name) && false) {","org/apache/commons/beanutils/LazyDynaMap.java"
"bean_2978",226,"if (!values.containsKey(name) && isReturnNull()) {","if (!values.containsKey(name) && true) {","org/apache/commons/beanutils/LazyDynaMap.java"
"bean_2979",226,"if (!values.containsKey(name) && isReturnNull()) {","if (false) {","org/apache/commons/beanutils/LazyDynaMap.java"
"bean_2980",226,"if (!values.containsKey(name) && isReturnNull()) {","if (true) {","org/apache/commons/beanutils/LazyDynaMap.java"
"bean_2981",232,"if (value == null) {","if (false) {","org/apache/commons/beanutils/LazyDynaMap.java"
"bean_2982",232,"if (value == null) {","if (true) {","org/apache/commons/beanutils/LazyDynaMap.java"
"bean_2983",233,"return new DynaProperty(name);","return null;","org/apache/commons/beanutils/LazyDynaMap.java"
"bean_2984",235,"return new DynaProperty(name, value.getClass());","return null;","org/apache/commons/beanutils/LazyDynaMap.java"
"bean_2985",160,"return values;","return Collections.emptyMap();","org/apache/commons/beanutils/LazyDynaMap.java"
"bean_2986",192,"return this.name;","return """";","org/apache/commons/beanutils/LazyDynaMap.java"
"bean_2987",478,"if (name == null) {","if (false) {","org/apache/commons/beanutils/LazyDynaMap.java"
"bean_2988",478,"if (name == null) {","if (true) {","org/apache/commons/beanutils/LazyDynaMap.java"
"bean_2989",482,"return values.containsKey(name);","return false;","org/apache/commons/beanutils/LazyDynaMap.java"
"bean_2990",482,"return values.containsKey(name);","return true;","org/apache/commons/beanutils/LazyDynaMap.java"
"bean_2991",307,"return restricted;","return false;","org/apache/commons/beanutils/LazyDynaMap.java"
"bean_2992",307,"return restricted;","return true;","org/apache/commons/beanutils/LazyDynaMap.java"
"bean_2993",443,"return returnNull;","return false;","org/apache/commons/beanutils/LazyDynaMap.java"
"bean_2994",443,"return returnNull;","return true;","org/apache/commons/beanutils/LazyDynaMap.java"
"bean_2995",287,"if (properties != null) {","if (false) {","org/apache/commons/beanutils/LazyDynaMap.java"
"bean_2996",287,"if (properties != null) {","if (true) {","org/apache/commons/beanutils/LazyDynaMap.java"
"bean_2997",289,"lazyMap.add(propertie);","// removed call to add()","org/apache/commons/beanutils/LazyDynaMap.java"
"bean_2998",292,"return lazyMap;","return null;","org/apache/commons/beanutils/LazyDynaMap.java"
"bean_2999",415,"if (name == null) {","if (false) {","org/apache/commons/beanutils/LazyDynaMap.java"
"bean_3000",415,"if (name == null) {","if (true) {","org/apache/commons/beanutils/LazyDynaMap.java"
"bean_3001",419,"if (isRestricted()) {","if (false) {","org/apache/commons/beanutils/LazyDynaMap.java"
"bean_3002",419,"if (isRestricted()) {","if (true) {","org/apache/commons/beanutils/LazyDynaMap.java"
"bean_3003",424,"if (values.containsKey(name)) {","if (false) {","org/apache/commons/beanutils/LazyDynaMap.java"
"bean_3004",424,"if (values.containsKey(name)) {","if (true) {","org/apache/commons/beanutils/LazyDynaMap.java"
"bean_3005",174,"if (isRestricted() && !values.containsKey(name)) {","if (isRestricted() && !false) {","org/apache/commons/beanutils/LazyDynaMap.java"
"bean_3006",174,"if (isRestricted() && !values.containsKey(name)) {","if (isRestricted() && !true) {","org/apache/commons/beanutils/LazyDynaMap.java"
"bean_3007",174,"if (isRestricted() && !values.containsKey(name)) {","if (false) {","org/apache/commons/beanutils/LazyDynaMap.java"
"bean_3008",174,"if (isRestricted() && !values.containsKey(name)) {","if (true) {","org/apache/commons/beanutils/LazyDynaMap.java"
"bean_3009",289,"return getAccessibleConstructor(klass, parameterTypes);","return null;","org/apache/commons/beanutils/ConstructorUtils.java"
"bean_3010",306,"return getAccessibleConstructor(","return null;","org/apache/commons/beanutils/ConstructorUtils.java"
"bean_3011",323,"if (ctor == null) {","if (false) {","org/apache/commons/beanutils/ConstructorUtils.java"
"bean_3012",323,"if (ctor == null) {","if (true) {","org/apache/commons/beanutils/ConstructorUtils.java"
"bean_3013",328,"if (!Modifier.isPublic(ctor.getModifiers())) {","if (false) {","org/apache/commons/beanutils/ConstructorUtils.java"
"bean_3014",328,"if (!Modifier.isPublic(ctor.getModifiers())) {","if (true) {","org/apache/commons/beanutils/ConstructorUtils.java"
"bean_3015",334,"if (Modifier.isPublic(clazz.getModifiers())) {","if (false) {","org/apache/commons/beanutils/ConstructorUtils.java"
"bean_3016",334,"if (Modifier.isPublic(clazz.getModifiers())) {","if (true) {","org/apache/commons/beanutils/ConstructorUtils.java"
"bean_3017",335,"return (ctor);","return null;","org/apache/commons/beanutils/ConstructorUtils.java"
"bean_3018",391,"ctor.setAccessible(true);","// removed call to setAccessible()","org/apache/commons/beanutils/ConstructorUtils.java"
"bean_3019",395,"return ctor;","return null;","org/apache/commons/beanutils/ConstructorUtils.java"
"bean_3020",407,"if (ctorParamSize == paramSize) {","if (false) {","org/apache/commons/beanutils/ConstructorUtils.java"
"bean_3021",407,"if (ctorParamSize == paramSize) {","if (true) {","org/apache/commons/beanutils/ConstructorUtils.java"
"bean_3022",409,"for (int n = 0; n < ctorParamSize; n++) {","for (int n = 0; n <= ctorParamSize; n++) {","org/apache/commons/beanutils/ConstructorUtils.java"
"bean_3023",409,"for (int n = 0; n < ctorParamSize; n++) {","for (int n = 0; false; n++) {","org/apache/commons/beanutils/ConstructorUtils.java"
"bean_3024",409,"for (int n = 0; n < ctorParamSize; n++) {","for (int n = 0; true; n++) {","org/apache/commons/beanutils/ConstructorUtils.java"
"bean_3025",419,"if (match) {","if (false) {","org/apache/commons/beanutils/ConstructorUtils.java"
"bean_3026",419,"if (match) {","if (true) {","org/apache/commons/beanutils/ConstructorUtils.java"
"bean_3027",422,"if (ctor != null) {","if (false) {","org/apache/commons/beanutils/ConstructorUtils.java"
"bean_3028",422,"if (ctor != null) {","if (true) {","org/apache/commons/beanutils/ConstructorUtils.java"
"bean_3029",424,"ctor.setAccessible(true);","// removed call to setAccessible()","org/apache/commons/beanutils/ConstructorUtils.java"
"bean_3030",435,"return typedCtor;","return null;","org/apache/commons/beanutils/ConstructorUtils.java"
"bean_3031",78,"return invokeConstructor(klass, args);","return null;","org/apache/commons/beanutils/ConstructorUtils.java"
"bean_3032",107,"if (null == args) {","if (false) {","org/apache/commons/beanutils/ConstructorUtils.java"
"bean_3033",107,"if (null == args) {","if (true) {","org/apache/commons/beanutils/ConstructorUtils.java"
"bean_3034",112,"for (int i = 0; i < arguments; i++) {","for (int i = 0; i <= arguments; i++) {","org/apache/commons/beanutils/ConstructorUtils.java"
"bean_3035",112,"for (int i = 0; i < arguments; i++) {","for (int i = 0; false; i++) {","org/apache/commons/beanutils/ConstructorUtils.java"
"bean_3036",112,"for (int i = 0; i < arguments; i++) {","for (int i = 0; true; i++) {","org/apache/commons/beanutils/ConstructorUtils.java"
"bean_3037",115,"return invokeConstructor(klass, args, parameterTypes);","return null;","org/apache/commons/beanutils/ConstructorUtils.java"
"bean_3038",146,"if (parameterTypes == null) {","if (false) {","org/apache/commons/beanutils/ConstructorUtils.java"
"bean_3039",146,"if (parameterTypes == null) {","if (true) {","org/apache/commons/beanutils/ConstructorUtils.java"
"bean_3040",149,"if (args == null) {","if (false) {","org/apache/commons/beanutils/ConstructorUtils.java"
"bean_3041",149,"if (args == null) {","if (true) {","org/apache/commons/beanutils/ConstructorUtils.java"
"bean_3042",155,"if (null == ctor) {","if (false) {","org/apache/commons/beanutils/ConstructorUtils.java"
"bean_3043",155,"if (null == ctor) {","if (true) {","org/apache/commons/beanutils/ConstructorUtils.java"
"bean_3044",159,"return ctor.newInstance(args);","return null;","org/apache/commons/beanutils/ConstructorUtils.java"
"bean_3045",190,"return invokeExactConstructor(klass, args);","return null;","org/apache/commons/beanutils/ConstructorUtils.java"
"bean_3046",219,"if (null == args) {","if (false) {","org/apache/commons/beanutils/ConstructorUtils.java"
"bean_3047",219,"if (null == args) {","if (true) {","org/apache/commons/beanutils/ConstructorUtils.java"
"bean_3048",224,"for (int i = 0; i < arguments; i++) {","for (int i = 0; i <= arguments; i++) {","org/apache/commons/beanutils/ConstructorUtils.java"
"bean_3049",224,"for (int i = 0; i < arguments; i++) {","for (int i = 0; false; i++) {","org/apache/commons/beanutils/ConstructorUtils.java"
"bean_3050",224,"for (int i = 0; i < arguments; i++) {","for (int i = 0; true; i++) {","org/apache/commons/beanutils/ConstructorUtils.java"
"bean_3051",227,"return invokeExactConstructor(klass, args, parameterTypes);","return null;","org/apache/commons/beanutils/ConstructorUtils.java"
"bean_3052",259,"if (args == null) {","if (false) {","org/apache/commons/beanutils/ConstructorUtils.java"
"bean_3053",259,"if (args == null) {","if (true) {","org/apache/commons/beanutils/ConstructorUtils.java"
"bean_3054",263,"if (parameterTypes == null) {","if (false) {","org/apache/commons/beanutils/ConstructorUtils.java"
"bean_3055",263,"if (parameterTypes == null) {","if (true) {","org/apache/commons/beanutils/ConstructorUtils.java"
"bean_3056",268,"if (null == ctor) {","if (false) {","org/apache/commons/beanutils/ConstructorUtils.java"
"bean_3057",268,"if (null == ctor) {","if (true) {","org/apache/commons/beanutils/ConstructorUtils.java"
"bean_3058",272,"return ctor.newInstance(args);","return null;","org/apache/commons/beanutils/ConstructorUtils.java"
"bean_3059",344,"if (arg != null) {","if (false) {","org/apache/commons/beanutils/ConstructorUtils.java"
"bean_3060",344,"if (arg != null) {","if (true) {","org/apache/commons/beanutils/ConstructorUtils.java"
"bean_3061",347,"return args;","return null;","org/apache/commons/beanutils/ConstructorUtils.java"
"bean_3062",309,"if (localizedPattern == null) {","if (false) {","org/apache/commons/beanutils/locale/converters/DateLocaleConverter.java"
"bean_3063",309,"if (localizedPattern == null) {","if (true) {","org/apache/commons/beanutils/locale/converters/DateLocaleConverter.java"
"bean_3064",310,"return null;","return """";","org/apache/commons/beanutils/locale/converters/DateLocaleConverter.java"
"bean_3065",321,"if (DEFAULT_PATTERN_CHARS.equals(localChars)) {","if (false) {","org/apache/commons/beanutils/locale/converters/DateLocaleConverter.java"
"bean_3066",321,"if (DEFAULT_PATTERN_CHARS.equals(localChars)) {","if (true) {","org/apache/commons/beanutils/locale/converters/DateLocaleConverter.java"
"bean_3067",322,"return localizedPattern;","return """";","org/apache/commons/beanutils/locale/converters/DateLocaleConverter.java"
"bean_3068",334,"return convertedPattern;","return """";","org/apache/commons/beanutils/locale/converters/DateLocaleConverter.java"
"bean_3069",345,"for (int i = 0; i < pattern.length(); ++i) {","for (int i = 0; i <= pattern.length(); ++i) {","org/apache/commons/beanutils/locale/converters/DateLocaleConverter.java"
"bean_3070",345,"for (int i = 0; i < pattern.length(); ++i) {","for (int i = 0; false; ++i) {","org/apache/commons/beanutils/locale/converters/DateLocaleConverter.java"
"bean_3071",345,"for (int i = 0; i < pattern.length(); ++i) {","for (int i = 0; true; ++i) {","org/apache/commons/beanutils/locale/converters/DateLocaleConverter.java"
"bean_3072",347,"if (quoted) {","if (false) {","org/apache/commons/beanutils/locale/converters/DateLocaleConverter.java"
"bean_3073",347,"if (quoted) {","if (true) {","org/apache/commons/beanutils/locale/converters/DateLocaleConverter.java"
"bean_3074",348,"if (thisChar == '\'') {","if (false) {","org/apache/commons/beanutils/locale/converters/DateLocaleConverter.java"
"bean_3075",348,"if (thisChar == '\'') {","if (true) {","org/apache/commons/beanutils/locale/converters/DateLocaleConverter.java"
"bean_3076",352,"if (thisChar == '\'') {","if (false) {","org/apache/commons/beanutils/locale/converters/DateLocaleConverter.java"
"bean_3077",352,"if (thisChar == '\'') {","if (true) {","org/apache/commons/beanutils/locale/converters/DateLocaleConverter.java"
"bean_3078",354,"} else if ((thisChar >= 'a' && thisChar <= 'z') ||","} else if ((thisChar > 'a' && thisChar <= 'z') ||","org/apache/commons/beanutils/locale/converters/DateLocaleConverter.java"
"bean_3079",354,"} else if ((thisChar >= 'a' && thisChar <= 'z') ||","} else if ((false && thisChar <= 'z') ||","org/apache/commons/beanutils/locale/converters/DateLocaleConverter.java"
"bean_3080",354,"} else if ((thisChar >= 'a' && thisChar <= 'z') ||","} else if ((true && thisChar <= 'z') ||","org/apache/commons/beanutils/locale/converters/DateLocaleConverter.java"
"bean_3081",354,"} else if ((thisChar >= 'a' && thisChar <= 'z') ||","} else if ((thisChar >= 'a' && thisChar < 'z') ||","org/apache/commons/beanutils/locale/converters/DateLocaleConverter.java"
"bean_3082",354,"} else if ((thisChar >= 'a' && thisChar <= 'z') ||","} else if ((thisChar >= 'a' && false) ||","org/apache/commons/beanutils/locale/converters/DateLocaleConverter.java"
"bean_3083",354,"} else if ((thisChar >= 'a' && thisChar <= 'z') ||","} else if ((thisChar >= 'a' && true) ||","org/apache/commons/beanutils/locale/converters/DateLocaleConverter.java"
"bean_3084",354,"} else if ((thisChar >= 'a' && thisChar <= 'z') ||","} else if (false) ||","org/apache/commons/beanutils/locale/converters/DateLocaleConverter.java"
"bean_3085",354,"} else if ((thisChar >= 'a' && thisChar <= 'z') ||","} else if (true) ||","org/apache/commons/beanutils/locale/converters/DateLocaleConverter.java"
"bean_3086",354,"} else if ((thisChar >= 'a' && thisChar <= 'z') ||","} else if (false) ||","org/apache/commons/beanutils/locale/converters/DateLocaleConverter.java"
"bean_3087",354,"} else if ((thisChar >= 'a' && thisChar <= 'z') ||","} else if (true) ||","org/apache/commons/beanutils/locale/converters/DateLocaleConverter.java"
"bean_3088",357,"if (index == -1) {","if (false) {","org/apache/commons/beanutils/locale/converters/DateLocaleConverter.java"
"bean_3089",357,"if (index == -1) {","if (true) {","org/apache/commons/beanutils/locale/converters/DateLocaleConverter.java"
"bean_3090",367,"if (quoted) {","if (false) {","org/apache/commons/beanutils/locale/converters/DateLocaleConverter.java"
"bean_3091",367,"if (quoted) {","if (true) {","org/apache/commons/beanutils/locale/converters/DateLocaleConverter.java"
"bean_3092",371,"return converted.toString();","return """";","org/apache/commons/beanutils/locale/converters/DateLocaleConverter.java"
"bean_3093",234,"return isLenient;","return false;","org/apache/commons/beanutils/locale/converters/DateLocaleConverter.java"
"bean_3094",234,"return isLenient;","return true;","org/apache/commons/beanutils/locale/converters/DateLocaleConverter.java"
"bean_3095",265,"if (value instanceof java.util.Date) {","if (false) {","org/apache/commons/beanutils/locale/converters/DateLocaleConverter.java"
"bean_3096",265,"if (value instanceof java.util.Date) {","if (true) {","org/apache/commons/beanutils/locale/converters/DateLocaleConverter.java"
"bean_3097",266,"return value;","return null;","org/apache/commons/beanutils/locale/converters/DateLocaleConverter.java"
"bean_3098",270,"if (value instanceof java.util.Calendar) {","if (false) {","org/apache/commons/beanutils/locale/converters/DateLocaleConverter.java"
"bean_3099",270,"if (value instanceof java.util.Calendar) {","if (true) {","org/apache/commons/beanutils/locale/converters/DateLocaleConverter.java"
"bean_3100",271,"return ((java.util.Calendar)value).getTime();","return null;","org/apache/commons/beanutils/locale/converters/DateLocaleConverter.java"
"bean_3101",274,"if (locPattern) {","if (false) {","org/apache/commons/beanutils/locale/converters/DateLocaleConverter.java"
"bean_3102",274,"if (locPattern) {","if (true) {","org/apache/commons/beanutils/locale/converters/DateLocaleConverter.java"
"bean_3103",279,"final DateFormat formatter = pattern == null ? DateFormat.getDateInstance(DateFormat.SHORT, locale)","final DateFormat formatter = false ? DateFormat.getDateInstance(DateFormat.SHORT, locale)","org/apache/commons/beanutils/locale/converters/DateLocaleConverter.java"
"bean_3104",279,"final DateFormat formatter = pattern == null ? DateFormat.getDateInstance(DateFormat.SHORT, locale)","final DateFormat formatter = true ? DateFormat.getDateInstance(DateFormat.SHORT, locale)","org/apache/commons/beanutils/locale/converters/DateLocaleConverter.java"
"bean_3105",281,"formatter.setLenient(isLenient);","// removed call to setLenient()","org/apache/commons/beanutils/locale/converters/DateLocaleConverter.java"
"bean_3106",288,"if (pos.getErrorIndex() > -1) {","if (pos.getErrorIndex() >= -1) {","org/apache/commons/beanutils/locale/converters/DateLocaleConverter.java"
"bean_3107",288,"if (pos.getErrorIndex() > -1) {","if (false) {","org/apache/commons/beanutils/locale/converters/DateLocaleConverter.java"
"bean_3108",288,"if (pos.getErrorIndex() > -1) {","if (true) {","org/apache/commons/beanutils/locale/converters/DateLocaleConverter.java"
"bean_3109",292,"if (pos.getIndex() < strValue.length()) {","if (pos.getIndex() <= strValue.length()) {","org/apache/commons/beanutils/locale/converters/DateLocaleConverter.java"
"bean_3110",292,"if (pos.getIndex() < strValue.length()) {","if (false) {","org/apache/commons/beanutils/locale/converters/DateLocaleConverter.java"
"bean_3111",292,"if (pos.getIndex() < strValue.length()) {","if (true) {","org/apache/commons/beanutils/locale/converters/DateLocaleConverter.java"
"bean_3112",297,"return parsedValue;","return null;","org/apache/commons/beanutils/locale/converters/DateLocaleConverter.java"
"bean_3113",184,"if (useColumnLabel) {","if (false) {","org/apache/commons/beanutils/JDBCDynaClass.java"
"bean_3114",184,"if (useColumnLabel) {","if (true) {","org/apache/commons/beanutils/JDBCDynaClass.java"
"bean_3115",187,"if (columnName == null || columnName.trim().length() == 0) {","if (false || columnName.trim().length() == 0) {","org/apache/commons/beanutils/JDBCDynaClass.java"
"bean_3116",187,"if (columnName == null || columnName.trim().length() == 0) {","if (true || columnName.trim().length() == 0) {","org/apache/commons/beanutils/JDBCDynaClass.java"
"bean_3117",187,"if (columnName == null || columnName.trim().length() == 0) {","if (columnName == null || false) {","org/apache/commons/beanutils/JDBCDynaClass.java"
"bean_3118",187,"if (columnName == null || columnName.trim().length() == 0) {","if (columnName == null || true) {","org/apache/commons/beanutils/JDBCDynaClass.java"
"bean_3119",190,"final String name = lowerCase ? columnName.toLowerCase() : columnName;","final String name = false ? columnName.toLowerCase() : columnName;","org/apache/commons/beanutils/JDBCDynaClass.java"
"bean_3120",190,"final String name = lowerCase ? columnName.toLowerCase() : columnName;","final String name = true ? columnName.toLowerCase() : columnName;","org/apache/commons/beanutils/JDBCDynaClass.java"
"bean_3121",191,"if (!name.equals(columnName)) {","if (false) {","org/apache/commons/beanutils/JDBCDynaClass.java"
"bean_3122",191,"if (!name.equals(columnName)) {","if (true) {","org/apache/commons/beanutils/JDBCDynaClass.java"
"bean_3123",192,"if (columnNameXref == null) {","if (false) {","org/apache/commons/beanutils/JDBCDynaClass.java"
"bean_3124",192,"if (columnNameXref == null) {","if (true) {","org/apache/commons/beanutils/JDBCDynaClass.java"
"bean_3125",200,"switch (sqlType) {","switch (sqlType) { // switch default changed to first case","org/apache/commons/beanutils/JDBCDynaClass.java"
"bean_3126",202,"return new DynaProperty(name, java.sql.Date.class);","return null;","org/apache/commons/beanutils/JDBCDynaClass.java"
"bean_3127",204,"return new DynaProperty(name, java.sql.Timestamp.class);","return null;","org/apache/commons/beanutils/JDBCDynaClass.java"
"bean_3128",206,"return new DynaProperty(name, java.sql.Time.class);","return null;","org/apache/commons/beanutils/JDBCDynaClass.java"
"bean_3129",218,"if (className != null) {","if (false) {","org/apache/commons/beanutils/JDBCDynaClass.java"
"bean_3130",218,"if (className != null) {","if (true) {","org/apache/commons/beanutils/JDBCDynaClass.java"
"bean_3131",221,"return new DynaProperty(name, clazz);","return null;","org/apache/commons/beanutils/JDBCDynaClass.java"
"bean_3132",301,"if (columnNameXref != null && columnNameXref.containsKey(name)) {","if (false && columnNameXref.containsKey(name)) {","org/apache/commons/beanutils/JDBCDynaClass.java"
"bean_3133",301,"if (columnNameXref != null && columnNameXref.containsKey(name)) {","if (true && columnNameXref.containsKey(name)) {","org/apache/commons/beanutils/JDBCDynaClass.java"
"bean_3134",301,"if (columnNameXref != null && columnNameXref.containsKey(name)) {","if (columnNameXref != null && false) {","org/apache/commons/beanutils/JDBCDynaClass.java"
"bean_3135",301,"if (columnNameXref != null && columnNameXref.containsKey(name)) {","if (columnNameXref != null && true) {","org/apache/commons/beanutils/JDBCDynaClass.java"
"bean_3136",302,"return columnNameXref.get(name);","return """";","org/apache/commons/beanutils/JDBCDynaClass.java"
"bean_3137",304,"return name;","return """";","org/apache/commons/beanutils/JDBCDynaClass.java"
"bean_3138",111,"return (properties);","return null;","org/apache/commons/beanutils/JDBCDynaClass.java"
"bean_3139",97,"if (name == null) {","if (false) {","org/apache/commons/beanutils/JDBCDynaClass.java"
"bean_3140",97,"if (name == null) {","if (true) {","org/apache/commons/beanutils/JDBCDynaClass.java"
"bean_3141",100,"return (propertiesMap.get(name));","return null;","org/apache/commons/beanutils/JDBCDynaClass.java"
"bean_3142",82,"return (this.getClass().getName());","return """";","org/apache/commons/beanutils/JDBCDynaClass.java"
"bean_3143",269,"if (property == null) {","if (false) {","org/apache/commons/beanutils/JDBCDynaClass.java"
"bean_3144",269,"if (property == null) {","if (true) {","org/apache/commons/beanutils/JDBCDynaClass.java"
"bean_3145",276,"if (type.equals(Date.class)) {","if (false) {","org/apache/commons/beanutils/JDBCDynaClass.java"
"bean_3146",276,"if (type.equals(Date.class)) {","if (true) {","org/apache/commons/beanutils/JDBCDynaClass.java"
"bean_3147",277,"return resultSet.getDate(columnName);","return null;","org/apache/commons/beanutils/JDBCDynaClass.java"
"bean_3148",281,"if (type.equals(Timestamp.class)) {","if (false) {","org/apache/commons/beanutils/JDBCDynaClass.java"
"bean_3149",281,"if (type.equals(Timestamp.class)) {","if (true) {","org/apache/commons/beanutils/JDBCDynaClass.java"
"bean_3150",282,"return resultSet.getTimestamp(columnName);","return null;","org/apache/commons/beanutils/JDBCDynaClass.java"
"bean_3151",286,"if (type.equals(Time.class)) {","if (false) {","org/apache/commons/beanutils/JDBCDynaClass.java"
"bean_3152",286,"if (type.equals(Time.class)) {","if (true) {","org/apache/commons/beanutils/JDBCDynaClass.java"
"bean_3153",287,"return resultSet.getTime(columnName);","return null;","org/apache/commons/beanutils/JDBCDynaClass.java"
"bean_3154",290,"return resultSet.getObject(columnName);","return null;","org/apache/commons/beanutils/JDBCDynaClass.java"
"bean_3155",242,"for (int i = 1; i <= n; i++) { // JDBC is one-relative!","for (int i = 1; i < n; i++) { // JDBC is one-relative!","org/apache/commons/beanutils/JDBCDynaClass.java"
"bean_3156",242,"for (int i = 1; i <= n; i++) { // JDBC is one-relative!","for (int i = 1; false; i++) { // JDBC is one-relative!","org/apache/commons/beanutils/JDBCDynaClass.java"
"bean_3157",242,"for (int i = 1; i <= n; i++) { // JDBC is one-relative!","for (int i = 1; true; i++) { // JDBC is one-relative!","org/apache/commons/beanutils/JDBCDynaClass.java"
"bean_3158",244,"if (dynaProperty != null) {","if (false) {","org/apache/commons/beanutils/JDBCDynaClass.java"
"bean_3159",244,"if (dynaProperty != null) {","if (true) {","org/apache/commons/beanutils/JDBCDynaClass.java"
"bean_3160",157,"if (cl == null) {","if (false) {","org/apache/commons/beanutils/JDBCDynaClass.java"
"bean_3161",157,"if (cl == null) {","if (true) {","org/apache/commons/beanutils/JDBCDynaClass.java"
"bean_3162",161,"return Class.forName(className, false, cl);","return null;","org/apache/commons/beanutils/JDBCDynaClass.java"
"bean_3163",165,"add(new DynaProperty(name));","add(new DynaProperty(name));  // removed call to add()","org/apache/commons/beanutils/LazyDynaClass.java"
"bean_3164",181,"if (type == null) {","if (false) {","org/apache/commons/beanutils/LazyDynaClass.java"
"bean_3165",181,"if (type == null) {","if (true) {","org/apache/commons/beanutils/LazyDynaClass.java"
"bean_3166",182,"add(name);","// removed call to add()","org/apache/commons/beanutils/LazyDynaClass.java"
"bean_3167",184,"add(new DynaProperty(name, type));","add(new DynaProperty(name, type));  // removed call to add()","org/apache/commons/beanutils/LazyDynaClass.java"
"bean_3168",224,"if (property.getName() == null) {","if (false) {","org/apache/commons/beanutils/LazyDynaClass.java"
"bean_3169",224,"if (property.getName() == null) {","if (true) {","org/apache/commons/beanutils/LazyDynaClass.java"
"bean_3170",228,"if (isRestricted()) {","if (false) {","org/apache/commons/beanutils/LazyDynaClass.java"
"bean_3171",228,"if (isRestricted()) {","if (true) {","org/apache/commons/beanutils/LazyDynaClass.java"
"bean_3172",233,"if (propertiesMap.get(property.getName()) != null) {","if (false) {","org/apache/commons/beanutils/LazyDynaClass.java"
"bean_3173",233,"if (propertiesMap.get(property.getName()) != null) {","if (true) {","org/apache/commons/beanutils/LazyDynaClass.java"
"bean_3174",239,"final DynaProperty[] newProperties = new DynaProperty[oldProperties.length+1];","final DynaProperty[] newProperties = new DynaProperty[oldProperties.length-1];","org/apache/commons/beanutils/LazyDynaClass.java"
"bean_3175",240,"System.arraycopy(oldProperties, 0, newProperties, 0, oldProperties.length);","// removed call to arraycopy()","org/apache/commons/beanutils/LazyDynaClass.java"
"bean_3176",244,"setProperties(newProperties);","// removed call to setProperties()","org/apache/commons/beanutils/LazyDynaClass.java"
"bean_3177",319,"if (name == null) {","if (false) {","org/apache/commons/beanutils/LazyDynaClass.java"
"bean_3178",319,"if (name == null) {","if (true) {","org/apache/commons/beanutils/LazyDynaClass.java"
"bean_3179",327,"if (dynaProperty == null && !isReturnNull() && !isRestricted()) {","if (false && !isReturnNull() && !isRestricted()) {","org/apache/commons/beanutils/LazyDynaClass.java"
"bean_3180",327,"if (dynaProperty == null && !isReturnNull() && !isRestricted()) {","if (true && !isReturnNull() && !isRestricted()) {","org/apache/commons/beanutils/LazyDynaClass.java"
"bean_3181",327,"if (dynaProperty == null && !isReturnNull() && !isRestricted()) {","if (dynaProperty == null && !false && !isRestricted()) {","org/apache/commons/beanutils/LazyDynaClass.java"
"bean_3182",327,"if (dynaProperty == null && !isReturnNull() && !isRestricted()) {","if (dynaProperty == null && !true && !isRestricted()) {","org/apache/commons/beanutils/LazyDynaClass.java"
"bean_3183",327,"if (dynaProperty == null && !isReturnNull() && !isRestricted()) {","if (dynaProperty == null && !isReturnNull() && !false) {","org/apache/commons/beanutils/LazyDynaClass.java"
"bean_3184",327,"if (dynaProperty == null && !isReturnNull() && !isRestricted()) {","if (dynaProperty == null && !isReturnNull() && !true) {","org/apache/commons/beanutils/LazyDynaClass.java"
"bean_3185",331,"return dynaProperty;","return null;","org/apache/commons/beanutils/LazyDynaClass.java"
"bean_3186",350,"if (name == null) {","if (false) {","org/apache/commons/beanutils/LazyDynaClass.java"
"bean_3187",350,"if (name == null) {","if (true) {","org/apache/commons/beanutils/LazyDynaClass.java"
"bean_3188",354,"return propertiesMap.get(name) ==  null ? false : true;","return false ? false : true;","org/apache/commons/beanutils/LazyDynaClass.java"
"bean_3189",354,"return propertiesMap.get(name) ==  null ? false : true;","return true ? false : true;","org/apache/commons/beanutils/LazyDynaClass.java"
"bean_3190",354,"return propertiesMap.get(name) ==  null ? false : true;","return false;","org/apache/commons/beanutils/LazyDynaClass.java"
"bean_3191",115,"return restricted;","return false;","org/apache/commons/beanutils/LazyDynaClass.java"
"bean_3192",115,"return restricted;","return true;","org/apache/commons/beanutils/LazyDynaClass.java"
"bean_3193",139,"return returnNull;","return false;","org/apache/commons/beanutils/LazyDynaClass.java"
"bean_3194",139,"return returnNull;","return true;","org/apache/commons/beanutils/LazyDynaClass.java"
"bean_3195",263,"if (name == null) {","if (false) {","org/apache/commons/beanutils/LazyDynaClass.java"
"bean_3196",263,"if (name == null) {","if (true) {","org/apache/commons/beanutils/LazyDynaClass.java"
"bean_3197",267,"if (isRestricted()) {","if (false) {","org/apache/commons/beanutils/LazyDynaClass.java"
"bean_3198",267,"if (isRestricted()) {","if (true) {","org/apache/commons/beanutils/LazyDynaClass.java"
"bean_3199",272,"if (propertiesMap.get(name) == null) {","if (false) {","org/apache/commons/beanutils/LazyDynaClass.java"
"bean_3200",272,"if (propertiesMap.get(name) == null) {","if (true) {","org/apache/commons/beanutils/LazyDynaClass.java"
"bean_3201",279,"final DynaProperty[] newProperties = new DynaProperty[oldProperties.length-1];","final DynaProperty[] newProperties = new DynaProperty[oldProperties.length+1];","org/apache/commons/beanutils/LazyDynaClass.java"
"bean_3202",281,"for (int i = 0; i < oldProperties.length; i++) {","for (int i = 0; i <= oldProperties.length; i++) {","org/apache/commons/beanutils/LazyDynaClass.java"
"bean_3203",281,"for (int i = 0; i < oldProperties.length; i++) {","for (int i = 0; false; i++) {","org/apache/commons/beanutils/LazyDynaClass.java"
"bean_3204",281,"for (int i = 0; i < oldProperties.length; i++) {","for (int i = 0; true; i++) {","org/apache/commons/beanutils/LazyDynaClass.java"
"bean_3205",282,"if (!(name.equals(oldProperties[i].getName()))) {","if (!(false)) {","org/apache/commons/beanutils/LazyDynaClass.java"
"bean_3206",282,"if (!(name.equals(oldProperties[i].getName()))) {","if (!(true)) {","org/apache/commons/beanutils/LazyDynaClass.java"
"bean_3207",284,"j++;","j--;","org/apache/commons/beanutils/LazyDynaClass.java"
"bean_3208",289,"setProperties(newProperties);","// removed call to setProperties()","org/apache/commons/beanutils/LazyDynaClass.java"
"bean_3209",80,"if (dynaBean == null) {","if (false) {","org/apache/commons/beanutils/BaseDynaBeanMapDecorator.java"
"bean_3210",80,"if (dynaBean == null) {","if (true) {","org/apache/commons/beanutils/BaseDynaBeanMapDecorator.java"
"bean_3211",123,"return (dynaProperty == null ? false : true);","return (false ? false : true);","org/apache/commons/beanutils/BaseDynaBeanMapDecorator.java"
"bean_3212",123,"return (dynaProperty == null ? false : true);","return (true ? false : true);","org/apache/commons/beanutils/BaseDynaBeanMapDecorator.java"
"bean_3213",123,"return (dynaProperty == null ? false : true);","return false;","org/apache/commons/beanutils/BaseDynaBeanMapDecorator.java"
"bean_3214",140,"if (value == null) {","if (false) {","org/apache/commons/beanutils/BaseDynaBeanMapDecorator.java"
"bean_3215",140,"if (value == null) {","if (true) {","org/apache/commons/beanutils/BaseDynaBeanMapDecorator.java"
"bean_3216",141,"if (prop == null) {","if (false) {","org/apache/commons/beanutils/BaseDynaBeanMapDecorator.java"
"bean_3217",141,"if (prop == null) {","if (true) {","org/apache/commons/beanutils/BaseDynaBeanMapDecorator.java"
"bean_3218",142,"return true;","return false;","org/apache/commons/beanutils/BaseDynaBeanMapDecorator.java"
"bean_3219",145,"if (value.equals(prop)) {","if (false) {","org/apache/commons/beanutils/BaseDynaBeanMapDecorator.java"
"bean_3220",145,"if (value.equals(prop)) {","if (true) {","org/apache/commons/beanutils/BaseDynaBeanMapDecorator.java"
"bean_3221",146,"return true;","return false;","org/apache/commons/beanutils/BaseDynaBeanMapDecorator.java"
"bean_3222",150,"return false;","return true;","org/apache/commons/beanutils/BaseDynaBeanMapDecorator.java"
"bean_3223",171,"return Collections.unmodifiableSet(set);","return Collections.emptySet();","org/apache/commons/beanutils/BaseDynaBeanMapDecorator.java"
"bean_3224",182,"return getDynaBean().get(toString(key));","return null;","org/apache/commons/beanutils/BaseDynaBeanMapDecorator.java"
"bean_3225",312,"return dynaBean;","return null;","org/apache/commons/beanutils/BaseDynaBeanMapDecorator.java"
"bean_3226",332,"return getDynaBean().getDynaClass().getDynaProperties();","return null;","org/apache/commons/beanutils/BaseDynaBeanMapDecorator.java"
"bean_3227",193,"return (getDynaProperties().length == 0);","return (false);","org/apache/commons/beanutils/BaseDynaBeanMapDecorator.java"
"bean_3228",193,"return (getDynaProperties().length == 0);","return (true);","org/apache/commons/beanutils/BaseDynaBeanMapDecorator.java"
"bean_3229",193,"return (getDynaProperties().length == 0);","return true;","org/apache/commons/beanutils/BaseDynaBeanMapDecorator.java"
"bean_3230",98,"return readOnly;","return false;","org/apache/commons/beanutils/BaseDynaBeanMapDecorator.java"
"bean_3231",98,"return readOnly;","return true;","org/apache/commons/beanutils/BaseDynaBeanMapDecorator.java"
"bean_3232",208,"if (keySet != null) {","if (false) {","org/apache/commons/beanutils/BaseDynaBeanMapDecorator.java"
"bean_3233",208,"if (keySet != null) {","if (true) {","org/apache/commons/beanutils/BaseDynaBeanMapDecorator.java"
"bean_3234",209,"return keySet;","return Collections.emptySet();","org/apache/commons/beanutils/BaseDynaBeanMapDecorator.java"
"bean_3235",222,"if (!(dynaClass instanceof MutableDynaClass)) {","if (!(false)) {","org/apache/commons/beanutils/BaseDynaBeanMapDecorator.java"
"bean_3236",222,"if (!(dynaClass instanceof MutableDynaClass)) {","if (!(true)) {","org/apache/commons/beanutils/BaseDynaBeanMapDecorator.java"
"bean_3237",226,"return set;","return Collections.emptySet();","org/apache/commons/beanutils/BaseDynaBeanMapDecorator.java"
"bean_3238",241,"if (isReadOnly()) {","if (false) {","org/apache/commons/beanutils/BaseDynaBeanMapDecorator.java"
"bean_3239",241,"if (isReadOnly()) {","if (true) {","org/apache/commons/beanutils/BaseDynaBeanMapDecorator.java"
"bean_3240",246,"getDynaBean().set(property, value);","getDynaBean().  // removed call to set()","org/apache/commons/beanutils/BaseDynaBeanMapDecorator.java"
"bean_3241",247,"return previous;","return null;","org/apache/commons/beanutils/BaseDynaBeanMapDecorator.java"
"bean_3242",258,"if (isReadOnly()) {","if (false) {","org/apache/commons/beanutils/BaseDynaBeanMapDecorator.java"
"bean_3243",258,"if (isReadOnly()) {","if (true) {","org/apache/commons/beanutils/BaseDynaBeanMapDecorator.java"
"bean_3244",283,"return getDynaProperties().length;","return 0;","org/apache/commons/beanutils/BaseDynaBeanMapDecorator.java"
"bean_3245",343,"return (obj == null ? null : obj.toString());","return (false ? null : obj.toString());","org/apache/commons/beanutils/BaseDynaBeanMapDecorator.java"
"bean_3246",343,"return (obj == null ? null : obj.toString());","return (true ? null : obj.toString());","org/apache/commons/beanutils/BaseDynaBeanMapDecorator.java"
"bean_3247",343,"return (obj == null ? null : obj.toString());","return """";","org/apache/commons/beanutils/BaseDynaBeanMapDecorator.java"
"bean_3248",300,"return Collections.unmodifiableList(values);","return Collections.emptyList();","org/apache/commons/beanutils/BaseDynaBeanMapDecorator.java"
"bean_3249",358,"if (!(o instanceof Map.Entry)) {","if (!(false)) {","org/apache/commons/beanutils/BaseDynaBeanMapDecorator.java"
"bean_3250",358,"if (!(o instanceof Map.Entry)) {","if (!(true)) {","org/apache/commons/beanutils/BaseDynaBeanMapDecorator.java"
"bean_3251",359,"return false;","return true;","org/apache/commons/beanutils/BaseDynaBeanMapDecorator.java"
"bean_3252",362,"return ((key.equals(e.getKey())) &&","return ((false) &&","org/apache/commons/beanutils/BaseDynaBeanMapDecorator.java"
"bean_3253",362,"return ((key.equals(e.getKey())) &&","return ((true) &&","org/apache/commons/beanutils/BaseDynaBeanMapDecorator.java"
"bean_3254",362,"return ((key.equals(e.getKey())) &&","return true;","org/apache/commons/beanutils/BaseDynaBeanMapDecorator.java"
"bean_3255",363,"(value == null ? e.getValue() == null","(false ? e.getValue() == null","org/apache/commons/beanutils/BaseDynaBeanMapDecorator.java"
"bean_3256",363,"(value == null ? e.getValue() == null","(true ? e.getValue() == null","org/apache/commons/beanutils/BaseDynaBeanMapDecorator.java"
"bean_3257",364,": value.equals(e.getValue())));",": false));","org/apache/commons/beanutils/BaseDynaBeanMapDecorator.java"
"bean_3258",364,": value.equals(e.getValue())));",": true));","org/apache/commons/beanutils/BaseDynaBeanMapDecorator.java"
"bean_3259",371,"return key;","return null;","org/apache/commons/beanutils/BaseDynaBeanMapDecorator.java"
"bean_3260",374,"return value;","return null;","org/apache/commons/beanutils/BaseDynaBeanMapDecorator.java"
"bean_3261",368,"return key.hashCode() + (value == null ? 0 : value.hashCode());","return key.hashCode() + (false ? 0 : value.hashCode());","org/apache/commons/beanutils/BaseDynaBeanMapDecorator.java"
"bean_3262",368,"return key.hashCode() + (value == null ? 0 : value.hashCode());","return key.hashCode() + (true ? 0 : value.hashCode());","org/apache/commons/beanutils/BaseDynaBeanMapDecorator.java"
"bean_3263",368,"return key.hashCode() + (value == null ? 0 : value.hashCode());","return key.hashCode() - (value == null ? 0 : value.hashCode());","org/apache/commons/beanutils/BaseDynaBeanMapDecorator.java"
"bean_3264",368,"return key.hashCode() + (value == null ? 0 : value.hashCode());","return 0;","org/apache/commons/beanutils/BaseDynaBeanMapDecorator.java"
"bean_3265",120,"mapConverters.setFast(false);","// removed call to setFast()","org/apache/commons/beanutils/locale/LocaleConvertUtilsBean.java"
"bean_3266",121,"deregister();","// removed call to deregister()","org/apache/commons/beanutils/locale/LocaleConvertUtilsBean.java"
"bean_3267",122,"mapConverters.setFast(true);","// removed call to setFast()","org/apache/commons/beanutils/locale/LocaleConvertUtilsBean.java"
"bean_3268",182,"return convert(value, defaultLocale, null);","return """";","org/apache/commons/beanutils/locale/LocaleConvertUtilsBean.java"
"bean_3269",197,"return convert(value, defaultLocale, pattern);","return """";","org/apache/commons/beanutils/locale/LocaleConvertUtilsBean.java"
"bean_3270",216,"return converter.convert(String.class, value, pattern);","return """";","org/apache/commons/beanutils/locale/LocaleConvertUtilsBean.java"
"bean_3271",232,"return convert(value, clazz, defaultLocale, null);","return null;","org/apache/commons/beanutils/locale/LocaleConvertUtilsBean.java"
"bean_3272",250,"return convert(value, clazz, defaultLocale, pattern);","return null;","org/apache/commons/beanutils/locale/LocaleConvertUtilsBean.java"
"bean_3273",278,"if (converter == null) {","if (false) {","org/apache/commons/beanutils/locale/LocaleConvertUtilsBean.java"
"bean_3274",278,"if (converter == null) {","if (true) {","org/apache/commons/beanutils/locale/LocaleConvertUtilsBean.java"
"bean_3275",286,"return (converter.convert(targetClass, value, pattern));","return null;","org/apache/commons/beanutils/locale/LocaleConvertUtilsBean.java"
"bean_3276",319,"return convert(values, clazz, getDefaultLocale(), null);","return null;","org/apache/commons/beanutils/locale/LocaleConvertUtilsBean.java"
"bean_3277",303,"return convert(values, clazz, getDefaultLocale(), pattern);","return null;","org/apache/commons/beanutils/locale/LocaleConvertUtilsBean.java"
"bean_3278",338,"if (clazz.isArray()) {","if (false) {","org/apache/commons/beanutils/locale/LocaleConvertUtilsBean.java"
"bean_3279",338,"if (clazz.isArray()) {","if (true) {","org/apache/commons/beanutils/locale/LocaleConvertUtilsBean.java"
"bean_3280",348,"for (int i = 0; i < values.length; i++) {","for (int i = 0; i <= values.length; i++) {","org/apache/commons/beanutils/locale/LocaleConvertUtilsBean.java"
"bean_3281",348,"for (int i = 0; i < values.length; i++) {","for (int i = 0; false; i++) {","org/apache/commons/beanutils/locale/LocaleConvertUtilsBean.java"
"bean_3282",348,"for (int i = 0; i < values.length; i++) {","for (int i = 0; true; i++) {","org/apache/commons/beanutils/locale/LocaleConvertUtilsBean.java"
"bean_3283",349,"Array.set(array, i, convert(values[i], type, locale, pattern));","Array.set(array, i, convert(values[i], type, locale, pattern));  // removed call to set()","org/apache/commons/beanutils/locale/LocaleConvertUtilsBean.java"
"bean_3284",352,"return (array);","return null;","org/apache/commons/beanutils/locale/LocaleConvertUtilsBean.java"
"bean_3285",467,"converter.setFast(false);","// removed call to setFast()","org/apache/commons/beanutils/locale/LocaleConvertUtilsBean.java"
"bean_3286",500,"converter.setFast(true);","// removed call to setFast()","org/apache/commons/beanutils/locale/LocaleConvertUtilsBean.java"
"bean_3287",502,"return converter;","return null;","org/apache/commons/beanutils/locale/LocaleConvertUtilsBean.java"
"bean_3288",376,"mapConverters.setFast(false);","// removed call to setFast()","org/apache/commons/beanutils/locale/LocaleConvertUtilsBean.java"
"bean_3289",378,"mapConverters.clear();","// removed call to clear()","org/apache/commons/beanutils/locale/LocaleConvertUtilsBean.java"
"bean_3290",381,"mapConverters.setFast(true);","// removed call to setFast()","org/apache/commons/beanutils/locale/LocaleConvertUtilsBean.java"
"bean_3291",157,"return applyLocalized;","return false;","org/apache/commons/beanutils/locale/LocaleConvertUtilsBean.java"
"bean_3292",157,"return applyLocalized;","return true;","org/apache/commons/beanutils/locale/LocaleConvertUtilsBean.java"
"bean_3293",133,"return defaultLocale;","return null;","org/apache/commons/beanutils/locale/LocaleConvertUtilsBean.java"
"bean_3294",93,"return LocaleBeanUtilsBean.getLocaleBeanUtilsInstance().getLocaleConvertUtils();","return null;","org/apache/commons/beanutils/locale/LocaleConvertUtilsBean.java"
"bean_3295",424,"return converter;","return null;","org/apache/commons/beanutils/locale/LocaleConvertUtilsBean.java"
"bean_3296",440,"if (locale == null) {","if (false) {","org/apache/commons/beanutils/locale/LocaleConvertUtilsBean.java"
"bean_3297",440,"if (locale == null) {","if (true) {","org/apache/commons/beanutils/locale/LocaleConvertUtilsBean.java"
"bean_3298",446,"if (localeConverters == null) {","if (false) {","org/apache/commons/beanutils/locale/LocaleConvertUtilsBean.java"
"bean_3299",446,"if (localeConverters == null) {","if (true) {","org/apache/commons/beanutils/locale/LocaleConvertUtilsBean.java"
"bean_3300",452,"return localeConverters;","return null;","org/apache/commons/beanutils/locale/LocaleConvertUtilsBean.java"
"bean_3301",142,"if (locale == null) {","if (false) {","org/apache/commons/beanutils/locale/LocaleConvertUtilsBean.java"
"bean_3302",142,"if (locale == null) {","if (true) {","org/apache/commons/beanutils/locale/LocaleConvertUtilsBean.java"
"bean_3303",522,"map.clear();","// removed call to clear()","org/apache/commons/beanutils/locale/LocaleConvertUtilsBean.java"
"bean_3304",526,"return map.containsKey(key);","return false;","org/apache/commons/beanutils/locale/LocaleConvertUtilsBean.java"
"bean_3305",526,"return map.containsKey(key);","return true;","org/apache/commons/beanutils/locale/LocaleConvertUtilsBean.java"
"bean_3306",530,"return map.containsValue(value);","return false;","org/apache/commons/beanutils/locale/LocaleConvertUtilsBean.java"
"bean_3307",530,"return map.containsValue(value);","return true;","org/apache/commons/beanutils/locale/LocaleConvertUtilsBean.java"
"bean_3308",534,"return map.entrySet();","return Collections.emptySet();","org/apache/commons/beanutils/locale/LocaleConvertUtilsBean.java"
"bean_3309",538,"return map.equals(o);","return false;","org/apache/commons/beanutils/locale/LocaleConvertUtilsBean.java"
"bean_3310",538,"return map.equals(o);","return true;","org/apache/commons/beanutils/locale/LocaleConvertUtilsBean.java"
"bean_3311",542,"return map.get(key);","return null;","org/apache/commons/beanutils/locale/LocaleConvertUtilsBean.java"
"bean_3312",581,"return BeanUtils.getCacheFast(map);","return false;","org/apache/commons/beanutils/locale/LocaleConvertUtilsBean.java"
"bean_3313",581,"return BeanUtils.getCacheFast(map);","return true;","org/apache/commons/beanutils/locale/LocaleConvertUtilsBean.java"
"bean_3314",546,"return map.hashCode();","return 0;","org/apache/commons/beanutils/locale/LocaleConvertUtilsBean.java"
"bean_3315",550,"return map.isEmpty();","return false;","org/apache/commons/beanutils/locale/LocaleConvertUtilsBean.java"
"bean_3316",550,"return map.isEmpty();","return true;","org/apache/commons/beanutils/locale/LocaleConvertUtilsBean.java"
"bean_3317",554,"return map.keySet();","return Collections.emptySet();","org/apache/commons/beanutils/locale/LocaleConvertUtilsBean.java"
"bean_3318",558,"return map.put(key, value);","return null;","org/apache/commons/beanutils/locale/LocaleConvertUtilsBean.java"
"bean_3319",565,"map.putAll(m);","// removed call to putAll()","org/apache/commons/beanutils/locale/LocaleConvertUtilsBean.java"
"bean_3320",569,"return map.remove(key);","return null;","org/apache/commons/beanutils/locale/LocaleConvertUtilsBean.java"
"bean_3321",585,"BeanUtils.setCacheFast(map, fast);","// removed call to setCacheFast()","org/apache/commons/beanutils/locale/LocaleConvertUtilsBean.java"
"bean_3322",573,"return map.size();","return 0;","org/apache/commons/beanutils/locale/LocaleConvertUtilsBean.java"
"bean_3323",577,"return map.values();","return Collections.emptyList();","org/apache/commons/beanutils/locale/LocaleConvertUtilsBean.java"
"bean_3324",178,"PropertyUtilsBean.getInstance().addBeanIntrospector(introspector);","PropertyUtilsBean.getInstance().  // removed call to addBeanIntrospector()","org/apache/commons/beanutils/PropertyUtils.java"
"bean_3325",154,"PropertyUtilsBean.getInstance().clearDescriptors();","PropertyUtilsBean.getInstance().  // removed call to clearDescriptors()","org/apache/commons/beanutils/PropertyUtils.java"
"bean_3326",219,"PropertyUtilsBean.getInstance().copyProperties(dest, orig);","PropertyUtilsBean.getInstance().  // removed call to copyProperties()","org/apache/commons/beanutils/PropertyUtils.java"
"bean_3327",245,"return (PropertyUtilsBean.getInstance().describe(bean));","return Collections.emptyMap();","org/apache/commons/beanutils/PropertyUtils.java"
"bean_3328",127,"return (debug);","return 0;","org/apache/commons/beanutils/PropertyUtils.java"
"bean_3329",277,"return (PropertyUtilsBean.getInstance().getIndexedProperty(bean, name));","return null;","org/apache/commons/beanutils/PropertyUtils.java"
"bean_3330",310,"return (PropertyUtilsBean.getInstance().getIndexedProperty(bean, name, index));","return null;","org/apache/commons/beanutils/PropertyUtils.java"
"bean_3331",337,"return (PropertyUtilsBean.getInstance().getMappedProperty(bean, name));","return null;","org/apache/commons/beanutils/PropertyUtils.java"
"bean_3332",366,"return PropertyUtilsBean.getInstance().getMappedProperty(bean, name, key);","return null;","org/apache/commons/beanutils/PropertyUtils.java"
"bean_3333",384,"return PropertyUtilsBean.getInstance().getMappedPropertyDescriptors(beanClass);","return null;","org/apache/commons/beanutils/PropertyUtils.java"
"bean_3334",402,"return PropertyUtilsBean.getInstance().getMappedPropertyDescriptors(bean);","return null;","org/apache/commons/beanutils/PropertyUtils.java"
"bean_3335",433,"return PropertyUtilsBean.getInstance().getNestedProperty(bean, name);","return null;","org/apache/commons/beanutils/PropertyUtils.java"
"bean_3336",464,"return (PropertyUtilsBean.getInstance().getProperty(bean, name));","return null;","org/apache/commons/beanutils/PropertyUtils.java"
"bean_3337",498,"return PropertyUtilsBean.getInstance().getPropertyDescriptor(bean, name);","return null;","org/apache/commons/beanutils/PropertyUtils.java"
"bean_3338",518,"return PropertyUtilsBean.getInstance().getPropertyDescriptors(beanClass);","return null;","org/apache/commons/beanutils/PropertyUtils.java"
"bean_3339",537,"return PropertyUtilsBean.getInstance().getPropertyDescriptors(bean);","return null;","org/apache/commons/beanutils/PropertyUtils.java"
"bean_3340",569,"return PropertyUtilsBean.getInstance().getPropertyEditorClass(bean, name);","return null;","org/apache/commons/beanutils/PropertyUtils.java"
"bean_3341",602,"return PropertyUtilsBean.getInstance().getPropertyType(bean, name);","return null;","org/apache/commons/beanutils/PropertyUtils.java"
"bean_3342",618,"return (PropertyUtilsBean.getInstance().getReadMethod(descriptor));","return null;","org/apache/commons/beanutils/PropertyUtils.java"
"bean_3343",649,"return PropertyUtilsBean.getInstance().getSimpleProperty(bean, name);","return null;","org/apache/commons/beanutils/PropertyUtils.java"
"bean_3344",666,"return PropertyUtilsBean.getInstance().getWriteMethod(descriptor);","return null;","org/apache/commons/beanutils/PropertyUtils.java"
"bean_3345",690,"return PropertyUtilsBean.getInstance().isReadable(bean, name);","return false;","org/apache/commons/beanutils/PropertyUtils.java"
"bean_3346",690,"return PropertyUtilsBean.getInstance().isReadable(bean, name);","return true;","org/apache/commons/beanutils/PropertyUtils.java"
"bean_3347",713,"return PropertyUtilsBean.getInstance().isWriteable(bean, name);","return false;","org/apache/commons/beanutils/PropertyUtils.java"
"bean_3348",713,"return PropertyUtilsBean.getInstance().isWriteable(bean, name);","return true;","org/apache/commons/beanutils/PropertyUtils.java"
"bean_3349",190,"return PropertyUtilsBean.getInstance().removeBeanIntrospector(","return false;","org/apache/commons/beanutils/PropertyUtils.java"
"bean_3350",190,"return PropertyUtilsBean.getInstance().removeBeanIntrospector(","return true;","org/apache/commons/beanutils/PropertyUtils.java"
"bean_3351",165,"PropertyUtilsBean.getInstance().resetBeanIntrospectors();","PropertyUtilsBean.getInstance().  // removed call to resetBeanIntrospectors()","org/apache/commons/beanutils/PropertyUtils.java"
"bean_3352",779,"PropertyUtilsBean.getInstance().setIndexedProperty(bean, name, index, value);","PropertyUtilsBean.getInstance().  // removed call to setIndexedProperty()","org/apache/commons/beanutils/PropertyUtils.java"
"bean_3353",746,"PropertyUtilsBean.getInstance().setIndexedProperty(bean, name, value);","PropertyUtilsBean.getInstance().  // removed call to setIndexedProperty()","org/apache/commons/beanutils/PropertyUtils.java"
"bean_3354",807,"PropertyUtilsBean.getInstance().setMappedProperty(bean, name, value);","PropertyUtilsBean.getInstance().  // removed call to setMappedProperty()","org/apache/commons/beanutils/PropertyUtils.java"
"bean_3355",835,"PropertyUtilsBean.getInstance().setMappedProperty(bean, name, key, value);","PropertyUtilsBean.getInstance().  // removed call to setMappedProperty()","org/apache/commons/beanutils/PropertyUtils.java"
"bean_3356",866,"PropertyUtilsBean.getInstance().setNestedProperty(bean, name, value);","PropertyUtilsBean.getInstance().  // removed call to setNestedProperty()","org/apache/commons/beanutils/PropertyUtils.java"
"bean_3357",896,"PropertyUtilsBean.getInstance().setProperty(bean, name, value);","PropertyUtilsBean.getInstance().  // removed call to setProperty()","org/apache/commons/beanutils/PropertyUtils.java"
"bean_3358",928,"PropertyUtilsBean.getInstance().setSimpleProperty(bean, name, value);","PropertyUtilsBean.getInstance().  // removed call to setSimpleProperty()","org/apache/commons/beanutils/PropertyUtils.java"
"bean_3359",70,"introspect();","// removed call to introspect()","org/apache/commons/beanutils/WrapDynaClass.java"
"bean_3360",391,"getClassesCache().clear();","getClassesCache().  // removed call to clear()","org/apache/commons/beanutils/WrapDynaClass.java"
"bean_3361",405,"return createDynaClass(beanClass, null);","return null;","org/apache/commons/beanutils/WrapDynaClass.java"
"bean_3362",424,"final PropertyUtilsBean propUtils = (pu != null) ? pu : PropertyUtilsBean.getInstance();","final PropertyUtilsBean propUtils = (false) ? pu : PropertyUtilsBean.getInstance();","org/apache/commons/beanutils/WrapDynaClass.java"
"bean_3363",424,"final PropertyUtilsBean propUtils = (pu != null) ? pu : PropertyUtilsBean.getInstance();","final PropertyUtilsBean propUtils = (true) ? pu : PropertyUtilsBean.getInstance();","org/apache/commons/beanutils/WrapDynaClass.java"
"bean_3364",427,"if (dynaClass == null) {","if (false) {","org/apache/commons/beanutils/WrapDynaClass.java"
"bean_3365",427,"if (dynaClass == null) {","if (true) {","org/apache/commons/beanutils/WrapDynaClass.java"
"bean_3366",431,"return (dynaClass);","return null;","org/apache/commons/beanutils/WrapDynaClass.java"
"bean_3367",276,"return beanClassRef.get();","return null;","org/apache/commons/beanutils/WrapDynaClass.java"
"bean_3368",158,"return CLASSLOADER_CACHE.get();","return Collections.emptyMap();","org/apache/commons/beanutils/WrapDynaClass.java"
"bean_3369",148,"return cache;","return Collections.emptyMap();","org/apache/commons/beanutils/WrapDynaClass.java"
"bean_3370",328,"return (properties);","return null;","org/apache/commons/beanutils/WrapDynaClass.java"
"bean_3371",306,"if (name == null) {","if (false) {","org/apache/commons/beanutils/WrapDynaClass.java"
"bean_3372",306,"if (name == null) {","if (true) {","org/apache/commons/beanutils/WrapDynaClass.java"
"bean_3373",310,"return (propertiesMap.get(name));","return null;","org/apache/commons/beanutils/WrapDynaClass.java"
"bean_3374",289,"return beanClassName;","return """";","org/apache/commons/beanutils/WrapDynaClass.java"
"bean_3375",378,"return (descriptorsMap.get(name));","return null;","org/apache/commons/beanutils/WrapDynaClass.java"
"bean_3376",446,"return propertyUtilsBean;","return null;","org/apache/commons/beanutils/WrapDynaClass.java"
"bean_3377",458,"if (regulars == null) {","if (false) {","org/apache/commons/beanutils/WrapDynaClass.java"
"bean_3378",458,"if (regulars == null) {","if (true) {","org/apache/commons/beanutils/WrapDynaClass.java"
"bean_3379",464,"if (mappeds == null) {","if (false) {","org/apache/commons/beanutils/WrapDynaClass.java"
"bean_3380",464,"if (mappeds == null) {","if (true) {","org/apache/commons/beanutils/WrapDynaClass.java"
"bean_3381",469,"properties = new DynaProperty[regulars.length + mappeds.size()];","properties = new DynaProperty[regulars.length - mappeds.size()];","org/apache/commons/beanutils/WrapDynaClass.java"
"bean_3382",470,"for (int i = 0; i < regulars.length; i++) {","for (int i = 0; i <= regulars.length; i++) {","org/apache/commons/beanutils/WrapDynaClass.java"
"bean_3383",470,"for (int i = 0; i < regulars.length; i++) {","for (int i = 0; false; i++) {","org/apache/commons/beanutils/WrapDynaClass.java"
"bean_3384",470,"for (int i = 0; i < regulars.length; i++) {","for (int i = 0; true; i++) {","org/apache/commons/beanutils/WrapDynaClass.java"
"bean_3385",481,"while (names.hasNext()) {","while (false) {","org/apache/commons/beanutils/WrapDynaClass.java"
"bean_3386",481,"while (names.hasNext()) {","while (true) {","org/apache/commons/beanutils/WrapDynaClass.java"
"bean_3387",490,"j++;","j--;","org/apache/commons/beanutils/WrapDynaClass.java"
"bean_3388",361,"return new WrapDynaBean(getBeanClass().newInstance());","return null;","org/apache/commons/beanutils/WrapDynaClass.java"
"bean_3389",135,"return new WeakHashMap<CacheKey, WrapDynaClass>();","return Collections.emptyMap();","org/apache/commons/beanutils/WrapDynaClass.java"
"bean_3390",201,"getDynaClassesMap().clear();","getDynaClassesMap().  // removed call to clear()","org/apache/commons/beanutils/WrapDynaClass.java"
"bean_3391",205,"return getDynaClassesMap().containsKey(key);","return false;","org/apache/commons/beanutils/WrapDynaClass.java"
"bean_3392",205,"return getDynaClassesMap().containsKey(key);","return true;","org/apache/commons/beanutils/WrapDynaClass.java"
"bean_3393",209,"return getDynaClassesMap().containsValue(value);","return false;","org/apache/commons/beanutils/WrapDynaClass.java"
"bean_3394",209,"return getDynaClassesMap().containsValue(value);","return true;","org/apache/commons/beanutils/WrapDynaClass.java"
"bean_3395",213,"return getDynaClassesMap().entrySet();","return Collections.emptySet();","org/apache/commons/beanutils/WrapDynaClass.java"
"bean_3396",217,"return getDynaClassesMap().equals(o);","return false;","org/apache/commons/beanutils/WrapDynaClass.java"
"bean_3397",217,"return getDynaClassesMap().equals(o);","return true;","org/apache/commons/beanutils/WrapDynaClass.java"
"bean_3398",221,"return getDynaClassesMap().get(key);","return null;","org/apache/commons/beanutils/WrapDynaClass.java"
"bean_3399",225,"return getDynaClassesMap().hashCode();","return 0;","org/apache/commons/beanutils/WrapDynaClass.java"
"bean_3400",229,"return getDynaClassesMap().isEmpty();","return false;","org/apache/commons/beanutils/WrapDynaClass.java"
"bean_3401",229,"return getDynaClassesMap().isEmpty();","return true;","org/apache/commons/beanutils/WrapDynaClass.java"
"bean_3402",238,"return result;","return Collections.emptySet();","org/apache/commons/beanutils/WrapDynaClass.java"
"bean_3403",242,"return getClassesCache().put(","return null;","org/apache/commons/beanutils/WrapDynaClass.java"
"bean_3404",254,"return getDynaClassesMap().remove(key);","return null;","org/apache/commons/beanutils/WrapDynaClass.java"
"bean_3405",258,"return getDynaClassesMap().size();","return 0;","org/apache/commons/beanutils/WrapDynaClass.java"
"bean_3406",262,"return getDynaClassesMap().values();","return Collections.emptyList();","org/apache/commons/beanutils/WrapDynaClass.java"
"bean_3407",529,"if (this == obj) {","if (true) {","org/apache/commons/beanutils/WrapDynaClass.java"
"bean_3408",530,"return true;","return false;","org/apache/commons/beanutils/WrapDynaClass.java"
"bean_3409",532,"if (!(obj instanceof CacheKey)) {","if (!(false)) {","org/apache/commons/beanutils/WrapDynaClass.java"
"bean_3410",532,"if (!(obj instanceof CacheKey)) {","if (!(true)) {","org/apache/commons/beanutils/WrapDynaClass.java"
"bean_3411",533,"return false;","return true;","org/apache/commons/beanutils/WrapDynaClass.java"
"bean_3412",537,"return beanClass.equals(c.beanClass) && propUtils.equals(c.propUtils);","return false && propUtils.equals(c.propUtils);","org/apache/commons/beanutils/WrapDynaClass.java"
"bean_3413",537,"return beanClass.equals(c.beanClass) && propUtils.equals(c.propUtils);","return true && propUtils.equals(c.propUtils);","org/apache/commons/beanutils/WrapDynaClass.java"
"bean_3414",537,"return beanClass.equals(c.beanClass) && propUtils.equals(c.propUtils);","return beanClass.equals(c.beanClass) && false;","org/apache/commons/beanutils/WrapDynaClass.java"
"bean_3415",537,"return beanClass.equals(c.beanClass) && propUtils.equals(c.propUtils);","return beanClass.equals(c.beanClass) && true;","org/apache/commons/beanutils/WrapDynaClass.java"
"bean_3416",537,"return beanClass.equals(c.beanClass) && propUtils.equals(c.propUtils);","return true;","org/apache/commons/beanutils/WrapDynaClass.java"
"bean_3417",522,"result = factor * beanClass.hashCode() + result;","result = factor / beanClass.hashCode() + result;","org/apache/commons/beanutils/WrapDynaClass.java"
"bean_3418",522,"result = factor * beanClass.hashCode() + result;","result = factor * beanClass.hashCode() - result;","org/apache/commons/beanutils/WrapDynaClass.java"
"bean_3419",523,"result = factor * propUtils.hashCode() + result;","result = factor / propUtils.hashCode() + result;","org/apache/commons/beanutils/WrapDynaClass.java"
"bean_3420",523,"result = factor * propUtils.hashCode() + result;","result = factor * propUtils.hashCode() - result;","org/apache/commons/beanutils/WrapDynaClass.java"
"bean_3421",524,"return result;","return 0;","org/apache/commons/beanutils/WrapDynaClass.java"
"bean_3422",130,"if (useDefault) {","if (false) {","org/apache/commons/beanutils/locale/BaseLocaleConverter.java"
"bean_3423",130,"if (useDefault) {","if (true) {","org/apache/commons/beanutils/locale/BaseLocaleConverter.java"
"bean_3424",135,"if (locale != null) {","if (false) {","org/apache/commons/beanutils/locale/BaseLocaleConverter.java"
"bean_3425",135,"if (locale != null) {","if (true) {","org/apache/commons/beanutils/locale/BaseLocaleConverter.java"
"bean_3426",278,"if (type == null) {","if (false) {","org/apache/commons/beanutils/locale/BaseLocaleConverter.java"
"bean_3427",278,"if (type == null) {","if (true) {","org/apache/commons/beanutils/locale/BaseLocaleConverter.java"
"bean_3428",283,"return temp;","return null;","org/apache/commons/beanutils/locale/BaseLocaleConverter.java"
"bean_3429",286,"if (result == null) {","if (false) {","org/apache/commons/beanutils/locale/BaseLocaleConverter.java"
"bean_3430",286,"if (result == null) {","if (true) {","org/apache/commons/beanutils/locale/BaseLocaleConverter.java"
"bean_3431",289,"if (type.isInstance(result)) {","if (false) {","org/apache/commons/beanutils/locale/BaseLocaleConverter.java"
"bean_3432",289,"if (type.isInstance(result)) {","if (true) {","org/apache/commons/beanutils/locale/BaseLocaleConverter.java"
"bean_3433",290,"return type.cast(result);","return null;","org/apache/commons/beanutils/locale/BaseLocaleConverter.java"
"bean_3434",201,"return convert(type, value, null);","return null;","org/apache/commons/beanutils/locale/BaseLocaleConverter.java"
"bean_3435",221,"if (value == null) {","if (false) {","org/apache/commons/beanutils/locale/BaseLocaleConverter.java"
"bean_3436",221,"if (value == null) {","if (true) {","org/apache/commons/beanutils/locale/BaseLocaleConverter.java"
"bean_3437",222,"if (useDefault) {","if (false) {","org/apache/commons/beanutils/locale/BaseLocaleConverter.java"
"bean_3438",222,"if (useDefault) {","if (true) {","org/apache/commons/beanutils/locale/BaseLocaleConverter.java"
"bean_3439",223,"return getDefaultAs(targetType);","return null;","org/apache/commons/beanutils/locale/BaseLocaleConverter.java"
"bean_3440",233,"if (pattern != null) {","if (false) {","org/apache/commons/beanutils/locale/BaseLocaleConverter.java"
"bean_3441",233,"if (pattern != null) {","if (true) {","org/apache/commons/beanutils/locale/BaseLocaleConverter.java"
"bean_3442",234,"return checkConversionResult(targetType, parse(value, pattern));","return null;","org/apache/commons/beanutils/locale/BaseLocaleConverter.java"
"bean_3443",236,"return checkConversionResult(targetType, parse(value, this.pattern));","return null;","org/apache/commons/beanutils/locale/BaseLocaleConverter.java"
"bean_3444",239,"if (useDefault) {","if (false) {","org/apache/commons/beanutils/locale/BaseLocaleConverter.java"
"bean_3445",239,"if (useDefault) {","if (true) {","org/apache/commons/beanutils/locale/BaseLocaleConverter.java"
"bean_3446",240,"return getDefaultAs(targetType);","return null;","org/apache/commons/beanutils/locale/BaseLocaleConverter.java"
"bean_3447",242,"if (e instanceof ConversionException) {","if (false) {","org/apache/commons/beanutils/locale/BaseLocaleConverter.java"
"bean_3448",242,"if (e instanceof ConversionException) {","if (true) {","org/apache/commons/beanutils/locale/BaseLocaleConverter.java"
"bean_3449",171,"return convert(value, null);","return null;","org/apache/commons/beanutils/locale/BaseLocaleConverter.java"
"bean_3450",185,"return convert(null, value, pattern);","return null;","org/apache/commons/beanutils/locale/BaseLocaleConverter.java"
"bean_3451",262,"return checkConversionResult(type, defaultValue);","return null;","org/apache/commons/beanutils/locale/BaseLocaleConverter.java"
"bean_3452",107,"setProperty( property );","// removed call to setProperty()","org/apache/commons/beanutils/BeanComparator.java"
"bean_3453",108,"if (comparator != null) {","if (false) {","org/apache/commons/beanutils/BeanComparator.java"
"bean_3454",108,"if (comparator != null) {","if (true) {","org/apache/commons/beanutils/BeanComparator.java"
"bean_3455",157,"if ( property == null ) {","if ( false ) {","org/apache/commons/beanutils/BeanComparator.java"
"bean_3456",157,"if ( property == null ) {","if ( true ) {","org/apache/commons/beanutils/BeanComparator.java"
"bean_3457",159,"return internalCompare( o1, o2 );","return 0;","org/apache/commons/beanutils/BeanComparator.java"
"bean_3458",165,"return internalCompare( value1, value2 );","return 0;","org/apache/commons/beanutils/BeanComparator.java"
"bean_3459",187,"if (this == o) {","if (true) {","org/apache/commons/beanutils/BeanComparator.java"
"bean_3460",188,"return true;","return false;","org/apache/commons/beanutils/BeanComparator.java"
"bean_3461",190,"if (!(o instanceof BeanComparator)) {","if (!(false)) {","org/apache/commons/beanutils/BeanComparator.java"
"bean_3462",190,"if (!(o instanceof BeanComparator)) {","if (!(true)) {","org/apache/commons/beanutils/BeanComparator.java"
"bean_3463",191,"return false;","return true;","org/apache/commons/beanutils/BeanComparator.java"
"bean_3464",196,"if (!comparator.equals(beanComparator.comparator)) {","if (false) {","org/apache/commons/beanutils/BeanComparator.java"
"bean_3465",196,"if (!comparator.equals(beanComparator.comparator)) {","if (true) {","org/apache/commons/beanutils/BeanComparator.java"
"bean_3466",197,"return false;","return true;","org/apache/commons/beanutils/BeanComparator.java"
"bean_3467",199,"if (property != null)","if (false)","org/apache/commons/beanutils/BeanComparator.java"
"bean_3468",199,"if (property != null)","if (true)","org/apache/commons/beanutils/BeanComparator.java"
"bean_3469",201,"if (!property.equals(beanComparator.property)) {","if (false) {","org/apache/commons/beanutils/BeanComparator.java"
"bean_3470",201,"if (!property.equals(beanComparator.property)) {","if (true) {","org/apache/commons/beanutils/BeanComparator.java"
"bean_3471",202,"return false;","return true;","org/apache/commons/beanutils/BeanComparator.java"
"bean_3472",207,"return (beanComparator.property == null);","return (false);","org/apache/commons/beanutils/BeanComparator.java"
"bean_3473",207,"return (beanComparator.property == null);","return (true);","org/apache/commons/beanutils/BeanComparator.java"
"bean_3474",207,"return (beanComparator.property == null);","return true;","org/apache/commons/beanutils/BeanComparator.java"
"bean_3475",210,"return true;","return false;","org/apache/commons/beanutils/BeanComparator.java"
"bean_3476",143,"return comparator;","return null;","org/apache/commons/beanutils/BeanComparator.java"
"bean_3477",133,"return property;","return """";","org/apache/commons/beanutils/BeanComparator.java"
"bean_3478",221,"return result;","return 0;","org/apache/commons/beanutils/BeanComparator.java"
"bean_3479",238,"return c.compare(val1, val2);","return 0;","org/apache/commons/beanutils/BeanComparator.java"
"bean_3480",125,"if (pd instanceof IndexedPropertyDescriptor) {","if (false) {","org/apache/commons/beanutils/DefaultBeanIntrospector.java"
"bean_3481",125,"if (pd instanceof IndexedPropertyDescriptor) {","if (true) {","org/apache/commons/beanutils/DefaultBeanIntrospector.java"
"bean_3482",131,"if (descriptor.getReadMethod() == null) {","if (false) {","org/apache/commons/beanutils/DefaultBeanIntrospector.java"
"bean_3483",131,"if (descriptor.getReadMethod() == null) {","if (true) {","org/apache/commons/beanutils/DefaultBeanIntrospector.java"
"bean_3484",132,"final String methodName = descriptor.getIndexedReadMethod() != null ? descriptor","final String methodName = false ? descriptor","org/apache/commons/beanutils/DefaultBeanIntrospector.java"
"bean_3485",132,"final String methodName = descriptor.getIndexedReadMethod() != null ? descriptor","final String methodName = true ? descriptor","org/apache/commons/beanutils/DefaultBeanIntrospector.java"
"bean_3486",138,"if (readMethod != null) {","if (false) {","org/apache/commons/beanutils/DefaultBeanIntrospector.java"
"bean_3487",138,"if (readMethod != null) {","if (true) {","org/apache/commons/beanutils/DefaultBeanIntrospector.java"
"bean_3488",140,"descriptor.setReadMethod(readMethod);","// removed call to setReadMethod()","org/apache/commons/beanutils/DefaultBeanIntrospector.java"
"bean_3489",148,"if (descriptor.getWriteMethod() == null) {","if (false) {","org/apache/commons/beanutils/DefaultBeanIntrospector.java"
"bean_3490",148,"if (descriptor.getWriteMethod() == null) {","if (true) {","org/apache/commons/beanutils/DefaultBeanIntrospector.java"
"bean_3491",149,"final String methodName = descriptor.getIndexedWriteMethod() != null ? descriptor","final String methodName = false ? descriptor","org/apache/commons/beanutils/DefaultBeanIntrospector.java"
"bean_3492",149,"final String methodName = descriptor.getIndexedWriteMethod() != null ? descriptor","final String methodName = true ? descriptor","org/apache/commons/beanutils/DefaultBeanIntrospector.java"
"bean_3493",155,"if (writeMethod == null) {","if (false) {","org/apache/commons/beanutils/DefaultBeanIntrospector.java"
"bean_3494",155,"if (writeMethod == null) {","if (true) {","org/apache/commons/beanutils/DefaultBeanIntrospector.java"
"bean_3495",157,"if (m.getName().equals(methodName)) {","if (false) {","org/apache/commons/beanutils/DefaultBeanIntrospector.java"
"bean_3496",157,"if (m.getName().equals(methodName)) {","if (true) {","org/apache/commons/beanutils/DefaultBeanIntrospector.java"
"bean_3497",159,"if (parameterTypes.length == 1","if (false","org/apache/commons/beanutils/DefaultBeanIntrospector.java"
"bean_3498",159,"if (parameterTypes.length == 1","if (true","org/apache/commons/beanutils/DefaultBeanIntrospector.java"
"bean_3499",168,"if (writeMethod != null) {","if (false) {","org/apache/commons/beanutils/DefaultBeanIntrospector.java"
"bean_3500",168,"if (writeMethod != null) {","if (true) {","org/apache/commons/beanutils/DefaultBeanIntrospector.java"
"bean_3501",170,"descriptor.setWriteMethod(writeMethod);","// removed call to setWriteMethod()","org/apache/commons/beanutils/DefaultBeanIntrospector.java"
"bean_3502",89,"if (descriptors == null) {","if (false) {","org/apache/commons/beanutils/DefaultBeanIntrospector.java"
"bean_3503",89,"if (descriptors == null) {","if (true) {","org/apache/commons/beanutils/DefaultBeanIntrospector.java"
"bean_3504",93,"handleIndexedPropertyDescriptors(icontext.getTargetClass(),","handleIndexedPropertyDescriptors(icontext.getTargetClass(),  // removed call to handleIndexedPropertyDescriptors()","org/apache/commons/beanutils/DefaultBeanIntrospector.java"
"bean_3505",95,"icontext.addPropertyDescriptors(descriptors);","// removed call to addPropertyDescriptors()","org/apache/commons/beanutils/DefaultBeanIntrospector.java"
"bean_3506",168,"if ((propertyName != null) && (propertyName.length() > 0)) {","if ((false) && (propertyName.length() > 0)) {","org/apache/commons/beanutils/BeanPropertyValueEqualsPredicate.java"
"bean_3507",168,"if ((propertyName != null) && (propertyName.length() > 0)) {","if ((true) && (propertyName.length() > 0)) {","org/apache/commons/beanutils/BeanPropertyValueEqualsPredicate.java"
"bean_3508",168,"if ((propertyName != null) && (propertyName.length() > 0)) {","if ((propertyName != null) && (propertyName.length() >= 0)) {","org/apache/commons/beanutils/BeanPropertyValueEqualsPredicate.java"
"bean_3509",168,"if ((propertyName != null) && (propertyName.length() > 0)) {","if ((propertyName != null) && (false)) {","org/apache/commons/beanutils/BeanPropertyValueEqualsPredicate.java"
"bean_3510",168,"if ((propertyName != null) && (propertyName.length() > 0)) {","if ((propertyName != null) && (true)) {","org/apache/commons/beanutils/BeanPropertyValueEqualsPredicate.java"
"bean_3511",205,"if (ignoreNull) {","if (false) {","org/apache/commons/beanutils/BeanPropertyValueEqualsPredicate.java"
"bean_3512",205,"if (ignoreNull) {","if (true) {","org/apache/commons/beanutils/BeanPropertyValueEqualsPredicate.java"
"bean_3513",209,"if (!BeanUtils.initCause(iae, e)) {","if (false) {","org/apache/commons/beanutils/BeanPropertyValueEqualsPredicate.java"
"bean_3514",209,"if (!BeanUtils.initCause(iae, e)) {","if (true) {","org/apache/commons/beanutils/BeanPropertyValueEqualsPredicate.java"
"bean_3515",217,"if (!BeanUtils.initCause(iae, e)) {","if (false) {","org/apache/commons/beanutils/BeanPropertyValueEqualsPredicate.java"
"bean_3516",217,"if (!BeanUtils.initCause(iae, e)) {","if (true) {","org/apache/commons/beanutils/BeanPropertyValueEqualsPredicate.java"
"bean_3517",224,"if (!BeanUtils.initCause(iae, e)) {","if (false) {","org/apache/commons/beanutils/BeanPropertyValueEqualsPredicate.java"
"bean_3518",224,"if (!BeanUtils.initCause(iae, e)) {","if (true) {","org/apache/commons/beanutils/BeanPropertyValueEqualsPredicate.java"
"bean_3519",231,"if (!BeanUtils.initCause(iae, e)) {","if (false) {","org/apache/commons/beanutils/BeanPropertyValueEqualsPredicate.java"
"bean_3520",231,"if (!BeanUtils.initCause(iae, e)) {","if (true) {","org/apache/commons/beanutils/BeanPropertyValueEqualsPredicate.java"
"bean_3521",237,"return evaluation;","return false;","org/apache/commons/beanutils/BeanPropertyValueEqualsPredicate.java"
"bean_3522",237,"return evaluation;","return true;","org/apache/commons/beanutils/BeanPropertyValueEqualsPredicate.java"
"bean_3523",249,"return (expected == actual) || ((expected != null) && expected.equals(actual));","return (false) || ((expected != null) && expected.equals(actual));","org/apache/commons/beanutils/BeanPropertyValueEqualsPredicate.java"
"bean_3524",249,"return (expected == actual) || ((expected != null) && expected.equals(actual));","return (true) || ((expected != null) && expected.equals(actual));","org/apache/commons/beanutils/BeanPropertyValueEqualsPredicate.java"
"bean_3525",249,"return (expected == actual) || ((expected != null) && expected.equals(actual));","return (expected == actual) || ((false) && expected.equals(actual));","org/apache/commons/beanutils/BeanPropertyValueEqualsPredicate.java"
"bean_3526",249,"return (expected == actual) || ((expected != null) && expected.equals(actual));","return (expected == actual) || ((true) && expected.equals(actual));","org/apache/commons/beanutils/BeanPropertyValueEqualsPredicate.java"
"bean_3527",249,"return (expected == actual) || ((expected != null) && expected.equals(actual));","return (expected == actual) || ((expected != null) && false);","org/apache/commons/beanutils/BeanPropertyValueEqualsPredicate.java"
"bean_3528",249,"return (expected == actual) || ((expected != null) && expected.equals(actual));","return (expected == actual) || ((expected != null) && true);","org/apache/commons/beanutils/BeanPropertyValueEqualsPredicate.java"
"bean_3529",249,"return (expected == actual) || ((expected != null) && expected.equals(actual));","return true;","org/apache/commons/beanutils/BeanPropertyValueEqualsPredicate.java"
"bean_3530",260,"return propertyName;","return """";","org/apache/commons/beanutils/BeanPropertyValueEqualsPredicate.java"
"bean_3531",271,"return propertyValue;","return null;","org/apache/commons/beanutils/BeanPropertyValueEqualsPredicate.java"
"bean_3532",288,"return ignoreNull;","return false;","org/apache/commons/beanutils/BeanPropertyValueEqualsPredicate.java"
"bean_3533",288,"return ignoreNull;","return true;","org/apache/commons/beanutils/BeanPropertyValueEqualsPredicate.java"
"bean_3534",644,"return new Descriptor(","return null;","org/apache/commons/beanutils/locale/LocaleBeanUtils.java"
"bean_3535",598,"return LocaleBeanUtilsBean.getLocaleBeanUtilsInstance().convert(type, index, value);","return null;","org/apache/commons/beanutils/locale/LocaleBeanUtils.java"
"bean_3536",582,"return LocaleBeanUtilsBean.getLocaleBeanUtilsInstance().convert(type, index, value, pattern);","return null;","org/apache/commons/beanutils/locale/LocaleBeanUtils.java"
"bean_3537",564,"return LocaleBeanUtilsBean.getLocaleBeanUtilsInstance().definePropertyType(target, name, propName);","return null;","org/apache/commons/beanutils/locale/LocaleBeanUtils.java"
"bean_3538",81,"return LocaleBeanUtilsBean.getLocaleBeanUtilsInstance().getApplyLocalized();","return false;","org/apache/commons/beanutils/locale/LocaleBeanUtils.java"
"bean_3539",81,"return LocaleBeanUtilsBean.getLocaleBeanUtilsInstance().getApplyLocalized();","return true;","org/apache/commons/beanutils/locale/LocaleBeanUtils.java"
"bean_3540",53,"return LocaleBeanUtilsBean.getLocaleBeanUtilsInstance().getDefaultLocale();","return null;","org/apache/commons/beanutils/locale/LocaleBeanUtils.java"
"bean_3541",154,"return LocaleBeanUtilsBean.getLocaleBeanUtilsInstance().getIndexedProperty(bean, name);","return """";","org/apache/commons/beanutils/locale/LocaleBeanUtils.java"
"bean_3542",211,"return LocaleBeanUtilsBean.getLocaleBeanUtilsInstance().getIndexedProperty(bean, name, index);","return """";","org/apache/commons/beanutils/locale/LocaleBeanUtils.java"
"bean_3543",183,"return LocaleBeanUtilsBean.getLocaleBeanUtilsInstance().getIndexedProperty(bean, name, index, pattern);","return """";","org/apache/commons/beanutils/locale/LocaleBeanUtils.java"
"bean_3544",126,"return LocaleBeanUtilsBean.getLocaleBeanUtilsInstance().getIndexedProperty(bean, name, pattern);","return """";","org/apache/commons/beanutils/locale/LocaleBeanUtils.java"
"bean_3545",383,"return LocaleBeanUtilsBean.getLocaleBeanUtilsInstance().getMappedProperty(bean, name);","return """";","org/apache/commons/beanutils/locale/LocaleBeanUtils.java"
"bean_3546",325,"return LocaleBeanUtilsBean.getLocaleBeanUtilsInstance().getMappedProperty(bean, name, key);","return """";","org/apache/commons/beanutils/locale/LocaleBeanUtils.java"
"bean_3547",295,"return LocaleBeanUtilsBean.getLocaleBeanUtilsInstance().getMappedProperty(bean, name, key, pattern);","return """";","org/apache/commons/beanutils/locale/LocaleBeanUtils.java"
"bean_3548",354,"return LocaleBeanUtilsBean.getLocaleBeanUtilsInstance().getMappedPropertyLocale(bean, name, pattern);","return """";","org/apache/commons/beanutils/locale/LocaleBeanUtils.java"
"bean_3549",437,"return LocaleBeanUtilsBean.getLocaleBeanUtilsInstance().getNestedProperty(bean, name);","return """";","org/apache/commons/beanutils/locale/LocaleBeanUtils.java"
"bean_3550",411,"return LocaleBeanUtilsBean.getLocaleBeanUtilsInstance().getNestedProperty(bean, name, pattern);","return """";","org/apache/commons/beanutils/locale/LocaleBeanUtils.java"
"bean_3551",492,"return LocaleBeanUtilsBean.getLocaleBeanUtilsInstance().getProperty(bean, name);","return """";","org/apache/commons/beanutils/locale/LocaleBeanUtils.java"
"bean_3552",465,"return LocaleBeanUtilsBean.getLocaleBeanUtilsInstance().getProperty(bean, name, pattern);","return """";","org/apache/commons/beanutils/locale/LocaleBeanUtils.java"
"bean_3553",266,"return LocaleBeanUtilsBean.getLocaleBeanUtilsInstance().getSimpleProperty(bean, name);","return """";","org/apache/commons/beanutils/locale/LocaleBeanUtils.java"
"bean_3554",239,"return LocaleBeanUtilsBean.getLocaleBeanUtilsInstance().getSimpleProperty(bean, name, pattern);","return """";","org/apache/commons/beanutils/locale/LocaleBeanUtils.java"
"bean_3555",622,"LocaleBeanUtilsBean.getLocaleBeanUtilsInstance().invokeSetter(target, propName, key, index, newValue);","LocaleBeanUtilsBean.getLocaleBeanUtilsInstance().  // removed call to invokeSetter()","org/apache/commons/beanutils/locale/LocaleBeanUtils.java"
"bean_3556",95,"LocaleBeanUtilsBean.getLocaleBeanUtilsInstance().setApplyLocalized(newApplyLocalized);","LocaleBeanUtilsBean.getLocaleBeanUtilsInstance().  // removed call to setApplyLocalized()","org/apache/commons/beanutils/locale/LocaleBeanUtils.java"
"bean_3557",67,"LocaleBeanUtilsBean.getLocaleBeanUtilsInstance().setDefaultLocale(locale);","LocaleBeanUtilsBean.getLocaleBeanUtilsInstance().  // removed call to setDefaultLocale()","org/apache/commons/beanutils/locale/LocaleBeanUtils.java"
"bean_3558",516,"LocaleBeanUtilsBean.getLocaleBeanUtilsInstance().setProperty(bean, name, value);","LocaleBeanUtilsBean.getLocaleBeanUtilsInstance().  // removed call to setProperty()","org/apache/commons/beanutils/locale/LocaleBeanUtils.java"
"bean_3559",541,"LocaleBeanUtilsBean.getLocaleBeanUtilsInstance().setProperty(bean, name, value, pattern);","LocaleBeanUtilsBean.getLocaleBeanUtilsInstance().  // removed call to setProperty()","org/apache/commons/beanutils/locale/LocaleBeanUtils.java"
"bean_3560",673,"setTarget(target);","// removed call to setTarget()","org/apache/commons/beanutils/locale/LocaleBeanUtils.java"
"bean_3561",674,"setName(name);","// removed call to setName()","org/apache/commons/beanutils/locale/LocaleBeanUtils.java"
"bean_3562",675,"setPropName(propName);","// removed call to setPropName()","org/apache/commons/beanutils/locale/LocaleBeanUtils.java"
"bean_3563",676,"setKey(key);","// removed call to setKey()","org/apache/commons/beanutils/locale/LocaleBeanUtils.java"
"bean_3564",677,"setIndex(index);","// removed call to setIndex()","org/apache/commons/beanutils/locale/LocaleBeanUtils.java"
"bean_3565",722,"return index;","return 0;","org/apache/commons/beanutils/locale/LocaleBeanUtils.java"
"bean_3566",704,"return key;","return """";","org/apache/commons/beanutils/locale/LocaleBeanUtils.java"
"bean_3567",740,"return name;","return """";","org/apache/commons/beanutils/locale/LocaleBeanUtils.java"
"bean_3568",758,"return propName;","return """";","org/apache/commons/beanutils/locale/LocaleBeanUtils.java"
"bean_3569",686,"return target;","return null;","org/apache/commons/beanutils/locale/LocaleBeanUtils.java"
"bean_3570",280,"if (pattern != null) {","if (false) {","org/apache/commons/beanutils/locale/converters/StringLocaleConverter.java"
"bean_3571",280,"if (pattern != null) {","if (true) {","org/apache/commons/beanutils/locale/converters/StringLocaleConverter.java"
"bean_3572",281,"if (locPattern) {","if (false) {","org/apache/commons/beanutils/locale/converters/StringLocaleConverter.java"
"bean_3573",281,"if (locPattern) {","if (true) {","org/apache/commons/beanutils/locale/converters/StringLocaleConverter.java"
"bean_3574",282,"numberFormat.applyLocalizedPattern(pattern);","// removed call to applyLocalizedPattern()","org/apache/commons/beanutils/locale/converters/StringLocaleConverter.java"
"bean_3575",284,"numberFormat.applyPattern(pattern);","// removed call to applyPattern()","org/apache/commons/beanutils/locale/converters/StringLocaleConverter.java"
"bean_3576",290,"return numberFormat;","return null;","org/apache/commons/beanutils/locale/converters/StringLocaleConverter.java"
"bean_3577",236,"if ((value instanceof Integer) ||","if ((false) ||","org/apache/commons/beanutils/locale/converters/StringLocaleConverter.java"
"bean_3578",236,"if ((value instanceof Integer) ||","if ((true) ||","org/apache/commons/beanutils/locale/converters/StringLocaleConverter.java"
"bean_3579",236,"if ((value instanceof Integer) ||","if (false) ||","org/apache/commons/beanutils/locale/converters/StringLocaleConverter.java"
"bean_3580",236,"if ((value instanceof Integer) ||","if (true) ||","org/apache/commons/beanutils/locale/converters/StringLocaleConverter.java"
"bean_3581",236,"if ((value instanceof Integer) ||","if (false) ||","org/apache/commons/beanutils/locale/converters/StringLocaleConverter.java"
"bean_3582",236,"if ((value instanceof Integer) ||","if (true) ||","org/apache/commons/beanutils/locale/converters/StringLocaleConverter.java"
"bean_3583",236,"if ((value instanceof Integer) ||","if (false) ||","org/apache/commons/beanutils/locale/converters/StringLocaleConverter.java"
"bean_3584",236,"if ((value instanceof Integer) ||","if (true) ||","org/apache/commons/beanutils/locale/converters/StringLocaleConverter.java"
"bean_3585",236,"if ((value instanceof Integer) ||","if (false) ||","org/apache/commons/beanutils/locale/converters/StringLocaleConverter.java"
"bean_3586",236,"if ((value instanceof Integer) ||","if (true) ||","org/apache/commons/beanutils/locale/converters/StringLocaleConverter.java"
"bean_3587",244,"else if ((value instanceof Double) ||","else if ((false) ||","org/apache/commons/beanutils/locale/converters/StringLocaleConverter.java"
"bean_3588",244,"else if ((value instanceof Double) ||","else if ((true) ||","org/apache/commons/beanutils/locale/converters/StringLocaleConverter.java"
"bean_3589",244,"else if ((value instanceof Double) ||","else if (false) ||","org/apache/commons/beanutils/locale/converters/StringLocaleConverter.java"
"bean_3590",244,"else if ((value instanceof Double) ||","else if (true) ||","org/apache/commons/beanutils/locale/converters/StringLocaleConverter.java"
"bean_3591",244,"else if ((value instanceof Double) ||","else if (false) ||","org/apache/commons/beanutils/locale/converters/StringLocaleConverter.java"
"bean_3592",244,"else if ((value instanceof Double) ||","else if (true) ||","org/apache/commons/beanutils/locale/converters/StringLocaleConverter.java"
"bean_3593",250,"else if (value instanceof Date) { // java.util.Date, java.sql.Date, java.sql.Time, java.sql.Timestamp","else if (false) { // java.util.Date, java.sql.Date, java.sql.Time, java.sql.Timestamp","org/apache/commons/beanutils/locale/converters/StringLocaleConverter.java"
"bean_3594",250,"else if (value instanceof Date) { // java.util.Date, java.sql.Date, java.sql.Time, java.sql.Timestamp","else if (true) { // java.util.Date, java.sql.Date, java.sql.Time, java.sql.Timestamp","org/apache/commons/beanutils/locale/converters/StringLocaleConverter.java"
"bean_3595",261,"return result;","return null;","org/apache/commons/beanutils/locale/converters/StringLocaleConverter.java"
"bean_3596",108,"return BeanUtilsBean.getInstance().cloneBean(bean);","return null;","org/apache/commons/beanutils/BeanUtils.java"
"bean_3597",135,"BeanUtilsBean.getInstance().copyProperties(dest, orig);","BeanUtilsBean.getInstance().  // removed call to copyProperties()","org/apache/commons/beanutils/BeanUtils.java"
"bean_3598",158,"BeanUtilsBean.getInstance().copyProperty(bean, name, value);","BeanUtilsBean.getInstance().  // removed call to copyProperty()","org/apache/commons/beanutils/BeanUtils.java"
"bean_3599",477,"return new WeakFastHashMap<K, V>();","return Collections.emptyMap();","org/apache/commons/beanutils/BeanUtils.java"
"bean_3600",183,"return BeanUtilsBean.getInstance().describe(bean);","return Collections.emptyMap();","org/apache/commons/beanutils/BeanUtils.java"
"bean_3601",209,"return BeanUtilsBean.getInstance().getArrayProperty(bean, name);","return null;","org/apache/commons/beanutils/BeanUtils.java"
"bean_3602",487,"if (map instanceof WeakFastHashMap) {","if (false) {","org/apache/commons/beanutils/BeanUtils.java"
"bean_3603",487,"if (map instanceof WeakFastHashMap) {","if (true) {","org/apache/commons/beanutils/BeanUtils.java"
"bean_3604",488,"return ((WeakFastHashMap<?, ?>) map).getFast();","return false;","org/apache/commons/beanutils/BeanUtils.java"
"bean_3605",488,"return ((WeakFastHashMap<?, ?>) map).getFast();","return true;","org/apache/commons/beanutils/BeanUtils.java"
"bean_3606",490,"return false;","return true;","org/apache/commons/beanutils/BeanUtils.java"
"bean_3607",67,"return (debug);","return 0;","org/apache/commons/beanutils/BeanUtils.java"
"bean_3608",236,"return BeanUtilsBean.getInstance().getIndexedProperty(bean, name);","return """";","org/apache/commons/beanutils/BeanUtils.java"
"bean_3609",266,"return BeanUtilsBean.getInstance().getIndexedProperty(bean, name, index);","return """";","org/apache/commons/beanutils/BeanUtils.java"
"bean_3610",294,"return BeanUtilsBean.getInstance().getMappedProperty(bean, name);","return """";","org/apache/commons/beanutils/BeanUtils.java"
"bean_3611",323,"return BeanUtilsBean.getInstance().getMappedProperty(bean, name, key);","return """";","org/apache/commons/beanutils/BeanUtils.java"
"bean_3612",352,"return BeanUtilsBean.getInstance().getNestedProperty(bean, name);","return """";","org/apache/commons/beanutils/BeanUtils.java"
"bean_3613",380,"return BeanUtilsBean.getInstance().getProperty(bean, name);","return """";","org/apache/commons/beanutils/BeanUtils.java"
"bean_3614",407,"return BeanUtilsBean.getInstance().getSimpleProperty(bean, name);","return """";","org/apache/commons/beanutils/BeanUtils.java"
"bean_3615",466,"return BeanUtilsBean.getInstance().initCause(throwable, cause);","return false;","org/apache/commons/beanutils/BeanUtils.java"
"bean_3616",466,"return BeanUtilsBean.getInstance().initCause(throwable, cause);","return true;","org/apache/commons/beanutils/BeanUtils.java"
"bean_3617",431,"BeanUtilsBean.getInstance().populate(bean, properties);","BeanUtilsBean.getInstance().  // removed call to populate()","org/apache/commons/beanutils/BeanUtils.java"
"bean_3618",501,"if (map instanceof WeakFastHashMap) {","if (false) {","org/apache/commons/beanutils/BeanUtils.java"
"bean_3619",501,"if (map instanceof WeakFastHashMap) {","if (true) {","org/apache/commons/beanutils/BeanUtils.java"
"bean_3620",502,"((WeakFastHashMap<?, ?>)map).setFast(fast);","((WeakFastHashMap<?, ?>)map).  // removed call to setFast()","org/apache/commons/beanutils/BeanUtils.java"
"bean_3621",454,"BeanUtilsBean.getInstance().setProperty(bean, name, value);","BeanUtilsBean.getInstance().  // removed call to setProperty()","org/apache/commons/beanutils/BeanUtils.java"
"bean_3622",97,"if (value == null) {","if (false) {","org/apache/commons/beanutils/converters/FloatArrayConverter.java"
"bean_3623",97,"if (value == null) {","if (true) {","org/apache/commons/beanutils/converters/FloatArrayConverter.java"
"bean_3624",98,"if (useDefault) {","if (false) {","org/apache/commons/beanutils/converters/FloatArrayConverter.java"
"bean_3625",98,"if (useDefault) {","if (true) {","org/apache/commons/beanutils/converters/FloatArrayConverter.java"
"bean_3626",99,"return (defaultValue);","return null;","org/apache/commons/beanutils/converters/FloatArrayConverter.java"
"bean_3627",106,"if (MODEL.getClass() == value.getClass()) {","if (false) {","org/apache/commons/beanutils/converters/FloatArrayConverter.java"
"bean_3628",106,"if (MODEL.getClass() == value.getClass()) {","if (true) {","org/apache/commons/beanutils/converters/FloatArrayConverter.java"
"bean_3629",107,"return (value);","return null;","org/apache/commons/beanutils/converters/FloatArrayConverter.java"
"bean_3630",111,"if (strings.getClass() == value.getClass()) {","if (false) {","org/apache/commons/beanutils/converters/FloatArrayConverter.java"
"bean_3631",111,"if (strings.getClass() == value.getClass()) {","if (true) {","org/apache/commons/beanutils/converters/FloatArrayConverter.java"
"bean_3632",115,"for (int i = 0; i < values.length; i++) {","for (int i = 0; i <= values.length; i++) {","org/apache/commons/beanutils/converters/FloatArrayConverter.java"
"bean_3633",115,"for (int i = 0; i < values.length; i++) {","for (int i = 0; false; i++) {","org/apache/commons/beanutils/converters/FloatArrayConverter.java"
"bean_3634",115,"for (int i = 0; i < values.length; i++) {","for (int i = 0; true; i++) {","org/apache/commons/beanutils/converters/FloatArrayConverter.java"
"bean_3635",118,"return (results);","return null;","org/apache/commons/beanutils/converters/FloatArrayConverter.java"
"bean_3636",120,"if (useDefault) {","if (false) {","org/apache/commons/beanutils/converters/FloatArrayConverter.java"
"bean_3637",120,"if (useDefault) {","if (true) {","org/apache/commons/beanutils/converters/FloatArrayConverter.java"
"bean_3638",121,"return (defaultValue);","return null;","org/apache/commons/beanutils/converters/FloatArrayConverter.java"
"bean_3639",133,"for (int i = 0; i < results.length; i++) {","for (int i = 0; i <= results.length; i++) {","org/apache/commons/beanutils/converters/FloatArrayConverter.java"
"bean_3640",133,"for (int i = 0; i < results.length; i++) {","for (int i = 0; false; i++) {","org/apache/commons/beanutils/converters/FloatArrayConverter.java"
"bean_3641",133,"for (int i = 0; i < results.length; i++) {","for (int i = 0; true; i++) {","org/apache/commons/beanutils/converters/FloatArrayConverter.java"
"bean_3642",136,"return (results);","return null;","org/apache/commons/beanutils/converters/FloatArrayConverter.java"
"bean_3643",138,"if (useDefault) {","if (false) {","org/apache/commons/beanutils/converters/FloatArrayConverter.java"
"bean_3644",138,"if (useDefault) {","if (true) {","org/apache/commons/beanutils/converters/FloatArrayConverter.java"
"bean_3645",139,"return (defaultValue);","return null;","org/apache/commons/beanutils/converters/FloatArrayConverter.java"
"bean_3646",97,"if (value == null) {","if (false) {","org/apache/commons/beanutils/converters/IntegerArrayConverter.java"
"bean_3647",97,"if (value == null) {","if (true) {","org/apache/commons/beanutils/converters/IntegerArrayConverter.java"
"bean_3648",98,"if (useDefault) {","if (false) {","org/apache/commons/beanutils/converters/IntegerArrayConverter.java"
"bean_3649",98,"if (useDefault) {","if (true) {","org/apache/commons/beanutils/converters/IntegerArrayConverter.java"
"bean_3650",99,"return (defaultValue);","return null;","org/apache/commons/beanutils/converters/IntegerArrayConverter.java"
"bean_3651",106,"if (MODEL.getClass() == value.getClass()) {","if (false) {","org/apache/commons/beanutils/converters/IntegerArrayConverter.java"
"bean_3652",106,"if (MODEL.getClass() == value.getClass()) {","if (true) {","org/apache/commons/beanutils/converters/IntegerArrayConverter.java"
"bean_3653",107,"return (value);","return null;","org/apache/commons/beanutils/converters/IntegerArrayConverter.java"
"bean_3654",111,"if (strings.getClass() == value.getClass()) {","if (false) {","org/apache/commons/beanutils/converters/IntegerArrayConverter.java"
"bean_3655",111,"if (strings.getClass() == value.getClass()) {","if (true) {","org/apache/commons/beanutils/converters/IntegerArrayConverter.java"
"bean_3656",115,"for (int i = 0; i < values.length; i++) {","for (int i = 0; i <= values.length; i++) {","org/apache/commons/beanutils/converters/IntegerArrayConverter.java"
"bean_3657",115,"for (int i = 0; i < values.length; i++) {","for (int i = 0; false; i++) {","org/apache/commons/beanutils/converters/IntegerArrayConverter.java"
"bean_3658",115,"for (int i = 0; i < values.length; i++) {","for (int i = 0; true; i++) {","org/apache/commons/beanutils/converters/IntegerArrayConverter.java"
"bean_3659",118,"return (results);","return null;","org/apache/commons/beanutils/converters/IntegerArrayConverter.java"
"bean_3660",120,"if (useDefault) {","if (false) {","org/apache/commons/beanutils/converters/IntegerArrayConverter.java"
"bean_3661",120,"if (useDefault) {","if (true) {","org/apache/commons/beanutils/converters/IntegerArrayConverter.java"
"bean_3662",121,"return (defaultValue);","return null;","org/apache/commons/beanutils/converters/IntegerArrayConverter.java"
"bean_3663",133,"for (int i = 0; i < results.length; i++) {","for (int i = 0; i <= results.length; i++) {","org/apache/commons/beanutils/converters/IntegerArrayConverter.java"
"bean_3664",133,"for (int i = 0; i < results.length; i++) {","for (int i = 0; false; i++) {","org/apache/commons/beanutils/converters/IntegerArrayConverter.java"
"bean_3665",133,"for (int i = 0; i < results.length; i++) {","for (int i = 0; true; i++) {","org/apache/commons/beanutils/converters/IntegerArrayConverter.java"
"bean_3666",136,"return (results);","return null;","org/apache/commons/beanutils/converters/IntegerArrayConverter.java"
"bean_3667",138,"if (useDefault) {","if (false) {","org/apache/commons/beanutils/converters/IntegerArrayConverter.java"
"bean_3668",138,"if (useDefault) {","if (true) {","org/apache/commons/beanutils/converters/IntegerArrayConverter.java"
"bean_3669",139,"return (defaultValue);","return null;","org/apache/commons/beanutils/converters/IntegerArrayConverter.java"
"bean_3670",97,"if (value == null) {","if (false) {","org/apache/commons/beanutils/converters/ShortArrayConverter.java"
"bean_3671",97,"if (value == null) {","if (true) {","org/apache/commons/beanutils/converters/ShortArrayConverter.java"
"bean_3672",98,"if (useDefault) {","if (false) {","org/apache/commons/beanutils/converters/ShortArrayConverter.java"
"bean_3673",98,"if (useDefault) {","if (true) {","org/apache/commons/beanutils/converters/ShortArrayConverter.java"
"bean_3674",99,"return (defaultValue);","return null;","org/apache/commons/beanutils/converters/ShortArrayConverter.java"
"bean_3675",106,"if (MODEL.getClass() == value.getClass()) {","if (false) {","org/apache/commons/beanutils/converters/ShortArrayConverter.java"
"bean_3676",106,"if (MODEL.getClass() == value.getClass()) {","if (true) {","org/apache/commons/beanutils/converters/ShortArrayConverter.java"
"bean_3677",107,"return (value);","return null;","org/apache/commons/beanutils/converters/ShortArrayConverter.java"
"bean_3678",111,"if (strings.getClass() == value.getClass()) {","if (false) {","org/apache/commons/beanutils/converters/ShortArrayConverter.java"
"bean_3679",111,"if (strings.getClass() == value.getClass()) {","if (true) {","org/apache/commons/beanutils/converters/ShortArrayConverter.java"
"bean_3680",115,"for (int i = 0; i < values.length; i++) {","for (int i = 0; i <= values.length; i++) {","org/apache/commons/beanutils/converters/ShortArrayConverter.java"
"bean_3681",115,"for (int i = 0; i < values.length; i++) {","for (int i = 0; false; i++) {","org/apache/commons/beanutils/converters/ShortArrayConverter.java"
"bean_3682",115,"for (int i = 0; i < values.length; i++) {","for (int i = 0; true; i++) {","org/apache/commons/beanutils/converters/ShortArrayConverter.java"
"bean_3683",118,"return (results);","return null;","org/apache/commons/beanutils/converters/ShortArrayConverter.java"
"bean_3684",120,"if (useDefault) {","if (false) {","org/apache/commons/beanutils/converters/ShortArrayConverter.java"
"bean_3685",120,"if (useDefault) {","if (true) {","org/apache/commons/beanutils/converters/ShortArrayConverter.java"
"bean_3686",121,"return (defaultValue);","return null;","org/apache/commons/beanutils/converters/ShortArrayConverter.java"
"bean_3687",133,"for (int i = 0; i < results.length; i++) {","for (int i = 0; i <= results.length; i++) {","org/apache/commons/beanutils/converters/ShortArrayConverter.java"
"bean_3688",133,"for (int i = 0; i < results.length; i++) {","for (int i = 0; false; i++) {","org/apache/commons/beanutils/converters/ShortArrayConverter.java"
"bean_3689",133,"for (int i = 0; i < results.length; i++) {","for (int i = 0; true; i++) {","org/apache/commons/beanutils/converters/ShortArrayConverter.java"
"bean_3690",136,"return (results);","return null;","org/apache/commons/beanutils/converters/ShortArrayConverter.java"
"bean_3691",138,"if (useDefault) {","if (false) {","org/apache/commons/beanutils/converters/ShortArrayConverter.java"
"bean_3692",138,"if (useDefault) {","if (true) {","org/apache/commons/beanutils/converters/ShortArrayConverter.java"
"bean_3693",139,"return (defaultValue);","return null;","org/apache/commons/beanutils/converters/ShortArrayConverter.java"
"bean_3694",96,"if (value == null) {","if (false) {","org/apache/commons/beanutils/converters/ByteArrayConverter.java"
"bean_3695",96,"if (value == null) {","if (true) {","org/apache/commons/beanutils/converters/ByteArrayConverter.java"
"bean_3696",97,"if (useDefault) {","if (false) {","org/apache/commons/beanutils/converters/ByteArrayConverter.java"
"bean_3697",97,"if (useDefault) {","if (true) {","org/apache/commons/beanutils/converters/ByteArrayConverter.java"
"bean_3698",98,"return (defaultValue);","return null;","org/apache/commons/beanutils/converters/ByteArrayConverter.java"
"bean_3699",105,"if (MODEL.getClass() == value.getClass()) {","if (false) {","org/apache/commons/beanutils/converters/ByteArrayConverter.java"
"bean_3700",105,"if (MODEL.getClass() == value.getClass()) {","if (true) {","org/apache/commons/beanutils/converters/ByteArrayConverter.java"
"bean_3701",106,"return (value);","return null;","org/apache/commons/beanutils/converters/ByteArrayConverter.java"
"bean_3702",110,"if (strings.getClass() == value.getClass()) {","if (false) {","org/apache/commons/beanutils/converters/ByteArrayConverter.java"
"bean_3703",110,"if (strings.getClass() == value.getClass()) {","if (true) {","org/apache/commons/beanutils/converters/ByteArrayConverter.java"
"bean_3704",114,"for (int i = 0; i < values.length; i++) {","for (int i = 0; i <= values.length; i++) {","org/apache/commons/beanutils/converters/ByteArrayConverter.java"
"bean_3705",114,"for (int i = 0; i < values.length; i++) {","for (int i = 0; false; i++) {","org/apache/commons/beanutils/converters/ByteArrayConverter.java"
"bean_3706",114,"for (int i = 0; i < values.length; i++) {","for (int i = 0; true; i++) {","org/apache/commons/beanutils/converters/ByteArrayConverter.java"
"bean_3707",117,"return (results);","return null;","org/apache/commons/beanutils/converters/ByteArrayConverter.java"
"bean_3708",119,"if (useDefault) {","if (false) {","org/apache/commons/beanutils/converters/ByteArrayConverter.java"
"bean_3709",119,"if (useDefault) {","if (true) {","org/apache/commons/beanutils/converters/ByteArrayConverter.java"
"bean_3710",120,"return (defaultValue);","return null;","org/apache/commons/beanutils/converters/ByteArrayConverter.java"
"bean_3711",132,"for (int i = 0; i < results.length; i++) {","for (int i = 0; i <= results.length; i++) {","org/apache/commons/beanutils/converters/ByteArrayConverter.java"
"bean_3712",132,"for (int i = 0; i < results.length; i++) {","for (int i = 0; false; i++) {","org/apache/commons/beanutils/converters/ByteArrayConverter.java"
"bean_3713",132,"for (int i = 0; i < results.length; i++) {","for (int i = 0; true; i++) {","org/apache/commons/beanutils/converters/ByteArrayConverter.java"
"bean_3714",135,"return (results);","return null;","org/apache/commons/beanutils/converters/ByteArrayConverter.java"
"bean_3715",137,"if (useDefault) {","if (false) {","org/apache/commons/beanutils/converters/ByteArrayConverter.java"
"bean_3716",137,"if (useDefault) {","if (true) {","org/apache/commons/beanutils/converters/ByteArrayConverter.java"
"bean_3717",138,"return (defaultValue);","return null;","org/apache/commons/beanutils/converters/ByteArrayConverter.java"
"bean_3718",78,"if (defaultValue == NO_DEFAULT) {","if (false) {","org/apache/commons/beanutils/converters/AbstractArrayConverter.java"
"bean_3719",78,"if (defaultValue == NO_DEFAULT) {","if (true) {","org/apache/commons/beanutils/converters/AbstractArrayConverter.java"
"bean_3720",164,"if (svalue == null) {","if (false) {","org/apache/commons/beanutils/converters/AbstractArrayConverter.java"
"bean_3721",164,"if (svalue == null) {","if (true) {","org/apache/commons/beanutils/converters/AbstractArrayConverter.java"
"bean_3722",170,"if (svalue.startsWith(""{"") && svalue.endsWith(""}"")) {","if (svalue.startsWith(""{"") && false) {","org/apache/commons/beanutils/converters/AbstractArrayConverter.java"
"bean_3723",170,"if (svalue.startsWith(""{"") && svalue.endsWith(""}"")) {","if (svalue.startsWith(""{"") && true) {","org/apache/commons/beanutils/converters/AbstractArrayConverter.java"
"bean_3724",170,"if (svalue.startsWith(""{"") && svalue.endsWith(""}"")) {","if (false) {","org/apache/commons/beanutils/converters/AbstractArrayConverter.java"
"bean_3725",170,"if (svalue.startsWith(""{"") && svalue.endsWith(""}"")) {","if (true) {","org/apache/commons/beanutils/converters/AbstractArrayConverter.java"
"bean_3726",171,"svalue = svalue.substring(1, svalue.length() - 1);","svalue = svalue.substring(1, svalue.length() + 1);","org/apache/commons/beanutils/converters/AbstractArrayConverter.java"
"bean_3727",179,"st.whitespaceChars(',',','); // Commas are delimiters","// Commas are delimiters  // removed call to whitespaceChars()","org/apache/commons/beanutils/converters/AbstractArrayConverter.java"
"bean_3728",180,"st.ordinaryChars('0', '9');  // Needed to turn off numeric flag","// Needed to turn off numeric flag  // removed call to ordinaryChars()","org/apache/commons/beanutils/converters/AbstractArrayConverter.java"
"bean_3729",181,"st.ordinaryChars('.', '.');","// removed call to ordinaryChars()","org/apache/commons/beanutils/converters/AbstractArrayConverter.java"
"bean_3730",182,"st.ordinaryChars('-', '-');","// removed call to ordinaryChars()","org/apache/commons/beanutils/converters/AbstractArrayConverter.java"
"bean_3731",183,"st.wordChars('0', '9');      // Needed to make part of tokens","// Needed to make part of tokens  // removed call to wordChars()","org/apache/commons/beanutils/converters/AbstractArrayConverter.java"
"bean_3732",184,"st.wordChars('.', '.');","// removed call to wordChars()","org/apache/commons/beanutils/converters/AbstractArrayConverter.java"
"bean_3733",185,"st.wordChars('-', '-');","// removed call to wordChars()","org/apache/commons/beanutils/converters/AbstractArrayConverter.java"
"bean_3734",191,"if ((ttype == StreamTokenizer.TT_WORD) ||","if ((false) ||","org/apache/commons/beanutils/converters/AbstractArrayConverter.java"
"bean_3735",191,"if ((ttype == StreamTokenizer.TT_WORD) ||","if ((true) ||","org/apache/commons/beanutils/converters/AbstractArrayConverter.java"
"bean_3736",191,"if ((ttype == StreamTokenizer.TT_WORD) ||","if (false) ||","org/apache/commons/beanutils/converters/AbstractArrayConverter.java"
"bean_3737",191,"if ((ttype == StreamTokenizer.TT_WORD) ||","if (true) ||","org/apache/commons/beanutils/converters/AbstractArrayConverter.java"
"bean_3738",194,"} else if (ttype == StreamTokenizer.TT_EOF) {","} else if (false) {","org/apache/commons/beanutils/converters/AbstractArrayConverter.java"
"bean_3739",194,"} else if (ttype == StreamTokenizer.TT_EOF) {","} else if (true) {","org/apache/commons/beanutils/converters/AbstractArrayConverter.java"
"bean_3740",203,"return (list);","return Collections.emptyList();","org/apache/commons/beanutils/converters/AbstractArrayConverter.java"
"bean_3741",186,"if (value == null) {","if (false) {","org/apache/commons/beanutils/converters/BooleanArrayConverter.java"
"bean_3742",186,"if (value == null) {","if (true) {","org/apache/commons/beanutils/converters/BooleanArrayConverter.java"
"bean_3743",187,"if (useDefault) {","if (false) {","org/apache/commons/beanutils/converters/BooleanArrayConverter.java"
"bean_3744",187,"if (useDefault) {","if (true) {","org/apache/commons/beanutils/converters/BooleanArrayConverter.java"
"bean_3745",188,"return (defaultValue);","return null;","org/apache/commons/beanutils/converters/BooleanArrayConverter.java"
"bean_3746",195,"if (MODEL == value.getClass()) {","if (false) {","org/apache/commons/beanutils/converters/BooleanArrayConverter.java"
"bean_3747",195,"if (MODEL == value.getClass()) {","if (true) {","org/apache/commons/beanutils/converters/BooleanArrayConverter.java"
"bean_3748",196,"return (value);","return null;","org/apache/commons/beanutils/converters/BooleanArrayConverter.java"
"bean_3749",203,"if (strings.getClass() == value.getClass()) {","if (false) {","org/apache/commons/beanutils/converters/BooleanArrayConverter.java"
"bean_3750",203,"if (strings.getClass() == value.getClass()) {","if (true) {","org/apache/commons/beanutils/converters/BooleanArrayConverter.java"
"bean_3751",207,"for (int i = 0; i < values.length; i++) {","for (int i = 0; i <= values.length; i++) {","org/apache/commons/beanutils/converters/BooleanArrayConverter.java"
"bean_3752",207,"for (int i = 0; i < values.length; i++) {","for (int i = 0; false; i++) {","org/apache/commons/beanutils/converters/BooleanArrayConverter.java"
"bean_3753",207,"for (int i = 0; i < values.length; i++) {","for (int i = 0; true; i++) {","org/apache/commons/beanutils/converters/BooleanArrayConverter.java"
"bean_3754",212,"return (results);","return null;","org/apache/commons/beanutils/converters/BooleanArrayConverter.java"
"bean_3755",214,"if (useDefault) {","if (false) {","org/apache/commons/beanutils/converters/BooleanArrayConverter.java"
"bean_3756",214,"if (useDefault) {","if (true) {","org/apache/commons/beanutils/converters/BooleanArrayConverter.java"
"bean_3757",215,"return (defaultValue);","return null;","org/apache/commons/beanutils/converters/BooleanArrayConverter.java"
"bean_3758",229,"for (int i = 0; i < results.length; i++) {","for (int i = 0; i <= results.length; i++) {","org/apache/commons/beanutils/converters/BooleanArrayConverter.java"
"bean_3759",229,"for (int i = 0; i < results.length; i++) {","for (int i = 0; false; i++) {","org/apache/commons/beanutils/converters/BooleanArrayConverter.java"
"bean_3760",229,"for (int i = 0; i < results.length; i++) {","for (int i = 0; true; i++) {","org/apache/commons/beanutils/converters/BooleanArrayConverter.java"
"bean_3761",234,"return (results);","return null;","org/apache/commons/beanutils/converters/BooleanArrayConverter.java"
"bean_3762",236,"if (useDefault) {","if (false) {","org/apache/commons/beanutils/converters/BooleanArrayConverter.java"
"bean_3763",236,"if (useDefault) {","if (true) {","org/apache/commons/beanutils/converters/BooleanArrayConverter.java"
"bean_3764",237,"return (defaultValue);","return null;","org/apache/commons/beanutils/converters/BooleanArrayConverter.java"
"bean_3765",97,"if (value == null) {","if (false) {","org/apache/commons/beanutils/converters/CharacterArrayConverter.java"
"bean_3766",97,"if (value == null) {","if (true) {","org/apache/commons/beanutils/converters/CharacterArrayConverter.java"
"bean_3767",98,"if (useDefault) {","if (false) {","org/apache/commons/beanutils/converters/CharacterArrayConverter.java"
"bean_3768",98,"if (useDefault) {","if (true) {","org/apache/commons/beanutils/converters/CharacterArrayConverter.java"
"bean_3769",99,"return (defaultValue);","return null;","org/apache/commons/beanutils/converters/CharacterArrayConverter.java"
"bean_3770",106,"if (MODEL.getClass() == value.getClass()) {","if (false) {","org/apache/commons/beanutils/converters/CharacterArrayConverter.java"
"bean_3771",106,"if (MODEL.getClass() == value.getClass()) {","if (true) {","org/apache/commons/beanutils/converters/CharacterArrayConverter.java"
"bean_3772",107,"return (value);","return null;","org/apache/commons/beanutils/converters/CharacterArrayConverter.java"
"bean_3773",111,"if (strings.getClass() == value.getClass()) {","if (false) {","org/apache/commons/beanutils/converters/CharacterArrayConverter.java"
"bean_3774",111,"if (strings.getClass() == value.getClass()) {","if (true) {","org/apache/commons/beanutils/converters/CharacterArrayConverter.java"
"bean_3775",115,"for (int i = 0; i < values.length; i++) {","for (int i = 0; i <= values.length; i++) {","org/apache/commons/beanutils/converters/CharacterArrayConverter.java"
"bean_3776",115,"for (int i = 0; i < values.length; i++) {","for (int i = 0; false; i++) {","org/apache/commons/beanutils/converters/CharacterArrayConverter.java"
"bean_3777",115,"for (int i = 0; i < values.length; i++) {","for (int i = 0; true; i++) {","org/apache/commons/beanutils/converters/CharacterArrayConverter.java"
"bean_3778",118,"return (results);","return null;","org/apache/commons/beanutils/converters/CharacterArrayConverter.java"
"bean_3779",120,"if (useDefault) {","if (false) {","org/apache/commons/beanutils/converters/CharacterArrayConverter.java"
"bean_3780",120,"if (useDefault) {","if (true) {","org/apache/commons/beanutils/converters/CharacterArrayConverter.java"
"bean_3781",121,"return (defaultValue);","return null;","org/apache/commons/beanutils/converters/CharacterArrayConverter.java"
"bean_3782",133,"for (int i = 0; i < results.length; i++) {","for (int i = 0; i <= results.length; i++) {","org/apache/commons/beanutils/converters/CharacterArrayConverter.java"
"bean_3783",133,"for (int i = 0; i < results.length; i++) {","for (int i = 0; false; i++) {","org/apache/commons/beanutils/converters/CharacterArrayConverter.java"
"bean_3784",133,"for (int i = 0; i < results.length; i++) {","for (int i = 0; true; i++) {","org/apache/commons/beanutils/converters/CharacterArrayConverter.java"
"bean_3785",136,"return (results);","return null;","org/apache/commons/beanutils/converters/CharacterArrayConverter.java"
"bean_3786",138,"if (useDefault) {","if (false) {","org/apache/commons/beanutils/converters/CharacterArrayConverter.java"
"bean_3787",138,"if (useDefault) {","if (true) {","org/apache/commons/beanutils/converters/CharacterArrayConverter.java"
"bean_3788",139,"return (defaultValue);","return null;","org/apache/commons/beanutils/converters/CharacterArrayConverter.java"
"bean_3789",97,"if (value == null) {","if (false) {","org/apache/commons/beanutils/converters/LongArrayConverter.java"
"bean_3790",97,"if (value == null) {","if (true) {","org/apache/commons/beanutils/converters/LongArrayConverter.java"
"bean_3791",98,"if (useDefault) {","if (false) {","org/apache/commons/beanutils/converters/LongArrayConverter.java"
"bean_3792",98,"if (useDefault) {","if (true) {","org/apache/commons/beanutils/converters/LongArrayConverter.java"
"bean_3793",99,"return (defaultValue);","return null;","org/apache/commons/beanutils/converters/LongArrayConverter.java"
"bean_3794",106,"if (MODEL.getClass() == value.getClass()) {","if (false) {","org/apache/commons/beanutils/converters/LongArrayConverter.java"
"bean_3795",106,"if (MODEL.getClass() == value.getClass()) {","if (true) {","org/apache/commons/beanutils/converters/LongArrayConverter.java"
"bean_3796",107,"return (value);","return null;","org/apache/commons/beanutils/converters/LongArrayConverter.java"
"bean_3797",111,"if (strings.getClass() == value.getClass()) {","if (false) {","org/apache/commons/beanutils/converters/LongArrayConverter.java"
"bean_3798",111,"if (strings.getClass() == value.getClass()) {","if (true) {","org/apache/commons/beanutils/converters/LongArrayConverter.java"
"bean_3799",115,"for (int i = 0; i < values.length; i++) {","for (int i = 0; i <= values.length; i++) {","org/apache/commons/beanutils/converters/LongArrayConverter.java"
"bean_3800",115,"for (int i = 0; i < values.length; i++) {","for (int i = 0; false; i++) {","org/apache/commons/beanutils/converters/LongArrayConverter.java"
"bean_3801",115,"for (int i = 0; i < values.length; i++) {","for (int i = 0; true; i++) {","org/apache/commons/beanutils/converters/LongArrayConverter.java"
"bean_3802",118,"return (results);","return null;","org/apache/commons/beanutils/converters/LongArrayConverter.java"
"bean_3803",120,"if (useDefault) {","if (false) {","org/apache/commons/beanutils/converters/LongArrayConverter.java"
"bean_3804",120,"if (useDefault) {","if (true) {","org/apache/commons/beanutils/converters/LongArrayConverter.java"
"bean_3805",121,"return (defaultValue);","return null;","org/apache/commons/beanutils/converters/LongArrayConverter.java"
"bean_3806",133,"for (int i = 0; i < results.length; i++) {","for (int i = 0; i <= results.length; i++) {","org/apache/commons/beanutils/converters/LongArrayConverter.java"
"bean_3807",133,"for (int i = 0; i < results.length; i++) {","for (int i = 0; false; i++) {","org/apache/commons/beanutils/converters/LongArrayConverter.java"
"bean_3808",133,"for (int i = 0; i < results.length; i++) {","for (int i = 0; true; i++) {","org/apache/commons/beanutils/converters/LongArrayConverter.java"
"bean_3809",136,"return (results);","return null;","org/apache/commons/beanutils/converters/LongArrayConverter.java"
"bean_3810",138,"if (useDefault) {","if (false) {","org/apache/commons/beanutils/converters/LongArrayConverter.java"
"bean_3811",138,"if (useDefault) {","if (true) {","org/apache/commons/beanutils/converters/LongArrayConverter.java"
"bean_3812",139,"return (defaultValue);","return null;","org/apache/commons/beanutils/converters/LongArrayConverter.java"
"bean_3813",96,"if (value == null) {","if (false) {","org/apache/commons/beanutils/converters/DoubleArrayConverter.java"
"bean_3814",96,"if (value == null) {","if (true) {","org/apache/commons/beanutils/converters/DoubleArrayConverter.java"
"bean_3815",97,"if (useDefault) {","if (false) {","org/apache/commons/beanutils/converters/DoubleArrayConverter.java"
"bean_3816",97,"if (useDefault) {","if (true) {","org/apache/commons/beanutils/converters/DoubleArrayConverter.java"
"bean_3817",98,"return (defaultValue);","return null;","org/apache/commons/beanutils/converters/DoubleArrayConverter.java"
"bean_3818",105,"if (MODEL.getClass() == value.getClass()) {","if (false) {","org/apache/commons/beanutils/converters/DoubleArrayConverter.java"
"bean_3819",105,"if (MODEL.getClass() == value.getClass()) {","if (true) {","org/apache/commons/beanutils/converters/DoubleArrayConverter.java"
"bean_3820",106,"return (value);","return null;","org/apache/commons/beanutils/converters/DoubleArrayConverter.java"
"bean_3821",110,"if (strings.getClass() == value.getClass()) {","if (false) {","org/apache/commons/beanutils/converters/DoubleArrayConverter.java"
"bean_3822",110,"if (strings.getClass() == value.getClass()) {","if (true) {","org/apache/commons/beanutils/converters/DoubleArrayConverter.java"
"bean_3823",114,"for (int i = 0; i < values.length; i++) {","for (int i = 0; i <= values.length; i++) {","org/apache/commons/beanutils/converters/DoubleArrayConverter.java"
"bean_3824",114,"for (int i = 0; i < values.length; i++) {","for (int i = 0; false; i++) {","org/apache/commons/beanutils/converters/DoubleArrayConverter.java"
"bean_3825",114,"for (int i = 0; i < values.length; i++) {","for (int i = 0; true; i++) {","org/apache/commons/beanutils/converters/DoubleArrayConverter.java"
"bean_3826",117,"return (results);","return null;","org/apache/commons/beanutils/converters/DoubleArrayConverter.java"
"bean_3827",119,"if (useDefault) {","if (false) {","org/apache/commons/beanutils/converters/DoubleArrayConverter.java"
"bean_3828",119,"if (useDefault) {","if (true) {","org/apache/commons/beanutils/converters/DoubleArrayConverter.java"
"bean_3829",120,"return (defaultValue);","return null;","org/apache/commons/beanutils/converters/DoubleArrayConverter.java"
"bean_3830",132,"for (int i = 0; i < results.length; i++) {","for (int i = 0; i <= results.length; i++) {","org/apache/commons/beanutils/converters/DoubleArrayConverter.java"
"bean_3831",132,"for (int i = 0; i < results.length; i++) {","for (int i = 0; false; i++) {","org/apache/commons/beanutils/converters/DoubleArrayConverter.java"
"bean_3832",132,"for (int i = 0; i < results.length; i++) {","for (int i = 0; true; i++) {","org/apache/commons/beanutils/converters/DoubleArrayConverter.java"
"bean_3833",135,"return (results);","return null;","org/apache/commons/beanutils/converters/DoubleArrayConverter.java"
"bean_3834",137,"if (useDefault) {","if (false) {","org/apache/commons/beanutils/converters/DoubleArrayConverter.java"
"bean_3835",137,"if (useDefault) {","if (true) {","org/apache/commons/beanutils/converters/DoubleArrayConverter.java"
"bean_3836",138,"return (defaultValue);","return null;","org/apache/commons/beanutils/converters/DoubleArrayConverter.java"
"bean_3837",79,"if (name != null) {","if (false) {","org/apache/commons/beanutils/BasicDynaClass.java"
"bean_3838",79,"if (name != null) {","if (true) {","org/apache/commons/beanutils/BasicDynaClass.java"
"bean_3839",82,"if (dynaBeanClass == null) {","if (false) {","org/apache/commons/beanutils/BasicDynaClass.java"
"bean_3840",82,"if (dynaBeanClass == null) {","if (true) {","org/apache/commons/beanutils/BasicDynaClass.java"
"bean_3841",85,"setDynaBeanClass(dynaBeanClass);","// removed call to setDynaBeanClass()","org/apache/commons/beanutils/BasicDynaClass.java"
"bean_3842",86,"if (properties != null) {","if (false) {","org/apache/commons/beanutils/BasicDynaClass.java"
"bean_3843",86,"if (properties != null) {","if (true) {","org/apache/commons/beanutils/BasicDynaClass.java"
"bean_3844",87,"setProperties(properties);","// removed call to setProperties()","org/apache/commons/beanutils/BasicDynaClass.java"
"bean_3845",242,"return (this.dynaBeanClass);","return null;","org/apache/commons/beanutils/BasicDynaClass.java"
"bean_3846",196,"return (properties);","return null;","org/apache/commons/beanutils/BasicDynaClass.java"
"bean_3847",174,"if (name == null) {","if (false) {","org/apache/commons/beanutils/BasicDynaClass.java"
"bean_3848",174,"if (name == null) {","if (true) {","org/apache/commons/beanutils/BasicDynaClass.java"
"bean_3849",178,"return propertiesMap.get(name);","return null;","org/apache/commons/beanutils/BasicDynaClass.java"
"bean_3850",157,"return (this.name);","return """";","org/apache/commons/beanutils/BasicDynaClass.java"
"bean_3851",217,"if (constructor == null) {","if (false) {","org/apache/commons/beanutils/BasicDynaClass.java"
"bean_3852",217,"if (constructor == null) {","if (true) {","org/apache/commons/beanutils/BasicDynaClass.java"
"bean_3853",218,"setDynaBeanClass(this.dynaBeanClass);","// removed call to setDynaBeanClass()","org/apache/commons/beanutils/BasicDynaClass.java"
"bean_3854",221,"return ((DynaBean) constructor.newInstance(constructorValues));","return null;","org/apache/commons/beanutils/BasicDynaClass.java"
"bean_3855",263,"if (dynaBeanClass.isInterface()) {","if (false) {","org/apache/commons/beanutils/BasicDynaClass.java"
"bean_3856",263,"if (dynaBeanClass.isInterface()) {","if (true) {","org/apache/commons/beanutils/BasicDynaClass.java"
"bean_3857",268,"if (!DynaBean.class.isAssignableFrom(dynaBeanClass)) {","if (false) {","org/apache/commons/beanutils/BasicDynaClass.java"
"bean_3858",268,"if (!DynaBean.class.isAssignableFrom(dynaBeanClass)) {","if (true) {","org/apache/commons/beanutils/BasicDynaClass.java"
"bean_3859",295,"propertiesMap.clear();","// removed call to clear()","org/apache/commons/beanutils/BasicDynaClass.java"
"bean_3860",104,"return LocaleConvertUtilsBean.getInstance().convert(value);","return """";","org/apache/commons/beanutils/locale/LocaleConvertUtils.java"
"bean_3861",119,"return LocaleConvertUtilsBean.getInstance().convert(value, pattern);","return """";","org/apache/commons/beanutils/locale/LocaleConvertUtils.java"
"bean_3862",136,"return LocaleConvertUtilsBean.getInstance().convert(value, locale, pattern);","return """";","org/apache/commons/beanutils/locale/LocaleConvertUtils.java"
"bean_3863",152,"return LocaleConvertUtilsBean.getInstance().convert(value, clazz);","return null;","org/apache/commons/beanutils/locale/LocaleConvertUtils.java"
"bean_3864",170,"return LocaleConvertUtilsBean.getInstance().convert(value, clazz, pattern);","return null;","org/apache/commons/beanutils/locale/LocaleConvertUtils.java"
"bean_3865",189,"return LocaleConvertUtilsBean.getInstance().convert(value, clazz, locale, pattern);","return null;","org/apache/commons/beanutils/locale/LocaleConvertUtils.java"
"bean_3866",222,"return LocaleConvertUtilsBean.getInstance().convert(values, clazz);","return null;","org/apache/commons/beanutils/locale/LocaleConvertUtils.java"
"bean_3867",206,"return LocaleConvertUtilsBean.getInstance().convert(values, clazz, pattern);","return null;","org/apache/commons/beanutils/locale/LocaleConvertUtils.java"
"bean_3868",240,"return LocaleConvertUtilsBean.getInstance().convert(values, clazz, locale, pattern);","return null;","org/apache/commons/beanutils/locale/LocaleConvertUtils.java"
"bean_3869",348,"return LocaleConvertUtilsBean.getInstance().create(locale);","return null;","org/apache/commons/beanutils/locale/LocaleConvertUtils.java"
"bean_3870",269,"LocaleConvertUtilsBean.getInstance().deregister();","LocaleConvertUtilsBean.getInstance().  // removed call to deregister()","org/apache/commons/beanutils/locale/LocaleConvertUtils.java"
"bean_3871",298,"LocaleConvertUtilsBean.getInstance().deregister(clazz, locale);","LocaleConvertUtilsBean.getInstance().  // removed call to deregister()","org/apache/commons/beanutils/locale/LocaleConvertUtils.java"
"bean_3872",283,"LocaleConvertUtilsBean.getInstance().deregister(locale);","LocaleConvertUtilsBean.getInstance().  // removed call to deregister()","org/apache/commons/beanutils/locale/LocaleConvertUtils.java"
"bean_3873",76,"return LocaleConvertUtilsBean.getInstance().getApplyLocalized();","return false;","org/apache/commons/beanutils/locale/LocaleConvertUtils.java"
"bean_3874",76,"return LocaleConvertUtilsBean.getInstance().getApplyLocalized();","return true;","org/apache/commons/beanutils/locale/LocaleConvertUtils.java"
"bean_3875",49,"return LocaleConvertUtilsBean.getInstance().getDefaultLocale();","return null;","org/apache/commons/beanutils/locale/LocaleConvertUtils.java"
"bean_3876",315,"return LocaleConvertUtilsBean.getInstance().lookup(clazz, locale);","return null;","org/apache/commons/beanutils/locale/LocaleConvertUtils.java"
"bean_3877",331,"return LocaleConvertUtilsBean.getInstance().lookup(locale);","return null;","org/apache/commons/beanutils/locale/LocaleConvertUtils.java"
"bean_3878",257,"LocaleConvertUtilsBean.getInstance().register(converter, clazz, locale);","LocaleConvertUtilsBean.getInstance().  // removed call to register()","org/apache/commons/beanutils/locale/LocaleConvertUtils.java"
"bean_3879",89,"LocaleConvertUtilsBean.getInstance().setApplyLocalized(newApplyLocalized);","LocaleConvertUtilsBean.getInstance().  // removed call to setApplyLocalized()","org/apache/commons/beanutils/locale/LocaleConvertUtils.java"
"bean_3880",63,"LocaleConvertUtilsBean.getInstance().setDefaultLocale(locale);","LocaleConvertUtilsBean.getInstance().  // removed call to setDefaultLocale()","org/apache/commons/beanutils/locale/LocaleConvertUtils.java"
"bean_3881",127,"if (value == null) {","if (false) {","org/apache/commons/beanutils/converters/StringArrayConverter.java"
"bean_3882",127,"if (value == null) {","if (true) {","org/apache/commons/beanutils/converters/StringArrayConverter.java"
"bean_3883",128,"if (useDefault) {","if (false) {","org/apache/commons/beanutils/converters/StringArrayConverter.java"
"bean_3884",128,"if (useDefault) {","if (true) {","org/apache/commons/beanutils/converters/StringArrayConverter.java"
"bean_3885",129,"return (defaultValue);","return null;","org/apache/commons/beanutils/converters/StringArrayConverter.java"
"bean_3886",136,"if (MODEL.getClass() == value.getClass()) {","if (false) {","org/apache/commons/beanutils/converters/StringArrayConverter.java"
"bean_3887",136,"if (MODEL.getClass() == value.getClass()) {","if (true) {","org/apache/commons/beanutils/converters/StringArrayConverter.java"
"bean_3888",137,"return (value);","return null;","org/apache/commons/beanutils/converters/StringArrayConverter.java"
"bean_3889",141,"if (INT_MODEL.getClass() == value.getClass())","if (false)","org/apache/commons/beanutils/converters/StringArrayConverter.java"
"bean_3890",141,"if (INT_MODEL.getClass() == value.getClass())","if (true)","org/apache/commons/beanutils/converters/StringArrayConverter.java"
"bean_3891",145,"for (int i = 0; i < values.length; i++)","for (int i = 0; i <= values.length; i++)","org/apache/commons/beanutils/converters/StringArrayConverter.java"
"bean_3892",145,"for (int i = 0; i < values.length; i++)","for (int i = 0; false; i++)","org/apache/commons/beanutils/converters/StringArrayConverter.java"
"bean_3893",145,"for (int i = 0; i < values.length; i++)","for (int i = 0; true; i++)","org/apache/commons/beanutils/converters/StringArrayConverter.java"
"bean_3894",150,"return (results);","return null;","org/apache/commons/beanutils/converters/StringArrayConverter.java"
"bean_3895",158,"for (int i = 0; i < results.length; i++) {","for (int i = 0; i <= results.length; i++) {","org/apache/commons/beanutils/converters/StringArrayConverter.java"
"bean_3896",158,"for (int i = 0; i < results.length; i++) {","for (int i = 0; false; i++) {","org/apache/commons/beanutils/converters/StringArrayConverter.java"
"bean_3897",158,"for (int i = 0; i < results.length; i++) {","for (int i = 0; true; i++) {","org/apache/commons/beanutils/converters/StringArrayConverter.java"
"bean_3898",161,"return (results);","return null;","org/apache/commons/beanutils/converters/StringArrayConverter.java"
"bean_3899",163,"if (useDefault) {","if (false) {","org/apache/commons/beanutils/converters/StringArrayConverter.java"
"bean_3900",163,"if (useDefault) {","if (true) {","org/apache/commons/beanutils/converters/StringArrayConverter.java"
"bean_3901",164,"return (defaultValue);","return null;","org/apache/commons/beanutils/converters/StringArrayConverter.java"
"bean_3902",83,"if (defaultValue != NO_DEFAULT) {","if (false) {","org/apache/commons/beanutils/converters/BooleanConverter.java"
"bean_3903",83,"if (defaultValue != NO_DEFAULT) {","if (true) {","org/apache/commons/beanutils/converters/BooleanConverter.java"
"bean_3904",84,"setDefaultValue(defaultValue);","// removed call to setDefaultValue()","org/apache/commons/beanutils/converters/BooleanConverter.java"
"bean_3905",140,"if (defaultValue != NO_DEFAULT) {","if (false) {","org/apache/commons/beanutils/converters/BooleanConverter.java"
"bean_3906",140,"if (defaultValue != NO_DEFAULT) {","if (true) {","org/apache/commons/beanutils/converters/BooleanConverter.java"
"bean_3907",141,"setDefaultValue(defaultValue);","// removed call to setDefaultValue()","org/apache/commons/beanutils/converters/BooleanConverter.java"
"bean_3908",208,"if (Boolean.class.equals(type) || Boolean.TYPE.equals(type)) {","if (false || Boolean.TYPE.equals(type)) {","org/apache/commons/beanutils/converters/BooleanConverter.java"
"bean_3909",208,"if (Boolean.class.equals(type) || Boolean.TYPE.equals(type)) {","if (true || Boolean.TYPE.equals(type)) {","org/apache/commons/beanutils/converters/BooleanConverter.java"
"bean_3910",208,"if (Boolean.class.equals(type) || Boolean.TYPE.equals(type)) {","if (Boolean.class.equals(type) || false) {","org/apache/commons/beanutils/converters/BooleanConverter.java"
"bean_3911",208,"if (Boolean.class.equals(type) || Boolean.TYPE.equals(type)) {","if (Boolean.class.equals(type) || true) {","org/apache/commons/beanutils/converters/BooleanConverter.java"
"bean_3912",216,"if (trueString.equals(stringValue)) {","if (false) {","org/apache/commons/beanutils/converters/BooleanConverter.java"
"bean_3913",216,"if (trueString.equals(stringValue)) {","if (true) {","org/apache/commons/beanutils/converters/BooleanConverter.java"
"bean_3914",217,"return type.cast(Boolean.TRUE);","return null;","org/apache/commons/beanutils/converters/BooleanConverter.java"
"bean_3915",222,"if (falseString.equals(stringValue)) {","if (false) {","org/apache/commons/beanutils/converters/BooleanConverter.java"
"bean_3916",222,"if (falseString.equals(stringValue)) {","if (true) {","org/apache/commons/beanutils/converters/BooleanConverter.java"
"bean_3917",223,"return type.cast(Boolean.FALSE);","return null;","org/apache/commons/beanutils/converters/BooleanConverter.java"
"bean_3918",241,"for(int i=0; i<src.length; ++i) {","for(int i=0; i<=src.length; ++i) {","org/apache/commons/beanutils/converters/BooleanConverter.java"
"bean_3919",241,"for(int i=0; i<src.length; ++i) {","for(int i=0; false; ++i) {","org/apache/commons/beanutils/converters/BooleanConverter.java"
"bean_3920",241,"for(int i=0; i<src.length; ++i) {","for(int i=0; true; ++i) {","org/apache/commons/beanutils/converters/BooleanConverter.java"
"bean_3921",244,"return dst;","return null;","org/apache/commons/beanutils/converters/BooleanConverter.java"
"bean_3922",182,"return Boolean.class;","return null;","org/apache/commons/beanutils/converters/BooleanConverter.java"
"bean_3923",342,"if (!current && !eof) {","if (false) {","org/apache/commons/beanutils/ResultSetIterator.java"
"bean_3924",342,"if (!current && !eof) {","if (true) {","org/apache/commons/beanutils/ResultSetIterator.java"
"bean_3925",342,"if (!current && !eof) {","if (false) {","org/apache/commons/beanutils/ResultSetIterator.java"
"bean_3926",342,"if (!current && !eof) {","if (true) {","org/apache/commons/beanutils/ResultSetIterator.java"
"bean_3927",343,"if (dynaClass.getResultSet().next()) {","if (false) {","org/apache/commons/beanutils/ResultSetIterator.java"
"bean_3928",343,"if (dynaClass.getResultSet().next()) {","if (true) {","org/apache/commons/beanutils/ResultSetIterator.java"
"bean_3929",114,"if (dynaClass.getDynaProperty(name) == null) {","if (false) {","org/apache/commons/beanutils/ResultSetIterator.java"
"bean_3930",114,"if (dynaClass.getDynaProperty(name) == null) {","if (true) {","org/apache/commons/beanutils/ResultSetIterator.java"
"bean_3931",118,"return dynaClass.getObjectFromResultSet(name);","return null;","org/apache/commons/beanutils/ResultSetIterator.java"
"bean_3932",180,"return (this.dynaClass);","return null;","org/apache/commons/beanutils/ResultSetIterator.java"
"bean_3933",290,"advance();","// removed call to advance()","org/apache/commons/beanutils/ResultSetIterator.java"
"bean_3934",291,"return (!eof);","return false;","org/apache/commons/beanutils/ResultSetIterator.java"
"bean_3935",291,"return (!eof);","return true;","org/apache/commons/beanutils/ResultSetIterator.java"
"bean_3936",291,"return (!eof);","return true;","org/apache/commons/beanutils/ResultSetIterator.java"
"bean_3937",307,"advance();","// removed call to advance()","org/apache/commons/beanutils/ResultSetIterator.java"
"bean_3938",308,"if (eof) {","if (false) {","org/apache/commons/beanutils/ResultSetIterator.java"
"bean_3939",308,"if (eof) {","if (true) {","org/apache/commons/beanutils/ResultSetIterator.java"
"bean_3940",312,"return (this);","return null;","org/apache/commons/beanutils/ResultSetIterator.java"
"bean_3941",219,"if (dynaClass.getDynaProperty(name) == null) {","if (false) {","org/apache/commons/beanutils/ResultSetIterator.java"
"bean_3942",219,"if (dynaClass.getDynaProperty(name) == null) {","if (true) {","org/apache/commons/beanutils/ResultSetIterator.java"
"bean_3943",223,"dynaClass.getResultSet().updateObject(name, value);","dynaClass.getResultSet().  // removed call to updateObject()","org/apache/commons/beanutils/ResultSetIterator.java"
"bean_3944",79,"this.dynaClass = (cls != null) ? cls : (WrapDynaClass) getDynaClass();","this.dynaClass = (false) ? cls : (WrapDynaClass) getDynaClass();","org/apache/commons/beanutils/WrapDynaBean.java"
"bean_3945",79,"this.dynaClass = (cls != null) ? cls : (WrapDynaClass) getDynaClass();","this.dynaClass = (true) ? cls : (WrapDynaClass) getDynaClass();","org/apache/commons/beanutils/WrapDynaBean.java"
"bean_3946",146,"return (value);","return null;","org/apache/commons/beanutils/WrapDynaBean.java"
"bean_3947",184,"return (value);","return null;","org/apache/commons/beanutils/WrapDynaBean.java"
"bean_3948",217,"return (value);","return null;","org/apache/commons/beanutils/WrapDynaBean.java"
"bean_3949",229,"if (dynaClass == null) {","if (false) {","org/apache/commons/beanutils/WrapDynaBean.java"
"bean_3950",229,"if (dynaClass == null) {","if (true) {","org/apache/commons/beanutils/WrapDynaBean.java"
"bean_3951",233,"return (this.dynaClass);","return null;","org/apache/commons/beanutils/WrapDynaBean.java"
"bean_3952",386,"if (descriptor == null) {","if (false) {","org/apache/commons/beanutils/WrapDynaBean.java"
"bean_3953",386,"if (descriptor == null) {","if (true) {","org/apache/commons/beanutils/WrapDynaBean.java"
"bean_3954",390,"return (descriptor);","return null;","org/apache/commons/beanutils/WrapDynaBean.java"
"bean_3955",367,"return instance;","return null;","org/apache/commons/beanutils/WrapDynaBean.java"
"bean_3956",403,"if (dynaClass != null) {","if (false) {","org/apache/commons/beanutils/WrapDynaBean.java"
"bean_3957",403,"if (dynaClass != null) {","if (true) {","org/apache/commons/beanutils/WrapDynaBean.java"
"bean_3958",406,"return (propUtils != null) ? propUtils : PropertyUtilsBean.getInstance();","return (false) ? propUtils : PropertyUtilsBean.getInstance();","org/apache/commons/beanutils/WrapDynaBean.java"
"bean_3959",406,"return (propUtils != null) ? propUtils : PropertyUtilsBean.getInstance();","return (true) ? propUtils : PropertyUtilsBean.getInstance();","org/apache/commons/beanutils/WrapDynaBean.java"
"bean_3960",406,"return (propUtils != null) ? propUtils : PropertyUtilsBean.getInstance();","return null;","org/apache/commons/beanutils/WrapDynaBean.java"
"bean_3961",308,"getPropertyUtils().setIndexedProperty(instance, name, index, value);","getPropertyUtils().  // removed call to setIndexedProperty()","org/apache/commons/beanutils/WrapDynaBean.java"
"bean_3962",274,"getPropertyUtils().setSimpleProperty(instance, name, value);","getPropertyUtils().  // removed call to setSimpleProperty()","org/apache/commons/beanutils/WrapDynaBean.java"
"bean_3963",342,"getPropertyUtils().setMappedProperty(instance, name, key, value);","getPropertyUtils().  // removed call to setMappedProperty()","org/apache/commons/beanutils/WrapDynaBean.java"
"bean_3964",140,"if ((propertyName != null) && (propertyName.length() > 0)) {","if ((false) && (propertyName.length() > 0)) {","org/apache/commons/beanutils/BeanPropertyValueChangeClosure.java"
"bean_3965",140,"if ((propertyName != null) && (propertyName.length() > 0)) {","if ((true) && (propertyName.length() > 0)) {","org/apache/commons/beanutils/BeanPropertyValueChangeClosure.java"
"bean_3966",140,"if ((propertyName != null) && (propertyName.length() > 0)) {","if ((propertyName != null) && (propertyName.length() >= 0)) {","org/apache/commons/beanutils/BeanPropertyValueChangeClosure.java"
"bean_3967",140,"if ((propertyName != null) && (propertyName.length() > 0)) {","if ((propertyName != null) && (false)) {","org/apache/commons/beanutils/BeanPropertyValueChangeClosure.java"
"bean_3968",140,"if ((propertyName != null) && (propertyName.length() > 0)) {","if ((propertyName != null) && (true)) {","org/apache/commons/beanutils/BeanPropertyValueChangeClosure.java"
"bean_3969",166,"PropertyUtils.setProperty(object, propertyName, propertyValue);","// removed call to setProperty()","org/apache/commons/beanutils/BeanPropertyValueChangeClosure.java"
"bean_3970",170,"if (ignoreNull) {","if (false) {","org/apache/commons/beanutils/BeanPropertyValueChangeClosure.java"
"bean_3971",170,"if (ignoreNull) {","if (true) {","org/apache/commons/beanutils/BeanPropertyValueChangeClosure.java"
"bean_3972",174,"if (!BeanUtils.initCause(iae, e)) {","if (false) {","org/apache/commons/beanutils/BeanPropertyValueChangeClosure.java"
"bean_3973",174,"if (!BeanUtils.initCause(iae, e)) {","if (true) {","org/apache/commons/beanutils/BeanPropertyValueChangeClosure.java"
"bean_3974",182,"if (!BeanUtils.initCause(iae, e)) {","if (false) {","org/apache/commons/beanutils/BeanPropertyValueChangeClosure.java"
"bean_3975",182,"if (!BeanUtils.initCause(iae, e)) {","if (true) {","org/apache/commons/beanutils/BeanPropertyValueChangeClosure.java"
"bean_3976",189,"if (!BeanUtils.initCause(iae, e)) {","if (false) {","org/apache/commons/beanutils/BeanPropertyValueChangeClosure.java"
"bean_3977",189,"if (!BeanUtils.initCause(iae, e)) {","if (true) {","org/apache/commons/beanutils/BeanPropertyValueChangeClosure.java"
"bean_3978",196,"if (!BeanUtils.initCause(iae, e)) {","if (false) {","org/apache/commons/beanutils/BeanPropertyValueChangeClosure.java"
"bean_3979",196,"if (!BeanUtils.initCause(iae, e)) {","if (true) {","org/apache/commons/beanutils/BeanPropertyValueChangeClosure.java"
"bean_3980",209,"return propertyName;","return """";","org/apache/commons/beanutils/BeanPropertyValueChangeClosure.java"
"bean_3981",220,"return propertyValue;","return null;","org/apache/commons/beanutils/BeanPropertyValueChangeClosure.java"
"bean_3982",237,"return ignoreNull;","return false;","org/apache/commons/beanutils/BeanPropertyValueChangeClosure.java"
"bean_3983",237,"return ignoreNull;","return true;","org/apache/commons/beanutils/BeanPropertyValueChangeClosure.java"
"bean_3984",123,"if ((propertyName != null) && (propertyName.length() > 0)) {","if ((false) && (propertyName.length() > 0)) {","org/apache/commons/beanutils/BeanToPropertyValueTransformer.java"
"bean_3985",123,"if ((propertyName != null) && (propertyName.length() > 0)) {","if ((true) && (propertyName.length() > 0)) {","org/apache/commons/beanutils/BeanToPropertyValueTransformer.java"
"bean_3986",123,"if ((propertyName != null) && (propertyName.length() > 0)) {","if ((propertyName != null) && (propertyName.length() >= 0)) {","org/apache/commons/beanutils/BeanToPropertyValueTransformer.java"
"bean_3987",123,"if ((propertyName != null) && (propertyName.length() > 0)) {","if ((propertyName != null) && (false)) {","org/apache/commons/beanutils/BeanToPropertyValueTransformer.java"
"bean_3988",123,"if ((propertyName != null) && (propertyName.length() > 0)) {","if ((propertyName != null) && (true)) {","org/apache/commons/beanutils/BeanToPropertyValueTransformer.java"
"bean_3989",199,"return propertyName;","return """";","org/apache/commons/beanutils/BeanToPropertyValueTransformer.java"
"bean_3990",216,"return ignoreNull;","return false;","org/apache/commons/beanutils/BeanToPropertyValueTransformer.java"
"bean_3991",216,"return ignoreNull;","return true;","org/apache/commons/beanutils/BeanToPropertyValueTransformer.java"
"bean_3992",157,"if (ignoreNull) {","if (false) {","org/apache/commons/beanutils/BeanToPropertyValueTransformer.java"
"bean_3993",157,"if (ignoreNull) {","if (true) {","org/apache/commons/beanutils/BeanToPropertyValueTransformer.java"
"bean_3994",161,"if (!BeanUtils.initCause(iae, e)) {","if (false) {","org/apache/commons/beanutils/BeanToPropertyValueTransformer.java"
"bean_3995",161,"if (!BeanUtils.initCause(iae, e)) {","if (true) {","org/apache/commons/beanutils/BeanToPropertyValueTransformer.java"
"bean_3996",169,"if (!BeanUtils.initCause(iae, e)) {","if (false) {","org/apache/commons/beanutils/BeanToPropertyValueTransformer.java"
"bean_3997",169,"if (!BeanUtils.initCause(iae, e)) {","if (true) {","org/apache/commons/beanutils/BeanToPropertyValueTransformer.java"
"bean_3998",176,"if (!BeanUtils.initCause(iae, e)) {","if (false) {","org/apache/commons/beanutils/BeanToPropertyValueTransformer.java"
"bean_3999",176,"if (!BeanUtils.initCause(iae, e)) {","if (true) {","org/apache/commons/beanutils/BeanToPropertyValueTransformer.java"
"bean_4000",184,"if (!BeanUtils.initCause(iae, e)) {","if (false) {","org/apache/commons/beanutils/BeanToPropertyValueTransformer.java"
"bean_4001",184,"if (!BeanUtils.initCause(iae, e)) {","if (true) {","org/apache/commons/beanutils/BeanToPropertyValueTransformer.java"
"bean_4002",190,"return propertyValue;","return null;","org/apache/commons/beanutils/BeanToPropertyValueTransformer.java"
"bean_4003",240,"if (resultSet == null) {","if (false) {","org/apache/commons/beanutils/RowSetDynaClass.java"
"bean_4004",240,"if (resultSet == null) {","if (true) {","org/apache/commons/beanutils/RowSetDynaClass.java"
"bean_4005",245,"setUseColumnLabel(useColumnLabel);","// removed call to setUseColumnLabel()","org/apache/commons/beanutils/RowSetDynaClass.java"
"bean_4006",246,"introspect(resultSet);","// removed call to introspect()","org/apache/commons/beanutils/RowSetDynaClass.java"
"bean_4007",247,"copy(resultSet);","// removed call to copy()","org/apache/commons/beanutils/RowSetDynaClass.java"
"bean_4008",288,"while (resultSet.next() && (limit < 0  || cnt++ < limit) ) {","while (false) {","org/apache/commons/beanutils/RowSetDynaClass.java"
"bean_4009",288,"while (resultSet.next() && (limit < 0  || cnt++ < limit) ) {","while (true) {","org/apache/commons/beanutils/RowSetDynaClass.java"
"bean_4010",288,"while (resultSet.next() && (limit < 0  || cnt++ < limit) ) {","while (resultSet.next() && (limit <= 0  || cnt++ < limit) ) {","org/apache/commons/beanutils/RowSetDynaClass.java"
"bean_4011",288,"while (resultSet.next() && (limit < 0  || cnt++ < limit) ) {","while (resultSet.next() && (false  || cnt++ < limit) ) {","org/apache/commons/beanutils/RowSetDynaClass.java"
"bean_4012",288,"while (resultSet.next() && (limit < 0  || cnt++ < limit) ) {","while (resultSet.next() && (true  || cnt++ < limit) ) {","org/apache/commons/beanutils/RowSetDynaClass.java"
"bean_4013",288,"while (resultSet.next() && (limit < 0  || cnt++ < limit) ) {","while (resultSet.next() && (limit < 0  || cnt-- < limit) ) {","org/apache/commons/beanutils/RowSetDynaClass.java"
"bean_4014",288,"while (resultSet.next() && (limit < 0  || cnt++ < limit) ) {","while (resultSet.next() && (limit < 0  || cnt++ <= limit) ) {","org/apache/commons/beanutils/RowSetDynaClass.java"
"bean_4015",288,"while (resultSet.next() && (limit < 0  || cnt++ < limit) ) {","while (resultSet.next() && (limit < 0  || false) ) {","org/apache/commons/beanutils/RowSetDynaClass.java"
"bean_4016",288,"while (resultSet.next() && (limit < 0  || cnt++ < limit) ) {","while (resultSet.next() && (limit < 0  || true) ) {","org/apache/commons/beanutils/RowSetDynaClass.java"
"bean_4017",293,"bean.set(name, value);","// removed call to set()","org/apache/commons/beanutils/RowSetDynaClass.java"
"bean_4018",309,"return (new BasicDynaBean(this));","return null;","org/apache/commons/beanutils/RowSetDynaClass.java"
"bean_4019",266,"return (this.rows);","return Collections.emptyList();","org/apache/commons/beanutils/RowSetDynaClass.java"
"bean_4020",99,"if (writePrefix == null) {","if (false) {","org/apache/commons/beanutils/FluentPropertyBeanIntrospector.java"
"bean_4021",99,"if (writePrefix == null) {","if (true) {","org/apache/commons/beanutils/FluentPropertyBeanIntrospector.java"
"bean_4022",178,"return new PropertyDescriptor(propertyName(m), null, m);","return null;","org/apache/commons/beanutils/FluentPropertyBeanIntrospector.java"
"bean_4023",121,"return writeMethodPrefix;","return """";","org/apache/commons/beanutils/FluentPropertyBeanIntrospector.java"
"bean_4024",135,"if (m.getName().startsWith(getWriteMethodPrefix())) {","if (false) {","org/apache/commons/beanutils/FluentPropertyBeanIntrospector.java"
"bean_4025",135,"if (m.getName().startsWith(getWriteMethodPrefix())) {","if (true) {","org/apache/commons/beanutils/FluentPropertyBeanIntrospector.java"
"bean_4026",140,"if (pd == null) {","if (false) {","org/apache/commons/beanutils/FluentPropertyBeanIntrospector.java"
"bean_4027",140,"if (pd == null) {","if (true) {","org/apache/commons/beanutils/FluentPropertyBeanIntrospector.java"
"bean_4028",141,"icontext.addPropertyDescriptor(createFluentPropertyDescritor(","icontext.addPropertyDescriptor(createFluentPropertyDescritor(  // removed call to addPropertyDescriptor()","org/apache/commons/beanutils/FluentPropertyBeanIntrospector.java"
"bean_4029",143,"} else if (pd.getWriteMethod() == null) {","} else if (false) {","org/apache/commons/beanutils/FluentPropertyBeanIntrospector.java"
"bean_4030",143,"} else if (pd.getWriteMethod() == null) {","} else if (true) {","org/apache/commons/beanutils/FluentPropertyBeanIntrospector.java"
"bean_4031",144,"pd.setWriteMethod(m);","// removed call to setWriteMethod()","org/apache/commons/beanutils/FluentPropertyBeanIntrospector.java"
"bean_4032",164,"return (methodName.length() > 1) ? Introspector.decapitalize(methodName) : methodName","return (methodName.length() >= 1) ? Introspector.decapitalize(methodName) : methodName","org/apache/commons/beanutils/FluentPropertyBeanIntrospector.java"
"bean_4033",164,"return (methodName.length() > 1) ? Introspector.decapitalize(methodName) : methodName","return (false) ? Introspector.decapitalize(methodName) : methodName","org/apache/commons/beanutils/FluentPropertyBeanIntrospector.java"
"bean_4034",164,"return (methodName.length() > 1) ? Introspector.decapitalize(methodName) : methodName","return (true) ? Introspector.decapitalize(methodName) : methodName","org/apache/commons/beanutils/FluentPropertyBeanIntrospector.java"
"bean_4035",164,"return (methodName.length() > 1) ? Introspector.decapitalize(methodName) : methodName","return """";","org/apache/commons/beanutils/FluentPropertyBeanIntrospector.java"
"bean_4036",92,"if (name.equals(pd.getName())) {","if (false) {","org/apache/commons/beanutils/BeanIntrospectionData.java"
"bean_4037",92,"if (name.equals(pd.getName())) {","if (true) {","org/apache/commons/beanutils/BeanIntrospectionData.java"
"bean_4038",93,"return pd;","return null;","org/apache/commons/beanutils/BeanIntrospectionData.java"
"bean_4039",80,"return descriptors;","return null;","org/apache/commons/beanutils/BeanIntrospectionData.java"
"bean_4040",114,"if (method == null) {","if (false) {","org/apache/commons/beanutils/BeanIntrospectionData.java"
"bean_4041",114,"if (method == null) {","if (true) {","org/apache/commons/beanutils/BeanIntrospectionData.java"
"bean_4042",116,"if (methodName != null) {","if (false) {","org/apache/commons/beanutils/BeanIntrospectionData.java"
"bean_4043",116,"if (methodName != null) {","if (true) {","org/apache/commons/beanutils/BeanIntrospectionData.java"
"bean_4044",119,"if (method != null) {","if (false) {","org/apache/commons/beanutils/BeanIntrospectionData.java"
"bean_4045",119,"if (method != null) {","if (true) {","org/apache/commons/beanutils/BeanIntrospectionData.java"
"bean_4046",121,"desc.setWriteMethod(method);","// removed call to setWriteMethod()","org/apache/commons/beanutils/BeanIntrospectionData.java"
"bean_4047",129,"return method;","return null;","org/apache/commons/beanutils/BeanIntrospectionData.java"
"bean_4048",145,"if (method != null) {","if (false) {","org/apache/commons/beanutils/BeanIntrospectionData.java"
"bean_4049",145,"if (method != null) {","if (true) {","org/apache/commons/beanutils/BeanIntrospectionData.java"
"bean_4050",149,"return methods;","return Collections.emptyMap();","org/apache/commons/beanutils/BeanIntrospectionData.java"
"bean_4051",149,"if (contextClassLoader != null) {","if (false) {","org/apache/commons/beanutils/ContextClassLoaderLocal.java"
"bean_4052",149,"if (contextClassLoader != null) {","if (true) {","org/apache/commons/beanutils/ContextClassLoaderLocal.java"
"bean_4053",152,"if ((value == null)","if ((false)","org/apache/commons/beanutils/ContextClassLoaderLocal.java"
"bean_4054",152,"if ((value == null)","if ((true)","org/apache/commons/beanutils/ContextClassLoaderLocal.java"
"bean_4055",153,"&& !valueByClassLoader.containsKey(contextClassLoader)) {","&& !false) {","org/apache/commons/beanutils/ContextClassLoaderLocal.java"
"bean_4056",153,"&& !valueByClassLoader.containsKey(contextClassLoader)) {","&& !true) {","org/apache/commons/beanutils/ContextClassLoaderLocal.java"
"bean_4057",157,"return value;","return null;","org/apache/commons/beanutils/ContextClassLoaderLocal.java"
"bean_4058",164,"if (!globalValueInitialized) {","if (false) {","org/apache/commons/beanutils/ContextClassLoaderLocal.java"
"bean_4059",164,"if (!globalValueInitialized) {","if (true) {","org/apache/commons/beanutils/ContextClassLoaderLocal.java"
"bean_4060",168,"return globalValue;","return null;","org/apache/commons/beanutils/ContextClassLoaderLocal.java"
"bean_4061",186,"if (contextClassLoader != null) {","if (false) {","org/apache/commons/beanutils/ContextClassLoaderLocal.java"
"bean_4062",186,"if (contextClassLoader != null) {","if (true) {","org/apache/commons/beanutils/ContextClassLoaderLocal.java"
"bean_4063",205,"unset(contextClassLoader);","// removed call to unset()","org/apache/commons/beanutils/ContextClassLoaderLocal.java"
"bean_4064",221,"final double posDouble = (doubleValue >= 0) ? doubleValue : (doubleValue * -1);","final double posDouble = (doubleValue > 0) ? doubleValue : (doubleValue * -1);","org/apache/commons/beanutils/locale/converters/FloatLocaleConverter.java"
"bean_4065",221,"final double posDouble = (doubleValue >= 0) ? doubleValue : (doubleValue * -1);","final double posDouble = (false) ? doubleValue : (doubleValue * -1);","org/apache/commons/beanutils/locale/converters/FloatLocaleConverter.java"
"bean_4066",221,"final double posDouble = (doubleValue >= 0) ? doubleValue : (doubleValue * -1);","final double posDouble = (true) ? doubleValue : (doubleValue * -1);","org/apache/commons/beanutils/locale/converters/FloatLocaleConverter.java"
"bean_4067",222,"if (posDouble != 0 && (posDouble < Float.MIN_VALUE || posDouble > Float.MAX_VALUE)) {","if (false && (posDouble < Float.MIN_VALUE || posDouble > Float.MAX_VALUE)) {","org/apache/commons/beanutils/locale/converters/FloatLocaleConverter.java"
"bean_4068",222,"if (posDouble != 0 && (posDouble < Float.MIN_VALUE || posDouble > Float.MAX_VALUE)) {","if (true && (posDouble < Float.MIN_VALUE || posDouble > Float.MAX_VALUE)) {","org/apache/commons/beanutils/locale/converters/FloatLocaleConverter.java"
"bean_4069",222,"if (posDouble != 0 && (posDouble < Float.MIN_VALUE || posDouble > Float.MAX_VALUE)) {","if (posDouble != 0 && (posDouble <= Float.MIN_VALUE || posDouble > Float.MAX_VALUE)) {","org/apache/commons/beanutils/locale/converters/FloatLocaleConverter.java"
"bean_4070",222,"if (posDouble != 0 && (posDouble < Float.MIN_VALUE || posDouble > Float.MAX_VALUE)) {","if (posDouble != 0 && (false || posDouble > Float.MAX_VALUE)) {","org/apache/commons/beanutils/locale/converters/FloatLocaleConverter.java"
"bean_4071",222,"if (posDouble != 0 && (posDouble < Float.MIN_VALUE || posDouble > Float.MAX_VALUE)) {","if (posDouble != 0 && (true || posDouble > Float.MAX_VALUE)) {","org/apache/commons/beanutils/locale/converters/FloatLocaleConverter.java"
"bean_4072",222,"if (posDouble != 0 && (posDouble < Float.MIN_VALUE || posDouble > Float.MAX_VALUE)) {","if (posDouble != 0 && (posDouble < Float.MIN_VALUE || posDouble >= Float.MAX_VALUE)) {","org/apache/commons/beanutils/locale/converters/FloatLocaleConverter.java"
"bean_4073",222,"if (posDouble != 0 && (posDouble < Float.MIN_VALUE || posDouble > Float.MAX_VALUE)) {","if (posDouble != 0 && (posDouble < Float.MIN_VALUE || false)) {","org/apache/commons/beanutils/locale/converters/FloatLocaleConverter.java"
"bean_4074",222,"if (posDouble != 0 && (posDouble < Float.MIN_VALUE || posDouble > Float.MAX_VALUE)) {","if (posDouble != 0 && (posDouble < Float.MIN_VALUE || true)) {","org/apache/commons/beanutils/locale/converters/FloatLocaleConverter.java"
"bean_4075",225,"return new Float(parsed.floatValue()); // unlike superclass it returns Float type","return null; // unlike superclass it returns Float type","org/apache/commons/beanutils/locale/converters/FloatLocaleConverter.java"
"bean_4076",65,"if (desc == null) {","if (false) {","org/apache/commons/beanutils/DefaultIntrospectionContext.java"
"bean_4077",65,"if (desc == null) {","if (true) {","org/apache/commons/beanutils/DefaultIntrospectionContext.java"
"bean_4078",73,"if (descs == null) {","if (false) {","org/apache/commons/beanutils/DefaultIntrospectionContext.java"
"bean_4079",73,"if (descs == null) {","if (true) {","org/apache/commons/beanutils/DefaultIntrospectionContext.java"
"bean_4080",79,"addPropertyDescriptor(desc);","// removed call to addPropertyDescriptor()","org/apache/commons/beanutils/DefaultIntrospectionContext.java"
"bean_4081",88,"return descriptors.get(name);","return null;","org/apache/commons/beanutils/DefaultIntrospectionContext.java"
"bean_4082",106,"return descriptors.values().toArray(EMPTY_DESCRIPTORS);","return null;","org/apache/commons/beanutils/DefaultIntrospectionContext.java"
"bean_4083",61,"return currentClass;","return null;","org/apache/commons/beanutils/DefaultIntrospectionContext.java"
"bean_4084",84,"return descriptors.containsKey(name);","return false;","org/apache/commons/beanutils/DefaultIntrospectionContext.java"
"bean_4085",84,"return descriptors.containsKey(name);","return true;","org/apache/commons/beanutils/DefaultIntrospectionContext.java"
"bean_4086",96,"return descriptors.keySet();","return Collections.emptySet();","org/apache/commons/beanutils/DefaultIntrospectionContext.java"
"bean_4087",75,"return (value instanceof Class) ? ((Class<?>)value).getName() : value.toString();","return (false) ? ((Class<?>)value).getName() : value.toString();","org/apache/commons/beanutils/converters/ClassConverter.java"
"bean_4088",75,"return (value instanceof Class) ? ((Class<?>)value).getName() : value.toString();","return (true) ? ((Class<?>)value).getName() : value.toString();","org/apache/commons/beanutils/converters/ClassConverter.java"
"bean_4089",75,"return (value instanceof Class) ? ((Class<?>)value).getName() : value.toString();","return """";","org/apache/commons/beanutils/converters/ClassConverter.java"
"bean_4090",90,"if (Class.class.equals(type)) {","if (false) {","org/apache/commons/beanutils/converters/ClassConverter.java"
"bean_4091",90,"if (Class.class.equals(type)) {","if (true) {","org/apache/commons/beanutils/converters/ClassConverter.java"
"bean_4092",93,"if (classLoader != null) {","if (false) {","org/apache/commons/beanutils/converters/ClassConverter.java"
"bean_4093",93,"if (classLoader != null) {","if (true) {","org/apache/commons/beanutils/converters/ClassConverter.java"
"bean_4094",95,"return type.cast(classLoader.loadClass(value.toString()));","return null;","org/apache/commons/beanutils/converters/ClassConverter.java"
"bean_4095",104,"return type.cast(classLoader.loadClass(value.toString()));","return null;","org/apache/commons/beanutils/converters/ClassConverter.java"
"bean_4096",63,"return Class.class;","return null;","org/apache/commons/beanutils/converters/ClassConverter.java"
"bean_4097",231,"if (value instanceof Number) {","if (false) {","org/apache/commons/beanutils/locale/converters/DecimalLocaleConverter.java"
"bean_4098",231,"if (value instanceof Number) {","if (true) {","org/apache/commons/beanutils/locale/converters/DecimalLocaleConverter.java"
"bean_4099",232,"return value;","return null;","org/apache/commons/beanutils/locale/converters/DecimalLocaleConverter.java"
"bean_4100",243,"if (pattern != null) {","if (false) {","org/apache/commons/beanutils/locale/converters/DecimalLocaleConverter.java"
"bean_4101",243,"if (pattern != null) {","if (true) {","org/apache/commons/beanutils/locale/converters/DecimalLocaleConverter.java"
"bean_4102",244,"if (locPattern) {","if (false) {","org/apache/commons/beanutils/locale/converters/DecimalLocaleConverter.java"
"bean_4103",244,"if (locPattern) {","if (true) {","org/apache/commons/beanutils/locale/converters/DecimalLocaleConverter.java"
"bean_4104",245,"formatter.applyLocalizedPattern(pattern);","// removed call to applyLocalizedPattern()","org/apache/commons/beanutils/locale/converters/DecimalLocaleConverter.java"
"bean_4105",247,"formatter.applyPattern(pattern);","// removed call to applyPattern()","org/apache/commons/beanutils/locale/converters/DecimalLocaleConverter.java"
"bean_4106",253,"return formatter.parse((String) value);","return null;","org/apache/commons/beanutils/locale/converters/DecimalLocaleConverter.java"
"bean_4107",221,"if (result == null || result instanceof BigInteger) {","if (false || result instanceof BigInteger) {","org/apache/commons/beanutils/locale/converters/BigIntegerLocaleConverter.java"
"bean_4108",221,"if (result == null || result instanceof BigInteger) {","if (true || result instanceof BigInteger) {","org/apache/commons/beanutils/locale/converters/BigIntegerLocaleConverter.java"
"bean_4109",221,"if (result == null || result instanceof BigInteger) {","if (result == null || false) {","org/apache/commons/beanutils/locale/converters/BigIntegerLocaleConverter.java"
"bean_4110",221,"if (result == null || result instanceof BigInteger) {","if (result == null || true) {","org/apache/commons/beanutils/locale/converters/BigIntegerLocaleConverter.java"
"bean_4111",222,"return result;","return null;","org/apache/commons/beanutils/locale/converters/BigIntegerLocaleConverter.java"
"bean_4112",225,"if (result instanceof Number) {","if (false) {","org/apache/commons/beanutils/locale/converters/BigIntegerLocaleConverter.java"
"bean_4113",225,"if (result instanceof Number) {","if (true) {","org/apache/commons/beanutils/locale/converters/BigIntegerLocaleConverter.java"
"bean_4114",226,"return BigInteger.valueOf(((Number)result).longValue());","return null;","org/apache/commons/beanutils/locale/converters/BigIntegerLocaleConverter.java"
"bean_4115",230,"return new BigInteger(result.toString());","return null;","org/apache/commons/beanutils/locale/converters/BigIntegerLocaleConverter.java"
"bean_4116",73,"return strValue.length() == 0 ? """" : strValue.substring(0, 1);","return false ? """" : strValue.substring(0, 1);","org/apache/commons/beanutils/converters/CharacterConverter.java"
"bean_4117",73,"return strValue.length() == 0 ? """" : strValue.substring(0, 1);","return true ? """" : strValue.substring(0, 1);","org/apache/commons/beanutils/converters/CharacterConverter.java"
"bean_4118",73,"return strValue.length() == 0 ? """" : strValue.substring(0, 1);","return """";","org/apache/commons/beanutils/converters/CharacterConverter.java"
"bean_4119",88,"if (Character.class.equals(type) || Character.TYPE.equals(type)) {","if (false || Character.TYPE.equals(type)) {","org/apache/commons/beanutils/converters/CharacterConverter.java"
"bean_4120",88,"if (Character.class.equals(type) || Character.TYPE.equals(type)) {","if (true || Character.TYPE.equals(type)) {","org/apache/commons/beanutils/converters/CharacterConverter.java"
"bean_4121",88,"if (Character.class.equals(type) || Character.TYPE.equals(type)) {","if (Character.class.equals(type) || false) {","org/apache/commons/beanutils/converters/CharacterConverter.java"
"bean_4122",88,"if (Character.class.equals(type) || Character.TYPE.equals(type)) {","if (Character.class.equals(type) || true) {","org/apache/commons/beanutils/converters/CharacterConverter.java"
"bean_4123",89,"return type.cast(new Character(value.toString().charAt(0)));","return null;","org/apache/commons/beanutils/converters/CharacterConverter.java"
"bean_4124",60,"return Character.class;","return null;","org/apache/commons/beanutils/converters/CharacterConverter.java"
"bean_4125",220,"if (result == null || result instanceof Short) {","if (false || result instanceof Short) {","org/apache/commons/beanutils/locale/converters/ShortLocaleConverter.java"
"bean_4126",220,"if (result == null || result instanceof Short) {","if (true || result instanceof Short) {","org/apache/commons/beanutils/locale/converters/ShortLocaleConverter.java"
"bean_4127",220,"if (result == null || result instanceof Short) {","if (result == null || false) {","org/apache/commons/beanutils/locale/converters/ShortLocaleConverter.java"
"bean_4128",220,"if (result == null || result instanceof Short) {","if (result == null || true) {","org/apache/commons/beanutils/locale/converters/ShortLocaleConverter.java"
"bean_4129",221,"return result;","return null;","org/apache/commons/beanutils/locale/converters/ShortLocaleConverter.java"
"bean_4130",225,"if (parsed.longValue() != parsed.shortValue()) {","if (false) {","org/apache/commons/beanutils/locale/converters/ShortLocaleConverter.java"
"bean_4131",225,"if (parsed.longValue() != parsed.shortValue()) {","if (true) {","org/apache/commons/beanutils/locale/converters/ShortLocaleConverter.java"
"bean_4132",230,"return new Short(parsed.shortValue());","return null;","org/apache/commons/beanutils/locale/converters/ShortLocaleConverter.java"
"bean_4133",163,"if (resultSet == null) {","if (false) {","org/apache/commons/beanutils/ResultSetDynaClass.java"
"bean_4134",163,"if (resultSet == null) {","if (true) {","org/apache/commons/beanutils/ResultSetDynaClass.java"
"bean_4135",168,"setUseColumnLabel(useColumnLabel);","// removed call to setUseColumnLabel()","org/apache/commons/beanutils/ResultSetDynaClass.java"
"bean_4136",169,"introspect(resultSet);","// removed call to introspect()","org/apache/commons/beanutils/ResultSetDynaClass.java"
"bean_4137",210,"return getObject(getResultSet(), name);","return null;","org/apache/commons/beanutils/ResultSetDynaClass.java"
"bean_4138",221,"return (this.resultSet);","return null;","org/apache/commons/beanutils/ResultSetDynaClass.java"
"bean_4139",195,"return (new ResultSetIterator(this));","return null;","org/apache/commons/beanutils/ResultSetDynaClass.java"
"bean_4140",242,"return getClass().getClassLoader().loadClass(className);","return null;","org/apache/commons/beanutils/ResultSetDynaClass.java"
"bean_4141",69,"return Time.class;","return null;","org/apache/commons/beanutils/converters/SqlTimeConverter.java"
"bean_4142",83,"if (locale == null) {","if (false) {","org/apache/commons/beanutils/converters/SqlTimeConverter.java"
"bean_4143",83,"if (locale == null) {","if (true) {","org/apache/commons/beanutils/converters/SqlTimeConverter.java"
"bean_4144",88,"if (timeZone != null) {","if (false) {","org/apache/commons/beanutils/converters/SqlTimeConverter.java"
"bean_4145",88,"if (timeZone != null) {","if (true) {","org/apache/commons/beanutils/converters/SqlTimeConverter.java"
"bean_4146",89,"format.setTimeZone(timeZone);","// removed call to setTimeZone()","org/apache/commons/beanutils/converters/SqlTimeConverter.java"
"bean_4147",91,"return format;","return null;","org/apache/commons/beanutils/converters/SqlTimeConverter.java"
"bean_4148",69,"return Timestamp.class;","return null;","org/apache/commons/beanutils/converters/SqlTimestampConverter.java"
"bean_4149",83,"if (locale == null) {","if (false) {","org/apache/commons/beanutils/converters/SqlTimestampConverter.java"
"bean_4150",83,"if (locale == null) {","if (true) {","org/apache/commons/beanutils/converters/SqlTimestampConverter.java"
"bean_4151",88,"if (timeZone != null) {","if (false) {","org/apache/commons/beanutils/converters/SqlTimestampConverter.java"
"bean_4152",88,"if (timeZone != null) {","if (true) {","org/apache/commons/beanutils/converters/SqlTimestampConverter.java"
"bean_4153",89,"format.setTimeZone(timeZone);","// removed call to setTimeZone()","org/apache/commons/beanutils/converters/SqlTimestampConverter.java"
"bean_4154",91,"return format;","return null;","org/apache/commons/beanutils/converters/SqlTimestampConverter.java"
"bean_4155",220,"if (result == null || result instanceof BigDecimal) {","if (false || result instanceof BigDecimal) {","org/apache/commons/beanutils/locale/converters/BigDecimalLocaleConverter.java"
"bean_4156",220,"if (result == null || result instanceof BigDecimal) {","if (true || result instanceof BigDecimal) {","org/apache/commons/beanutils/locale/converters/BigDecimalLocaleConverter.java"
"bean_4157",220,"if (result == null || result instanceof BigDecimal) {","if (result == null || false) {","org/apache/commons/beanutils/locale/converters/BigDecimalLocaleConverter.java"
"bean_4158",220,"if (result == null || result instanceof BigDecimal) {","if (result == null || true) {","org/apache/commons/beanutils/locale/converters/BigDecimalLocaleConverter.java"
"bean_4159",221,"return result;","return null;","org/apache/commons/beanutils/locale/converters/BigDecimalLocaleConverter.java"
"bean_4160",225,"return new BigDecimal(result.toString());","return null;","org/apache/commons/beanutils/locale/converters/BigDecimalLocaleConverter.java"
"bean_4161",93,"if (String.class.equals(type) || Object.class.equals(type)) {","if (false || Object.class.equals(type)) {","org/apache/commons/beanutils/converters/StringConverter.java"
"bean_4162",93,"if (String.class.equals(type) || Object.class.equals(type)) {","if (true || Object.class.equals(type)) {","org/apache/commons/beanutils/converters/StringConverter.java"
"bean_4163",93,"if (String.class.equals(type) || Object.class.equals(type)) {","if (String.class.equals(type) || false) {","org/apache/commons/beanutils/converters/StringConverter.java"
"bean_4164",93,"if (String.class.equals(type) || Object.class.equals(type)) {","if (String.class.equals(type) || true) {","org/apache/commons/beanutils/converters/StringConverter.java"
"bean_4165",94,"return type.cast(value.toString());","return null;","org/apache/commons/beanutils/converters/StringConverter.java"
"bean_4166",75,"return String.class;","return null;","org/apache/commons/beanutils/converters/StringConverter.java"
"bean_4167",220,"if (result == null || result instanceof Long) {","if (false || result instanceof Long) {","org/apache/commons/beanutils/locale/converters/LongLocaleConverter.java"
"bean_4168",220,"if (result == null || result instanceof Long) {","if (true || result instanceof Long) {","org/apache/commons/beanutils/locale/converters/LongLocaleConverter.java"
"bean_4169",220,"if (result == null || result instanceof Long) {","if (result == null || false) {","org/apache/commons/beanutils/locale/converters/LongLocaleConverter.java"
"bean_4170",220,"if (result == null || result instanceof Long) {","if (result == null || true) {","org/apache/commons/beanutils/locale/converters/LongLocaleConverter.java"
"bean_4171",221,"return result;","return null;","org/apache/commons/beanutils/locale/converters/LongLocaleConverter.java"
"bean_4172",224,"return new Long(((Number)result).longValue());","return null;","org/apache/commons/beanutils/locale/converters/LongLocaleConverter.java"
"bean_4173",76,"if (File.class.equals(type)) {","if (false) {","org/apache/commons/beanutils/converters/FileConverter.java"
"bean_4174",76,"if (File.class.equals(type)) {","if (true) {","org/apache/commons/beanutils/converters/FileConverter.java"
"bean_4175",77,"return type.cast(new File(value.toString()));","return null;","org/apache/commons/beanutils/converters/FileConverter.java"
"bean_4176",61,"return File.class;","return null;","org/apache/commons/beanutils/converters/FileConverter.java"
"bean_4177",76,"if (URL.class.equals(type)) {","if (false) {","org/apache/commons/beanutils/converters/URLConverter.java"
"bean_4178",76,"if (URL.class.equals(type)) {","if (true) {","org/apache/commons/beanutils/converters/URLConverter.java"
"bean_4179",77,"return type.cast(new URL(value.toString()));","return null;","org/apache/commons/beanutils/converters/URLConverter.java"
"bean_4180",61,"return URL.class;","return null;","org/apache/commons/beanutils/converters/URLConverter.java"
"bean_4181",44,"if (converter == null) {","if (false) {","org/apache/commons/beanutils/converters/ConverterFacade.java"
"bean_4182",44,"if (converter == null) {","if (true) {","org/apache/commons/beanutils/converters/ConverterFacade.java"
"bean_4183",61,"return converter.convert(type, value);","return null;","org/apache/commons/beanutils/converters/ConverterFacade.java"
"bean_4184",73,"return ""ConverterFacade["" + converter.toString() + ""]"";","return """";","org/apache/commons/beanutils/converters/ConverterFacade.java"
"bean_4185",64,"if (propertiesToSuppress == null) {","if (false) {","org/apache/commons/beanutils/SuppressPropertiesBeanIntrospector.java"
"bean_4186",64,"if (propertiesToSuppress == null) {","if (true) {","org/apache/commons/beanutils/SuppressPropertiesBeanIntrospector.java"
"bean_4187",79,"return propertyNames;","return Collections.emptySet();","org/apache/commons/beanutils/SuppressPropertiesBeanIntrospector.java"
"bean_4188",88,"icontext.removePropertyDescriptor(property);","// removed call to removePropertyDescriptor()","org/apache/commons/beanutils/SuppressPropertiesBeanIntrospector.java"
"bean_4189",88,"return evaluation;","return false;","org/apache/commons/beanutils/BeanPredicate.java"
"bean_4190",88,"return evaluation;","return true;","org/apache/commons/beanutils/BeanPredicate.java"
"bean_4191",115,"return predicate;","return null;","org/apache/commons/beanutils/BeanPredicate.java"
"bean_4192",97,"return propertyName;","return """";","org/apache/commons/beanutils/BeanPredicate.java"
"bean_4193",218,"if (result instanceof Long) {","if (false) {","org/apache/commons/beanutils/locale/converters/DoubleLocaleConverter.java"
"bean_4194",218,"if (result instanceof Long) {","if (true) {","org/apache/commons/beanutils/locale/converters/DoubleLocaleConverter.java"
"bean_4195",219,"return new Double(result.doubleValue());","return null;","org/apache/commons/beanutils/locale/converters/DoubleLocaleConverter.java"
"bean_4196",221,"return (result);","return null;","org/apache/commons/beanutils/locale/converters/DoubleLocaleConverter.java"
"bean_4197",220,"if (parsed.longValue() != parsed.intValue()) {","if (false) {","org/apache/commons/beanutils/locale/converters/IntegerLocaleConverter.java"
"bean_4198",220,"if (parsed.longValue() != parsed.intValue()) {","if (true) {","org/apache/commons/beanutils/locale/converters/IntegerLocaleConverter.java"
"bean_4199",223,"return new Integer(parsed.intValue()); // unlike superclass it will return proper Integer","return null; // unlike superclass it will return proper Integer","org/apache/commons/beanutils/locale/converters/IntegerLocaleConverter.java"
"bean_4200",45,"return (String)convert(value, String.class);","return """";","org/apache/commons/beanutils/ConvertUtilsBean2.java"
"bean_4201",60,"return convert((Object)value, clazz);","return null;","org/apache/commons/beanutils/ConvertUtilsBean2.java"
"bean_4202",75,"return convert((Object)value, clazz);","return null;","org/apache/commons/beanutils/ConvertUtilsBean2.java"
"bean_4203",219,"if (parsed.longValue() != parsed.byteValue()) {","if (false) {","org/apache/commons/beanutils/locale/converters/ByteLocaleConverter.java"
"bean_4204",219,"if (parsed.longValue() != parsed.byteValue()) {","if (true) {","org/apache/commons/beanutils/locale/converters/ByteLocaleConverter.java"
"bean_4205",223,"return new Byte(parsed.byteValue());","return null;","org/apache/commons/beanutils/locale/converters/ByteLocaleConverter.java"
"bean_4206",218,"return new Timestamp(((java.util.Date) super.parse(value, pattern)).getTime());","return null;","org/apache/commons/beanutils/locale/converters/SqlTimestampLocaleConverter.java"
"bean_4207",66,"return BigDecimal.class;","return null;","org/apache/commons/beanutils/converters/BigDecimalConverter.java"
"bean_4208",219,"return new Time(((java.util.Date) super.parse(value, pattern)).getTime());","return null;","org/apache/commons/beanutils/locale/converters/SqlTimeLocaleConverter.java"
"bean_4209",99,"return propertyName;","return null;","org/apache/commons/beanutils/DynaBeanMapDecorator.java"
"bean_4210",64,"return Integer.class;","return null;","org/apache/commons/beanutils/converters/IntegerConverter.java"
"bean_4211",65,"return Date.class;","return null;","org/apache/commons/beanutils/converters/DateConverter.java"
"bean_4212",74,"return getConvertUtils().convert(value, type);","return null;","org/apache/commons/beanutils/BeanUtilsBean2.java"
"bean_4213",90,"return (this.cause);","return null;","org/apache/commons/beanutils/ConversionException.java"
"bean_4214",64,"return Double.class;","return null;","org/apache/commons/beanutils/converters/DoubleConverter.java"
"bean_4215",64,"return Short.class;","return null;","org/apache/commons/beanutils/converters/ShortConverter.java"
"bean_4216",64,"return Long.class;","return null;","org/apache/commons/beanutils/converters/LongConverter.java"
"bean_4217",67,"BeanUtils.copyProperty(instance, name, value);","// removed call to copyProperty()","org/apache/commons/beanutils/ConvertingWrapDynaBean.java"
"bean_4218",220,"return new Date(((java.util.Date) super.parse(value, pattern)).getTime());","return null;","org/apache/commons/beanutils/locale/converters/SqlDateLocaleConverter.java"
"bean_4219",65,"return Calendar.class;","return null;","org/apache/commons/beanutils/converters/CalendarConverter.java"
"bean_4220",66,"return BigInteger.class;","return null;","org/apache/commons/beanutils/converters/BigIntegerConverter.java"
"bean_4221",66,"return Date.class;","return null;","org/apache/commons/beanutils/converters/SqlDateConverter.java"
"bean_4222",64,"return Byte.class;","return null;","org/apache/commons/beanutils/converters/ByteConverter.java"
"bean_4223",64,"return Float.class;","return null;","org/apache/commons/beanutils/converters/FloatConverter.java"
"bean_4224",91,"return propertyName;","return """";","org/apache/commons/beanutils/DynaBeanPropertyMapDecorator.java"
